mu,omega,alpha1,beta1
-0.0025073837764362714,0.07102470168443899,0.16156466900136301,0.7840249841134509
-0.0010273475928901166,0.07421772117282191,0.16067672248136386,0.7840127796659089
-0.0038633154341054052,0.07465387751457575,0.16138326460477637,0.7818269851691175
-0.0038633154341054052,0.07465387751457575,0.16138326460477637,0.7818269851691175
-0.0038633154341054052,0.07465387751457575,0.16138326460477637,0.7818269851691175
-0.001546957435759574,0.0751182447704154,0.16119748944930407,0.7807310978021935
-0.001546957435759574,0.0751182447704154,0.16119748944930407,0.7807310978021935
-0.000899940321981922,0.07625367103578595,0.16003438684840618,0.7813509869416316
-0.0015170145889435794,0.0765321095409025,0.15969598479428765,0.7822047676778203
-0.0015170145889435794,0.0765321095409025,0.15969598479428765,0.7822047676778203
-0.0032215790660663117,0.07596014014615292,0.16125397193629737,0.7825665948930416
-0.002700846378557892,0.07581273602113248,0.1625998858745496,0.781580736976661
-0.0026278597006314567,0.07547423511855111,0.16306264265502157,0.7816268730066597
-0.0012457378368871319,0.07482399460779506,0.1621160339508699,0.7816443918827585
0.002011022559631089,0.0742384576792567,0.162414142601214,0.7807852185522169
0.002011022559631089,0.0742384576792567,0.162414142601214,0.7807852185522169
0.0007750340302416429,0.07242105969637594,0.16231050302305636,0.7826109671145737
0.0007750340302416429,0.07242105969637594,0.16231050302305636,0.7826109671145737
0.0010307286735127784,0.073266474425308,0.1603169882069472,0.7851579658333431
0.0010307286735127784,0.073266474425308,0.1603169882069472,0.7851579658333431
0.0010307286735127784,0.073266474425308,0.1603169882069472,0.7851579658333431
0.0004996618966317397,0.07394918419456219,0.15782392923897562,0.7845059386108344
-0.00019427871265896134,0.07355006756142815,0.1605070332889798,0.7845872077625403
-0.001532945827396887,0.0731876074263527,0.16122209403654675,0.7857601563586725
-0.0016211028520617427,0.07372060671988942,0.16257604571705755,0.7844632934586693
-0.0028688733034232684,0.07293582579103972,0.1641430844394465,0.7840781678598625
-0.0028688733034232684,0.07293582579103972,0.1641430844394465,0.7840781678598625
-0.0028688733034232684,0.07293582579103972,0.1641430844394465,0.7840781678598625
-0.0028688733034232684,0.07293582579103972,0.1641430844394465,0.7840781678598625
-0.0028688733034232684,0.07293582579103972,0.1641430844394465,0.7840781678598625
-0.0028688733034232684,0.07293582579103972,0.1641430844394465,0.7840781678598625
-0.0028688733034232684,0.07293582579103972,0.1641430844394465,0.7840781678598625
-0.0023358511908223834,0.07153493484328126,0.16271897659435594,0.7853338334281443
-0.0023358511908223834,0.07153493484328126,0.16271897659435594,0.7853338334281443
-0.0023358511908223834,0.07153493484328126,0.16271897659435594,0.7853338334281443
-0.0023358511908223834,0.07153493484328126,0.16271897659435594,0.7853338334281443
-0.0023358511908223834,0.07153493484328126,0.16271897659435594,0.7853338334281443
-0.00023698289202952767,0.07234675539496935,0.16264013100692779,0.7844523068170229
-0.0006034387437743826,0.07126627141832682,0.16416794030533813,0.7836197429210598
-0.0006034387437743826,0.07126627141832682,0.16416794030533813,0.7836197429210598
-0.0006034387437743826,0.07126627141832682,0.16416794030533813,0.7836197429210598
-0.0006034387437743826,0.07126627141832682,0.16416794030533813,0.7836197429210598
-0.0006034387437743826,0.07126627141832682,0.16416794030533813,0.7836197429210598
-0.0006034387437743826,0.07126627141832682,0.16416794030533813,0.7836197429210598
-0.0009135876741149084,0.07149233454163555,0.16279826259837632,0.7845529003235469
-6.545150906310201e-05,0.07126179325493787,0.16151759429142779,0.7864689528842307
-0.0007073143330081698,0.07050741347689422,0.16402346932621886,0.784291867914437
-0.0012007801470189788,0.07118570976754562,0.16251454742805932,0.7852877597393154
-0.0017096944408810863,0.0710384014928957,0.16158920969181415,0.7850510784587067
-0.003380331044960387,0.07154770809618319,0.16204384865779972,0.7857328886878545
-0.003380331044960387,0.07154770809618319,0.16204384865779972,0.7857328886878545
-0.003380331044960387,0.07154770809618319,0.16204384865779972,0.7857328886878545
-0.003380331044960387,0.07154770809618319,0.16204384865779972,0.7857328886878545
-0.003380331044960387,0.07154770809618319,0.16204384865779972,0.7857328886878545
-0.003380331044960387,0.07154770809618319,0.16204384865779972,0.7857328886878545
-0.003380331044960387,0.07154770809618319,0.16204384865779972,0.7857328886878545
-0.002746316507399794,0.07013115877950475,0.16125938057993675,0.7872188727726119
-0.0012292315509603274,0.07104695299500237,0.16125903708411052,0.787556941556075
-0.0009684493576320393,0.07049765815141558,0.16171216267048538,0.7853611342854024
-0.0022378874687446104,0.07068614833965953,0.16161874138902144,0.7865451081270406
-0.0022378874687446104,0.07068614833965953,0.16161874138902144,0.7865451081270406
-0.0022874636259721396,0.07023204260475416,0.161096825161391,0.7872096542605206
-0.0022874636259721396,0.07023204260475416,0.161096825161391,0.7872096542605206
-0.0022874636259721396,0.07023204260475416,0.161096825161391,0.7872096542605206
-0.0022874636259721396,0.07023204260475416,0.161096825161391,0.7872096542605206
-0.0022874636259721396,0.07023204260475416,0.161096825161391,0.7872096542605206
-0.0022874636259721396,0.07023204260475416,0.161096825161391,0.7872096542605206
-0.0015417352516174094,0.07217104713440897,0.16013730282830008,0.7858146937480419
-0.0020234515311485838,0.0711062353495548,0.16259174613562064,0.7847433086121562
-0.0020234515311485838,0.0711062353495548,0.16259174613562064,0.7847433086121562
-0.001008248202992647,0.07129572423379626,0.16238673450762092,0.7844552796836288
-0.001442549314536749,0.07205364288724536,0.16215287918481194,0.7846728164321546
-0.001442549314536749,0.07205364288724536,0.16215287918481194,0.7846728164321546
-0.001442549314536749,0.07205364288724536,0.16215287918481194,0.7846728164321546
-0.001442549314536749,0.07205364288724536,0.16215287918481194,0.7846728164321546
-0.001442549314536749,0.07205364288724536,0.16215287918481194,0.7846728164321546
-0.001442549314536749,0.07205364288724536,0.16215287918481194,0.7846728164321546
-0.001442549314536749,0.07205364288724536,0.16215287918481194,0.7846728164321546
-0.0004729634475706163,0.07142202430570045,0.16076964614941192,0.7857087219084237
-0.0004729634475706163,0.07142202430570045,0.16076964614941192,0.7857087219084237
-0.0004729634475706163,0.07142202430570045,0.16076964614941192,0.7857087219084237
-0.0004729634475706163,0.07142202430570045,0.16076964614941192,0.7857087219084237
-0.0004729634475706163,0.07142202430570045,0.16076964614941192,0.7857087219084237
0.0004802424807222863,0.07097584854013861,0.16214140907470737,0.7858045334831698
-0.0014182957870002475,0.06861394941421636,0.16226425322640164,0.7870411923495096
-0.0009342039696765995,0.06963193598555464,0.16138085305678956,0.7880941652791889
-0.0009342039696765995,0.06963193598555464,0.16138085305678956,0.7880941652791889
-0.0009342039696765995,0.06963193598555464,0.16138085305678956,0.7880941652791889
0.0011630870738625356,0.07078895581721513,0.16123082182439105,0.7871915569621273
0.0011630870738625356,0.07078895581721513,0.16123082182439105,0.7871915569621273
0.0014291538122816576,0.0703997987718652,0.16170024708427827,0.7862859699393376
0.0014291538122816576,0.0703997987718652,0.16170024708427827,0.7862859699393376
0.0005902064939174648,0.06978063197179003,0.16239509732263852,0.7851588827505482
0.0005902064939174648,0.06978063197179003,0.16239509732263852,0.7851588827505482
-0.001041466856735666,0.07124806776904449,0.16059033232126937,0.7850707927891428
-0.001041466856735666,0.07124806776904449,0.16059033232126937,0.7850707927891428
-0.001041466856735666,0.07124806776904449,0.16059033232126937,0.7850707927891428
-0.001041466856735666,0.07124806776904449,0.16059033232126937,0.7850707927891428
0.002080334414169824,0.07249757532455654,0.16114031675292945,0.7835924566897824
0.000824526817756528,0.07263901330395624,0.16116662583434233,0.7833178544526394
0.000824526817756528,0.07263901330395624,0.16116662583434233,0.7833178544526394
0.000824526817756528,0.07263901330395624,0.16116662583434233,0.7833178544526394
0.0010479849956854042,0.0732090715352787,0.16256048932301564,0.7826306876072767
0.0010479849956854042,0.0732090715352787,0.16256048932301564,0.7826306876072767
0.0010479849956854042,0.0732090715352787,0.16256048932301564,0.7826306876072767
-5.771175213270768e-05,0.07369434566309567,0.162654746965212,0.7822052796791007
-5.771175213270768e-05,0.07369434566309567,0.162654746965212,0.7822052796791007
-5.771175213270768e-05,0.07369434566309567,0.162654746965212,0.7822052796791007
-5.771175213270768e-05,0.07369434566309567,0.162654746965212,0.7822052796791007
-0.002842564700529876,0.07444634000964748,0.16174109588396135,0.7835690176116087
-0.002842564700529876,0.07444634000964748,0.16174109588396135,0.7835690176116087
-0.002842564700529876,0.07444634000964748,0.16174109588396135,0.7835690176116087
-0.003370213073181874,0.0732035360060637,0.16132995125181993,0.7835762227974371
-0.003370213073181874,0.0732035360060637,0.16132995125181993,0.7835762227974371
-0.0018112298590209938,0.07420828493267345,0.16267152376001437,0.7825362961506769
-0.003134349314334338,0.07453267949395169,0.16123933986592948,0.7814673443213919
-0.002774187284106556,0.07511073459237971,0.1620403326837215,0.7818939336884619
-0.00195111194901772,0.07514463519577114,0.1627989379857712,0.7825300748220764
-0.001690497715622652,0.07524307238319054,0.16223399521726042,0.7824546017548667
-0.001690497715622652,0.07524307238319054,0.16223399521726042,0.7824546017548667
-0.001690497715622652,0.07524307238319054,0.16223399521726042,0.7824546017548667
-0.0034209351333920513,0.07467932577199164,0.1607504173746452,0.7838520486702223
-0.0034209351333920513,0.07467932577199164,0.1607504173746452,0.7838520486702223
2.0765408393881492e-05,0.07437060164123155,0.1627253708273783,0.7827542951637689
-0.0021869360922775792,0.07453954853699586,0.16369548505271253,0.7799299762383102
-0.0015718571186180588,0.07573457196390583,0.16429252275948367,0.7798766033980707
-0.0015718571186180588,0.07573457196390583,0.16429252275948367,0.7798766033980707
-0.0015718571186180588,0.07573457196390583,0.16429252275948367,0.7798766033980707
-0.0015718571186180588,0.07573457196390583,0.16429252275948367,0.7798766033980707
-0.0007606449739375995,0.07554129923435259,0.16555637869149764,0.779403122186845
-0.0007606449739375995,0.07554129923435259,0.16555637869149764,0.779403122186845
-0.0007606449739375995,0.07554129923435259,0.16555637869149764,0.779403122186845
0.0015040686306166885,0.0760230888645446,0.16447747059035328,0.7784259379452462
0.0015040686306166885,0.0760230888645446,0.16447747059035328,0.7784259379452462
0.000581384466298068,0.07677458645357865,0.16420072106255748,0.779470883427586
0.000581384466298068,0.07677458645357865,0.16420072106255748,0.779470883427586
0.0002409449234919133,0.07690472430565191,0.1639322634869811,0.7778568497518202
0.0002409449234919133,0.07690472430565191,0.1639322634869811,0.7778568497518202
0.0002409449234919133,0.07690472430565191,0.1639322634869811,0.7778568497518202
0.0002409449234919133,0.07690472430565191,0.1639322634869811,0.7778568497518202
0.0002409449234919133,0.07690472430565191,0.1639322634869811,0.7778568497518202
0.0002409449234919133,0.07690472430565191,0.1639322634869811,0.7778568497518202
0.0002409449234919133,0.07690472430565191,0.1639322634869811,0.7778568497518202
0.0002409449234919133,0.07690472430565191,0.1639322634869811,0.7778568497518202
-6.169590170821164e-05,0.07794785885917367,0.16486538720717597,0.7767037517084899
-6.169590170821164e-05,0.07794785885917367,0.16486538720717597,0.7767037517084899
-6.169590170821164e-05,0.07794785885917367,0.16486538720717597,0.7767037517084899
-0.00019943321001462486,0.07660067057919309,0.16436267079509878,0.7780328173277384
-0.00019943321001462486,0.07660067057919309,0.16436267079509878,0.7780328173277384
-0.0015259712654845062,0.07506134679888767,0.16671476030295435,0.7785128827246475
-0.0015259712654845062,0.07506134679888767,0.16671476030295435,0.7785128827246475
-0.0015259712654845062,0.07506134679888767,0.16671476030295435,0.7785128827246475
-0.002120134877911939,0.07615015930753012,0.16436272427711027,0.7781510919096131
-0.002120134877911939,0.07615015930753012,0.16436272427711027,0.7781510919096131
-0.0024427134677850906,0.07963289687046951,0.16623529271501467,0.7733752503314073
-0.0024427134677850906,0.07963289687046951,0.16623529271501467,0.7733752503314073
-0.004299827410499272,0.0803052802343955,0.16636655669575667,0.7728737355704439
-0.004299827410499272,0.0803052802343955,0.16636655669575667,0.7728737355704439
-0.004299827410499272,0.0803052802343955,0.16636655669575667,0.7728737355704439
-0.004299827410499272,0.0803052802343955,0.16636655669575667,0.7728737355704439
-0.004299827410499272,0.0803052802343955,0.16636655669575667,0.7728737355704439
-0.002205150442535853,0.08146413916372092,0.16669146725441286,0.7712953454464435
-0.0020443281023653664,0.08196928637298674,0.1676737422838994,0.7717234014689267
-0.002129644061217824,0.08130887724741026,0.16526232733868199,0.7727557517931295
-0.002633403390704453,0.08096147423117238,0.16468070614411998,0.7721031167288267
-0.002633403390704453,0.08096147423117238,0.16468070614411998,0.7721031167288267
-0.002633403390704453,0.08096147423117238,0.16468070614411998,0.7721031167288267
-0.002633403390704453,0.08096147423117238,0.16468070614411998,0.7721031167288267
-0.003330159538697439,0.08228252055687334,0.16514642586889808,0.7734746613542535
-0.0037325324862571303,0.08230022252220291,0.16352386031901409,0.774235483078783
-0.0037325324862571303,0.08230022252220291,0.16352386031901409,0.774235483078783
-0.0037325324862571303,0.08230022252220291,0.16352386031901409,0.774235483078783
-0.004284112817601846,0.07941737988735001,0.16352490587091054,0.7750510475851512
-0.004284112817601846,0.07941737988735001,0.16352490587091054,0.7750510475851512
-0.004797531918384404,0.08080079618195656,0.16277537068996856,0.775716932345663
-0.004797531918384404,0.08080079618195656,0.16277537068996856,0.775716932345663
-0.004137441730251939,0.08002891341773069,0.16263767231263315,0.7763561448932504
-0.003944435943154369,0.07844072918804033,0.1641605761558203,0.7786204490857814
-0.0037965953569610794,0.0777260017425502,0.16505553067949258,0.7780216233368449
-0.0037965953569610794,0.0777260017425502,0.16505553067949258,0.7780216233368449
-0.0037965953569610794,0.0777260017425502,0.16505553067949258,0.7780216233368449
-0.002392748122311724,0.07685649556064769,0.16510978536111162,0.7786600368404974
-0.002392748122311724,0.07685649556064769,0.16510978536111162,0.7786600368404974
-0.0043252719276684545,0.07575041123188768,0.1662490130922321,0.7794383883051873
-0.004660754812828495,0.07452870249107194,0.1662170361123422,0.7805074994331236
-0.006050812125223908,0.07423791668227801,0.16463405769086048,0.7820259339147481
-0.006050812125223908,0.07423791668227801,0.16463405769086048,0.7820259339147481
-0.006050812125223908,0.07423791668227801,0.16463405769086048,0.7820259339147481
-0.006050812125223908,0.07423791668227801,0.16463405769086048,0.7820259339147481
-0.00621368631229154,0.07282172336135093,0.16170232664635215,0.7834366895909708
-0.00621368631229154,0.07282172336135093,0.16170232664635215,0.7834366895909708
-0.00621368631229154,0.07282172336135093,0.16170232664635215,0.7834366895909708
-0.005135459574615319,0.07186405438283096,0.16206894668985286,0.784038130342038
-0.005135459574615319,0.07186405438283096,0.16206894668985286,0.784038130342038
-0.005512027519570004,0.07118326099578122,0.16160923385060544,0.785660474723802
-0.005512027519570004,0.07118326099578122,0.16160923385060544,0.785660474723802
-0.005512027519570004,0.07118326099578122,0.16160923385060544,0.785660474723802
-0.005512027519570004,0.07118326099578122,0.16160923385060544,0.785660474723802
-0.005308081378339915,0.07145335555729296,0.16151373626082882,0.7857273065922398
-0.005308081378339915,0.07145335555729296,0.16151373626082882,0.7857273065922398
-0.005308081378339915,0.07145335555729296,0.16151373626082882,0.7857273065922398
-0.005308081378339915,0.07145335555729296,0.16151373626082882,0.7857273065922398
-0.005697764094818611,0.07313908786606559,0.1621357738606496,0.7842072910587727
-0.0065636662631829105,0.0737899766435966,0.16065775356109954,0.7845250389614439
-0.0065636662631829105,0.0737899766435966,0.16065775356109954,0.7845250389614439
-0.0065636662631829105,0.0737899766435966,0.16065775356109954,0.7845250389614439
-0.005097230423893034,0.0737861302682743,0.1609110875849262,0.7846328800843722
-0.005097230423893034,0.0737861302682743,0.1609110875849262,0.7846328800843722
-0.005097230423893034,0.0737861302682743,0.1609110875849262,0.7846328800843722
-0.005097230423893034,0.0737861302682743,0.1609110875849262,0.7846328800843722
-0.005097230423893034,0.0737861302682743,0.1609110875849262,0.7846328800843722
-0.003846131164787418,0.0766770055985289,0.16002211996937868,0.7819544339890403
-0.003846131164787418,0.0766770055985289,0.16002211996937868,0.7819544339890403
-0.002932626531255238,0.0751600968252089,0.16103054579223736,0.7818581578897893
-0.0005634304710963657,0.07538200571524852,0.16077253720852439,0.7809466298874409
-0.0005634304710963657,0.07538200571524852,0.16077253720852439,0.7809466298874409
-0.001092572983136763,0.07454638330449723,0.16105370862966856,0.7812137753313771
-0.0002753892502672388,0.07468428877683395,0.16215913011534117,0.7810340157480338
-0.0002753892502672388,0.07468428877683395,0.16215913011534117,0.7810340157480338
0.0004651512844129702,0.07562109357002508,0.16322547346054278,0.7798659737422363
0.0004651512844129702,0.07562109357002508,0.16322547346054278,0.7798659737422363
0.0004651512844129702,0.07562109357002508,0.16322547346054278,0.7798659737422363
0.00031437308581860066,0.07650328178426402,0.16238638721818313,0.7801616829365831
0.00031437308581860066,0.07650328178426402,0.16238638721818313,0.7801616829365831
0.00031437308581860066,0.07650328178426402,0.16238638721818313,0.7801616829365831
0.0008269271227605079,0.0757611282543721,0.1602127481041896,0.7829412817791309
0.0008269271227605079,0.0757611282543721,0.1602127481041896,0.7829412817791309
0.0008269271227605079,0.0757611282543721,0.1602127481041896,0.7829412817791309
0.0008269271227605079,0.0757611282543721,0.1602127481041896,0.7829412817791309
0.0008269271227605079,0.0757611282543721,0.1602127481041896,0.7829412817791309
0.0008269271227605079,0.0757611282543721,0.1602127481041896,0.7829412817791309
0.0025253680587501914,0.07475827933130506,0.15969637491749764,0.7832816514092378
0.0025253680587501914,0.07475827933130506,0.15969637491749764,0.7832816514092378
0.0025253680587501914,0.07475827933130506,0.15969637491749764,0.7832816514092378
0.0025253680587501914,0.07475827933130506,0.15969637491749764,0.7832816514092378
0.0025253680587501914,0.07475827933130506,0.15969637491749764,0.7832816514092378
0.0025253680587501914,0.07475827933130506,0.15969637491749764,0.7832816514092378
0.0025253680587501914,0.07475827933130506,0.15969637491749764,0.7832816514092378
0.0025253680587501914,0.07475827933130506,0.15969637491749764,0.7832816514092378
0.0025253680587501914,0.07475827933130506,0.15969637491749764,0.7832816514092378
0.0025253680587501914,0.07475827933130506,0.15969637491749764,0.7832816514092378
0.0025253680587501914,0.07475827933130506,0.15969637491749764,0.7832816514092378
0.0007411793709679029,0.07341753263607388,0.1599979500818973,0.7840939503256621
0.0007411793709679029,0.07341753263607388,0.1599979500818973,0.7840939503256621
0.0016682794476367067,0.07190809188175402,0.16037279765349607,0.7856169449630236
0.0016682794476367067,0.07190809188175402,0.16037279765349607,0.7856169449630236
0.0016682794476367067,0.07190809188175402,0.16037279765349607,0.7856169449630236
0.002298390274122623,0.07202669690869919,0.16183535799471405,0.7863545357664101
0.0009388496114678918,0.0719500789051133,0.16240674686595927,0.7836376140873398
0.0023344964079010603,0.0708676240875911,0.1636683557405168,0.7841576311570335
0.0023344964079010603,0.0708676240875911,0.1636683557405168,0.7841576311570335
0.0023344964079010603,0.0708676240875911,0.1636683557405168,0.7841576311570335
0.0023344964079010603,0.0708676240875911,0.1636683557405168,0.7841576311570335
0.0017974010122332727,0.07194875984176825,0.16447903484792978,0.7840108519636507
0.0025481659884233157,0.07113322799083198,0.16399426939524533,0.7843033538903532
0.0025481659884233157,0.07113322799083198,0.16399426939524533,0.7843033538903532
0.0025481659884233157,0.07113322799083198,0.16399426939524533,0.7843033538903532
0.001370960279616782,0.07120782768048084,0.163774094790212,0.7847310277445716
0.001370960279616782,0.07120782768048084,0.163774094790212,0.7847310277445716
0.0017212344452287847,0.07059730553050349,0.16466508472453703,0.7843861450236028
7.499840582526115e-07,0.06993652111543186,0.16264007739384806,0.7841655844406761
0.000607015006012005,0.07061650420008411,0.16324847402257503,0.782435570647935
0.0003487179066134919,0.07125321445756098,0.16107913621982553,0.7851280172436917
-0.00015969121511637778,0.07333612121523883,0.1628192749273414,0.7837252174920568
-0.00015969121511637778,0.07333612121523883,0.1628192749273414,0.7837252174920568
-0.00015969121511637778,0.07333612121523883,0.1628192749273414,0.7837252174920568
-0.0013643957525328728,0.07421627822650047,0.1626781138180321,0.7809442770158046
-0.0013643957525328728,0.07421627822650047,0.1626781138180321,0.7809442770158046
-0.0033657208841168617,0.0747955819820598,0.16410324016555722,0.7812753534080437
-0.0033657208841168617,0.0747955819820598,0.16410324016555722,0.7812753534080437
-0.0033657208841168617,0.0747955819820598,0.16410324016555722,0.7812753534080437
-0.004624571703078933,0.0726816961120088,0.1648746910584437,0.782834269589606
-0.005505962015368387,0.07195854340176012,0.1653628782021386,0.7831627539673147
-0.0038363117099829095,0.07103790966255533,0.16485651573339372,0.7839635448600247
-0.0038363117099829095,0.07103790966255533,0.16485651573339372,0.7839635448600247
-0.002849405357765741,0.07073911341911956,0.16447016092029285,0.7849607914881022
-0.00034761773591736496,0.07280683879725446,0.16429519236492826,0.7833832935470572
0.001683118029958399,0.07206340133958844,0.16534636880394524,0.7820642887237176
0.0020039983317584474,0.07314913282228423,0.16717510598006755,0.7794506770545422
0.001294984718432111,0.0741439151165184,0.16601206282154474,0.7799432023652035
-0.0017746876707117926,0.07439792477702842,0.16444612104079304,0.780844671666275
-0.0012083915777822444,0.0751395490739993,0.16282389795263585,0.7804922624690214
-0.0012083915777822444,0.0751395490739993,0.16282389795263585,0.7804922624690214
-0.0026740806489400698,0.07392768497554209,0.1617358632952604,0.782279175923973
-0.0026740806489400698,0.07392768497554209,0.1617358632952604,0.782279175923973
-0.0026740806489400698,0.07392768497554209,0.1617358632952604,0.782279175923973
-0.0026740806489400698,0.07392768497554209,0.1617358632952604,0.782279175923973
-0.0026740806489400698,0.07392768497554209,0.1617358632952604,0.782279175923973
-0.004714773345147449,0.07418306428163664,0.1637682166554641,0.7810938472384712
-0.004714773345147449,0.07418306428163664,0.1637682166554641,0.7810938472384712
-0.003499037798824568,0.07411690886968388,0.16421268223345276,0.7809363173733292
-0.0005406532269702372,0.07452569002101248,0.1637793794998725,0.7802622459546108
-0.001102534377500331,0.07464725656144972,0.16391281385018372,0.7808034915904595
-0.001102534377500331,0.07464725656144972,0.16391281385018372,0.7808034915904595
-0.001102534377500331,0.07464725656144972,0.16391281385018372,0.7808034915904595
-0.0010533564737145965,0.07399094404479356,0.16447500697196837,0.7808483649196454
-0.0010533564737145965,0.07399094404479356,0.16447500697196837,0.7808483649196454
-0.0006708002956612475,0.0741262475601648,0.1641303039682944,0.7811071905006487
-0.0006708002956612475,0.0741262475601648,0.1641303039682944,0.7811071905006487
-0.0006708002956612475,0.0741262475601648,0.1641303039682944,0.7811071905006487
-0.0006708002956612475,0.0741262475601648,0.1641303039682944,0.7811071905006487
-0.0006708002956612475,0.0741262475601648,0.1641303039682944,0.7811071905006487
0.0018208240594323342,0.07348768768058983,0.16572469951568194,0.7808339630801698
0.0018208240594323342,0.07348768768058983,0.16572469951568194,0.7808339630801698
0.0018208240594323342,0.07348768768058983,0.16572469951568194,0.7808339630801698
0.0018208240594323342,0.07348768768058983,0.16572469951568194,0.7808339630801698
0.0018208240594323342,0.07348768768058983,0.16572469951568194,0.7808339630801698
0.0018208240594323342,0.07348768768058983,0.16572469951568194,0.7808339630801698
0.0018208240594323342,0.07348768768058983,0.16572469951568194,0.7808339630801698
0.002727097735480278,0.07270375655963493,0.1648500073784984,0.7823000044506686
0.0006388252940265327,0.07271017558331896,0.16240219115845256,0.7831681666639917
0.0006388252940265327,0.07271017558331896,0.16240219115845256,0.7831681666639917
-9.335461021024477e-05,0.07351115378512697,0.16228910842468758,0.7835409050166289
0.0006738491142646583,0.07487719790633958,0.1608430065651315,0.7818533796408237
0.0006738491142646583,0.07487719790633958,0.1608430065651315,0.7818533796408237
0.0025966368404779947,0.07494788384510487,0.16139635587052778,0.7818089314262614
0.0025966368404779947,0.07494788384510487,0.16139635587052778,0.7818089314262614
0.0025966368404779947,0.07494788384510487,0.16139635587052778,0.7818089314262614
0.0025156635050364072,0.0749081208807767,0.16132099836310015,0.780933693239213
0.0025156635050364072,0.0749081208807767,0.16132099836310015,0.780933693239213
0.0025156635050364072,0.0749081208807767,0.16132099836310015,0.780933693239213
0.0025156635050364072,0.0749081208807767,0.16132099836310015,0.780933693239213
0.0024990506845784174,0.07757134749663683,0.16419540049374162,0.778734675714135
0.0024990506845784174,0.07757134749663683,0.16419540049374162,0.778734675714135
0.0028584689947433427,0.07792053071481292,0.16268562737789025,0.7789710348559336
0.0028584689947433427,0.07792053071481292,0.16268562737789025,0.7789710348559336
0.0028584689947433427,0.07792053071481292,0.16268562737789025,0.7789710348559336
0.0008394762662408441,0.0777092638945597,0.1621121032440245,0.7783782735341788
0.0008394762662408441,0.0777092638945597,0.1621121032440245,0.7783782735341788
-0.002073264010985223,0.07752549887406723,0.16327528002267092,0.7793648805666964
-0.0003691345373096084,0.07700680120405767,0.16500369843711135,0.7790532917393005
0.0007315801970522058,0.0758625242024807,0.1646178155814105,0.7780368217444944
0.0007315801970522058,0.0758625242024807,0.1646178155814105,0.7780368217444944
0.0007315801970522058,0.0758625242024807,0.1646178155814105,0.7780368217444944
0.00104236108779409,0.0758523639936976,0.16430882831497373,0.7787168249668579
0.00104236108779409,0.0758523639936976,0.16430882831497373,0.7787168249668579
0.00104236108779409,0.0758523639936976,0.16430882831497373,0.7787168249668579
0.0012268705885537723,0.07548438463545942,0.16482904660346465,0.7790447776070359
0.0012268705885537723,0.07548438463545942,0.16482904660346465,0.7790447776070359
0.0012268705885537723,0.07548438463545942,0.16482904660346465,0.7790447776070359
0.003126469530062486,0.07378753594612825,0.1652637028180209,0.7806319237967823
0.003217463421038656,0.07351102689639878,0.16485924422057577,0.7823313925059855
0.003217463421038656,0.07351102689639878,0.16485924422057577,0.7823313925059855
0.0034839413273282482,0.07225955588516446,0.1638672221782689,0.7833035829166025
0.004301408762153684,0.07232752990722481,0.16431982410950619,0.7821975731262538
0.004699267185020638,0.0726895324486713,0.1643529734687207,0.7826505077214194
0.004699267185020638,0.0726895324486713,0.1643529734687207,0.7826505077214194
0.004699267185020638,0.0726895324486713,0.1643529734687207,0.7826505077214194
0.0029977100280635504,0.07463817702432984,0.1639772908635161,0.7811753595689117
0.0029977100280635504,0.07463817702432984,0.1639772908635161,0.7811753595689117
0.0029977100280635504,0.07463817702432984,0.1639772908635161,0.7811753595689117
0.00421995689602458,0.07518962257232331,0.16406871957352778,0.779268498785622
0.0029184722364961075,0.07496478168891864,0.1650013083863126,0.7789950831393392
0.0029184722364961075,0.07496478168891864,0.1650013083863126,0.7789950831393392
0.0029184722364961075,0.07496478168891864,0.1650013083863126,0.7789950831393392
0.0029184722364961075,0.07496478168891864,0.1650013083863126,0.7789950831393392
0.003746261353981036,0.07627199271072325,0.16631717936500975,0.776402533524935
0.002300899054163008,0.07751680662516114,0.1662475651998496,0.7767377264839725
0.0008039738031237202,0.07726046616932775,0.1662497445522019,0.7754121625896464
-0.0004458208931400788,0.07675404430784649,0.16594638462868513,0.7776664477455215
-0.0004458208931400788,0.07675404430784649,0.16594638462868513,0.7776664477455215
-0.0004458208931400788,0.07675404430784649,0.16594638462868513,0.7776664477455215
-0.00044752746951311835,0.07735101118493935,0.1658664994810461,0.776927496264948
-0.00044752746951311835,0.07735101118493935,0.1658664994810461,0.776927496264948
-7.877587693898893e-05,0.07552927114485149,0.16647806421414374,0.7786582636012274
-7.877587693898893e-05,0.07552927114485149,0.16647806421414374,0.7786582636012274
-0.00027265851685238755,0.07498166409093691,0.16518604641021845,0.7803519868419563
0.0012417685833909712,0.07500179415758496,0.16307656316641525,0.7810746857181147
0.0012417685833909712,0.07500179415758496,0.16307656316641525,0.7810746857181147
7.802283636302058e-06,0.07455849476713257,0.16233670495123298,0.7813619712621477
7.802283636302058e-06,0.07455849476713257,0.16233670495123298,0.7813619712621477
7.802283636302058e-06,0.07455849476713257,0.16233670495123298,0.7813619712621477
7.802283636302058e-06,0.07455849476713257,0.16233670495123298,0.7813619712621477
7.802283636302058e-06,0.07455849476713257,0.16233670495123298,0.7813619712621477
7.802283636302058e-06,0.07455849476713257,0.16233670495123298,0.7813619712621477
-0.0015459959743951738,0.07446373319094161,0.16123449713806565,0.7836856474160308
-0.0015459959743951738,0.07446373319094161,0.16123449713806565,0.7836856474160308
-0.004734679886171029,0.07497625968664215,0.16149478695607342,0.7830632724947316
-0.004734679886171029,0.07497625968664215,0.16149478695607342,0.7830632724947316
-0.004734679886171029,0.07497625968664215,0.16149478695607342,0.7830632724947316
-0.004734679886171029,0.07497625968664215,0.16149478695607342,0.7830632724947316
-0.004734679886171029,0.07497625968664215,0.16149478695607342,0.7830632724947316
-0.004734679886171029,0.07497625968664215,0.16149478695607342,0.7830632724947316
-0.004734679886171029,0.07497625968664215,0.16149478695607342,0.7830632724947316
-0.003527076776765099,0.07591253135846936,0.16098213084507107,0.7828585013238618
-0.003233227905231146,0.0739221296844898,0.16177665291550308,0.7811789737725087
-0.003233227905231146,0.0739221296844898,0.16177665291550308,0.7811789737725087
-0.0018452645797931986,0.07358533812559218,0.16267246294441362,0.7814677402578988
-0.0016922257730992711,0.072285822564927,0.16265821005557285,0.7844569276839946
-0.0016922257730992711,0.072285822564927,0.16265821005557285,0.7844569276839946
-0.0016922257730992711,0.072285822564927,0.16265821005557285,0.7844569276839946
-0.0016922257730992711,0.072285822564927,0.16265821005557285,0.7844569276839946
0.0006249989414165722,0.07167647853047825,0.16204032310060648,0.7843178111767937
0.0006249989414165722,0.07167647853047825,0.16204032310060648,0.7843178111767937
0.0006249989414165722,0.07167647853047825,0.16204032310060648,0.7843178111767937
0.0006249989414165722,0.07167647853047825,0.16204032310060648,0.7843178111767937
0.0006249989414165722,0.07167647853047825,0.16204032310060648,0.7843178111767937
-0.0006377522555689802,0.07235961244755304,0.16192906224864534,0.7842628133294722
-0.0006377522555689802,0.07235961244755304,0.16192906224864534,0.7842628133294722
-0.0013866442759099696,0.07264735658453517,0.16233067383409353,0.781916707020487
-0.0023790643148030467,0.07201679315693345,0.16591740651513076,0.7826913287985746
-0.0023790643148030467,0.07201679315693345,0.16591740651513076,0.7826913287985746
-0.0013497951066605539,0.07185408957473868,0.16734889660864846,0.7808886512484026
-0.0013497951066605539,0.07185408957473868,0.16734889660864846,0.7808886512484026
-0.003522655700237045,0.07188165314633756,0.16681345347759913,0.7809475556297578
-0.003522655700237045,0.07188165314633756,0.16681345347759913,0.7809475556297578
-0.003522655700237045,0.07188165314633756,0.16681345347759913,0.7809475556297578
-0.003522655700237045,0.07188165314633756,0.16681345347759913,0.7809475556297578
-0.0055912167164040615,0.07258416543788723,0.1677208307524272,0.7801420548575787
-0.004154793611106614,0.07262744776019245,0.16740365583977354,0.7795436999123012
-0.004154793611106614,0.07262744776019245,0.16740365583977354,0.7795436999123012
-0.0048739713423726645,0.07285983120163217,0.16576572211962498,0.7810914783149951
-0.0048739713423726645,0.07285983120163217,0.16576572211962498,0.7810914783149951
-0.0048739713423726645,0.07285983120163217,0.16576572211962498,0.7810914783149951
-0.0048739713423726645,0.07285983120163217,0.16576572211962498,0.7810914783149951
-0.0048739713423726645,0.07285983120163217,0.16576572211962498,0.7810914783149951
-0.0048739713423726645,0.07285983120163217,0.16576572211962498,0.7810914783149951
-0.0048739713423726645,0.07285983120163217,0.16576572211962498,0.7810914783149951
-0.0048739713423726645,0.07285983120163217,0.16576572211962498,0.7810914783149951
-0.0048739713423726645,0.07285983120163217,0.16576572211962498,0.7810914783149951
-0.0048739713423726645,0.07285983120163217,0.16576572211962498,0.7810914783149951
-0.0048739713423726645,0.07285983120163217,0.16576572211962498,0.7810914783149951
-0.005746538674457003,0.07260741908125193,0.16388454082005627,0.7830628593404175
-0.005746538674457003,0.07260741908125193,0.16388454082005627,0.7830628593404175
-0.0038170065672756366,0.07319942131680746,0.16308174093122652,0.7844995393149734
-0.004363447643495766,0.07453212423728911,0.16255027484624285,0.7830973987901814
-0.004756875873052337,0.07367170479284435,0.1616623405352103,0.7856149167899713
-0.004756875873052337,0.07367170479284435,0.1616623405352103,0.7856149167899713
-0.003757505075219374,0.07352168381981762,0.16137371881333973,0.7854276852893689
-0.0034665548279208002,0.07285984631958944,0.16209331201748298,0.7853244743621944
-0.0034665548279208002,0.07285984631958944,0.16209331201748298,0.7853244743621944
-0.002408324166850665,0.07255101571315149,0.16079811709307135,0.7856175051383706
-0.002408324166850665,0.07255101571315149,0.16079811709307135,0.7856175051383706
-0.002408324166850665,0.07255101571315149,0.16079811709307135,0.7856175051383706
-0.004852248356656803,0.07264892830440084,0.16028880457557404,0.7847604452464152
-0.004560397307282707,0.07305504739389822,0.1609002181208215,0.7850843022371036
-0.005221974706478515,0.07255536551914395,0.16001003199090302,0.7858104363819896
-0.006658022595113886,0.07271463981199636,0.15946773883967788,0.7865009148819144
-0.007084341626826319,0.07196334879692222,0.1605157985833146,0.7852548079798312
-0.007084341626826319,0.07196334879692222,0.1605157985833146,0.7852548079798312
-0.007084341626826319,0.07196334879692222,0.1605157985833146,0.7852548079798312
-0.007084341626826319,0.07196334879692222,0.1605157985833146,0.7852548079798312
-0.007084341626826319,0.07196334879692222,0.1605157985833146,0.7852548079798312
-0.007084341626826319,0.07196334879692222,0.1605157985833146,0.7852548079798312
-0.007084341626826319,0.07196334879692222,0.1605157985833146,0.7852548079798312
-0.007084341626826319,0.07196334879692222,0.1605157985833146,0.7852548079798312
-0.004407786561025434,0.07176172719362504,0.1603520283443908,0.7865165518034934
-0.005155247468639137,0.07082146336255818,0.16166786077930906,0.7870035885185552
-0.005155247468639137,0.07082146336255818,0.16166786077930906,0.7870035885185552
-0.005155247468639137,0.07082146336255818,0.16166786077930906,0.7870035885185552
-0.005155247468639137,0.07082146336255818,0.16166786077930906,0.7870035885185552
-0.005155247468639137,0.07082146336255818,0.16166786077930906,0.7870035885185552
-0.005895295906442493,0.07024020597626239,0.1621046616704875,0.7868424369090387
-0.005895295906442493,0.07024020597626239,0.1621046616704875,0.7868424369090387
-0.005895295906442493,0.07024020597626239,0.1621046616704875,0.7868424369090387
-0.005895295906442493,0.07024020597626239,0.1621046616704875,0.7868424369090387
-0.005895295906442493,0.07024020597626239,0.1621046616704875,0.7868424369090387
-0.005612079638306336,0.07003255744969403,0.16251876562712209,0.7857507154350648
-0.004887844969736435,0.07064391074966546,0.16196525456775687,0.7843825427026557
-0.0033997588265381167,0.07342266811292894,0.1621649331319425,0.781773650389517
-0.0009540449932042426,0.0739498786307123,0.15935854601042235,0.7839878744879405
-0.0009540449932042426,0.0739498786307123,0.15935854601042235,0.7839878744879405
-0.0009540449932042426,0.0739498786307123,0.15935854601042235,0.7839878744879405
0.00021605641989744608,0.07450239567005004,0.15838894183868793,0.783204500453011
0.00021605641989744608,0.07450239567005004,0.15838894183868793,0.783204500453011
-0.0007608872495300321,0.07423750583295036,0.15857883363701647,0.7845172388433459
0.0008252986257059186,0.0743764994990783,0.1602049677430459,0.7849075387967824
0.0008252986257059186,0.0743764994990783,0.1602049677430459,0.7849075387967824
0.0008252986257059186,0.0743764994990783,0.1602049677430459,0.7849075387967824
-0.001096508443266855,0.07329189842565582,0.15790981889824848,0.7852898411798152
-0.001096508443266855,0.07329189842565582,0.15790981889824848,0.7852898411798152
-0.001096508443266855,0.07329189842565582,0.15790981889824848,0.7852898411798152
-0.001096508443266855,0.07329189842565582,0.15790981889824848,0.7852898411798152
-0.001096508443266855,0.07329189842565582,0.15790981889824848,0.7852898411798152
-0.0015605008948385711,0.0748013557673799,0.15783550666995316,0.7853309002771552
-0.002102858398434923,0.0743823378122253,0.15607250393792946,0.787224092910884
-0.002102858398434923,0.0743823378122253,0.15607250393792946,0.787224092910884
-0.002102858398434923,0.0743823378122253,0.15607250393792946,0.787224092910884
-0.002102858398434923,0.0743823378122253,0.15607250393792946,0.787224092910884
-0.001438220035056534,0.07295505555174273,0.15689293939320753,0.7877423655439657
0.0005737782211477928,0.07202713597896511,0.1571068495658395,0.7863893754085284
0.0009729259428907809,0.07190269616562821,0.16078525757368606,0.7864182210692994
-0.0006988604019889172,0.07138626091828064,0.1588553804803327,0.7873237014417819
-0.0006988604019889172,0.07138626091828064,0.1588553804803327,0.7873237014417819
-0.0006988604019889172,0.07138626091828064,0.1588553804803327,0.7873237014417819
-0.0006988604019889172,0.07138626091828064,0.1588553804803327,0.7873237014417819
-0.0002465244280560109,0.07190051305683752,0.1584876508058522,0.7879150894834648
-0.0002465244280560109,0.07190051305683752,0.1584876508058522,0.7879150894834648
-0.0002465244280560109,0.07190051305683752,0.1584876508058522,0.7879150894834648
-0.0007088289506666085,0.07301504262825909,0.15829161956449814,0.7873323254217707
-0.0025768486354857748,0.07216533389821209,0.15741304580419166,0.7877332282812753
-0.0029760124878046162,0.07275887820596733,0.15789615324341794,0.785639442369986
-0.0029760124878046162,0.07275887820596733,0.15789615324341794,0.785639442369986
-0.004197191066573703,0.07219591469310356,0.15777745084176478,0.7861340604798652
-0.004575700659831466,0.07361818541343826,0.15910436480233908,0.7854466382331515
-0.004575700659831466,0.07361818541343826,0.15910436480233908,0.7854466382331515
-0.004719452384364601,0.0729469587787812,0.160983816952719,0.7846742764871396
-0.004719452384364601,0.0729469587787812,0.160983816952719,0.7846742764871396
-0.004719452384364601,0.0729469587787812,0.160983816952719,0.7846742764871396
-0.0052090098764731195,0.07335757745894611,0.1608355881485358,0.7841157634572649
-0.0052090098764731195,0.07335757745894611,0.1608355881485358,0.7841157634572649
-0.004219153795599145,0.07465541631053489,0.1633213564194326,0.7828155602111418
-0.004219153795599145,0.07465541631053489,0.1633213564194326,0.7828155602111418
-0.0045200792518152715,0.07398443639974357,0.16303203601641292,0.7835335345517687
-0.0045200792518152715,0.07398443639974357,0.16303203601641292,0.7835335345517687
-0.0045200792518152715,0.07398443639974357,0.16303203601641292,0.7835335345517687
-0.0045200792518152715,0.07398443639974357,0.16303203601641292,0.7835335345517687
-0.0045200792518152715,0.07398443639974357,0.16303203601641292,0.7835335345517687
-0.0045200792518152715,0.07398443639974357,0.16303203601641292,0.7835335345517687
-0.005568602821987258,0.07312121808473503,0.164555569582096,0.782660711398756
-0.005180910677029975,0.07248495524034014,0.16375404870683327,0.7808822896044882
-0.005653063966909505,0.07206927741412746,0.16547528242030857,0.782215214960872
-0.005653063966909505,0.07206927741412746,0.16547528242030857,0.782215214960872
-0.005653063966909505,0.07206927741412746,0.16547528242030857,0.782215214960872
-0.005653063966909505,0.07206927741412746,0.16547528242030857,0.782215214960872
-0.005653063966909505,0.07206927741412746,0.16547528242030857,0.782215214960872
-0.0046166041302636435,0.07150577343388462,0.16687828057147663,0.7817589777872896
-0.0046166041302636435,0.07150577343388462,0.16687828057147663,0.7817589777872896
-0.0046166041302636435,0.07150577343388462,0.16687828057147663,0.7817589777872896
-0.0046166041302636435,0.07150577343388462,0.16687828057147663,0.7817589777872896
-0.003238594699112938,0.0718262703191938,0.16775999419501078,0.7805275127337283
-0.003238594699112938,0.0718262703191938,0.16775999419501078,0.7805275127337283
-0.003238594699112938,0.0718262703191938,0.16775999419501078,0.7805275127337283
-0.003238594699112938,0.0718262703191938,0.16775999419501078,0.7805275127337283
-0.003238594699112938,0.0718262703191938,0.16775999419501078,0.7805275127337283
-0.003238594699112938,0.0718262703191938,0.16775999419501078,0.7805275127337283
-0.003238594699112938,0.0718262703191938,0.16775999419501078,0.7805275127337283
-0.003238594699112938,0.0718262703191938,0.16775999419501078,0.7805275127337283
-0.003238594699112938,0.0718262703191938,0.16775999419501078,0.7805275127337283
5.896678347465422e-05,0.07276940483820868,0.16792092295775174,0.7801294931368794
-0.0009471822451509867,0.07373561790690228,0.16772952230952343,0.779905165902738
-0.0009471822451509867,0.07373561790690228,0.16772952230952343,0.779905165902738
-0.0009471822451509867,0.07373561790690228,0.16772952230952343,0.779905165902738
-0.0005156953325356306,0.07254448540409618,0.1673429055379643,0.7809330333218241
0.0018002584337812439,0.07191424617587164,0.164416779540483,0.7811215742302338
0.002091300488592846,0.07201073229928426,0.16469535750182518,0.7819751466080698
0.002091300488592846,0.07201073229928426,0.16469535750182518,0.7819751466080698
0.002091300488592846,0.07201073229928426,0.16469535750182518,0.7819751466080698
0.002091300488592846,0.07201073229928426,0.16469535750182518,0.7819751466080698
0.0006156759209775093,0.07173797095299841,0.16392425154872792,0.782407517866947
0.0006156759209775093,0.07173797095299841,0.16392425154872792,0.782407517866947
0.0020625754501946,0.07123324583686746,0.1649896679986097,0.7830302203477815
0.0020625754501946,0.07123324583686746,0.1649896679986097,0.7830302203477815
0.0020625754501946,0.07123324583686746,0.1649896679986097,0.7830302203477815
0.0012802016484605356,0.07119071406481682,0.1643176296162977,0.7844997601142363
0.0012802016484605356,0.07119071406481682,0.1643176296162977,0.7844997601142363
0.0012802016484605356,0.07119071406481682,0.1643176296162977,0.7844997601142363
0.0012802016484605356,0.07119071406481682,0.1643176296162977,0.7844997601142363
0.00013261359138865762,0.07197866996346636,0.16377756277359262,0.7838177155844962
0.0015975202519857006,0.07362731395122316,0.16361264722113755,0.7823206874528034
0.0006843830627916074,0.07370028155429788,0.16183861927638535,0.7837686822007399
-0.0009605300572556824,0.07338718174839728,0.1637191037726022,0.7819103366416529
-0.001030648600935352,0.07425558188041355,0.16423681647384514,0.7806174210899098
-0.001030648600935352,0.07425558188041355,0.16423681647384514,0.7806174210899098
-0.001030648600935352,0.07425558188041355,0.16423681647384514,0.7806174210899098
-0.001030648600935352,0.07425558188041355,0.16423681647384514,0.7806174210899098
-0.001180899985526436,0.07508235216255206,0.1625779924878978,0.7807892014299426
-0.001180899985526436,0.07508235216255206,0.1625779924878978,0.7807892014299426
-0.001180899985526436,0.07508235216255206,0.1625779924878978,0.7807892014299426
-0.001180899985526436,0.07508235216255206,0.1625779924878978,0.7807892014299426
-0.001180899985526436,0.07508235216255206,0.1625779924878978,0.7807892014299426
-0.0019410738579637684,0.0755063246312307,0.16242997292690992,0.7825895806119018
-0.000978818041761287,0.0759059696395012,0.16066399917297014,0.7829051226602095
-0.0006456615637596061,0.07628107575099688,0.15853585930174044,0.781823421806524
-0.0006456615637596061,0.07628107575099688,0.15853585930174044,0.781823421806524
-0.0006456615637596061,0.07628107575099688,0.15853585930174044,0.781823421806524
-0.00034383304575413663,0.07480108773981901,0.15980876185925202,0.7809737502976558
-0.0016974219993512421,0.07614762793889429,0.16077197853164926,0.7812939225654375
-0.0016974219993512421,0.07614762793889429,0.16077197853164926,0.7812939225654375
-0.0016974219993512421,0.07614762793889429,0.16077197853164926,0.7812939225654375
-0.0013145745581085635,0.0757635210476444,0.16193334343717497,0.7803103705890876
-0.0013037795257348805,0.07477495055372489,0.161611651114458,0.7812774919078733
-0.0013037795257348805,0.07477495055372489,0.161611651114458,0.7812774919078733
-0.0021044470896679547,0.07527764221796278,0.1635491561445299,0.7800211400439813
-0.0021044470896679547,0.07527764221796278,0.1635491561445299,0.7800211400439813
-0.0027916065121482577,0.0749680858706552,0.16540689289062602,0.7797431005300122
-0.0031820486408074573,0.07534898102288495,0.16420385615743008,0.7792549303746334
-0.0011261453413871788,0.07524166920668174,0.1634977911348212,0.7798212917559829
-0.0011261453413871788,0.07524166920668174,0.1634977911348212,0.7798212917559829
-0.0011261453413871788,0.07524166920668174,0.1634977911348212,0.7798212917559829
-0.003679369463399806,0.07606228822185555,0.16221913047467565,0.7810568940310221
-0.003679369463399806,0.07606228822185555,0.16221913047467565,0.7810568940310221
-0.001652287244592523,0.07529548694931881,0.1614673273798955,0.7827584988410305
-0.0008303496008244465,0.0737474562975215,0.16190378012376294,0.7842884550547031
0.0005283376578033935,0.07421818953275318,0.16157605043175272,0.7839854688586044
0.0005283376578033935,0.07421818953275318,0.16157605043175272,0.7839854688586044
0.0004302266412682647,0.07222330622348337,0.1628568541658337,0.7836655959113976
0.0004302266412682647,0.07222330622348337,0.1628568541658337,0.7836655959113976
0.0004302266412682647,0.07222330622348337,0.1628568541658337,0.7836655959113976
0.0004302266412682647,0.07222330622348337,0.1628568541658337,0.7836655959113976
-0.0005220508063415712,0.07314497545422606,0.16128983209844117,0.784608112849227
-0.0005220508063415712,0.07314497545422606,0.16128983209844117,0.784608112849227
-0.0005220508063415712,0.07314497545422606,0.16128983209844117,0.784608112849227
-0.0011450744664295524,0.07410707182908705,0.16158706153167618,0.7838949545277523
-0.0011450744664295524,0.07410707182908705,0.16158706153167618,0.7838949545277523
-0.0009089686458839118,0.07188303158776889,0.16146111693919812,0.7850744430700486
-0.0009089686458839118,0.07188303158776889,0.16146111693919812,0.7850744430700486
-0.0009089686458839118,0.07188303158776889,0.16146111693919812,0.7850744430700486
-1.4316226748973225e-05,0.07155450596669462,0.16132805229748703,0.7862826095477465
-1.4316226748973225e-05,0.07155450596669462,0.16132805229748703,0.7862826095477465
-0.0003860049908137317,0.07202128444309809,0.16011151788474412,0.7858637417892361
-0.0003860049908137317,0.07202128444309809,0.16011151788474412,0.7858637417892361
0.0009708862638495483,0.07153946317942653,0.16232660651779554,0.7844597130921812
0.00015380347966941182,0.07155453482852114,0.16125887624629504,0.7850136618110669
-7.691149785099801e-05,0.07117990000822365,0.16074501100379587,0.7863293016763108
-7.691149785099801e-05,0.07117990000822365,0.16074501100379587,0.7863293016763108
-7.691149785099801e-05,0.07117990000822365,0.16074501100379587,0.7863293016763108
-7.691149785099801e-05,0.07117990000822365,0.16074501100379587,0.7863293016763108
-0.0007151317860691602,0.07167004630969058,0.16121761738276108,0.7851278301503971
-0.0007151317860691602,0.07167004630969058,0.16121761738276108,0.7851278301503971
-0.002344905922000659,0.07145159289660705,0.16049468091186447,0.7855234102686591
-0.00040081684252820326,0.07389261547222528,0.16122053730519387,0.7848873217434891
0.0014211637434692495,0.07363255244210094,0.15954707861838258,0.7840615238119452
0.0014211637434692495,0.07363255244210094,0.15954707861838258,0.7840615238119452
0.002867868870540157,0.07365506354191435,0.1605173042503672,0.7824720526552793
0.00350827506738555,0.07482021276806254,0.15972742740407192,0.7841232684452879
0.00350827506738555,0.07482021276806254,0.15972742740407192,0.7841232684452879
0.00350827506738555,0.07482021276806254,0.15972742740407192,0.7841232684452879
0.00350827506738555,0.07482021276806254,0.15972742740407192,0.7841232684452879
0.00350827506738555,0.07482021276806254,0.15972742740407192,0.7841232684452879
0.0027677838240899475,0.07429993553377252,0.16183121579503343,0.7835665925482398
0.0027677838240899475,0.07429993553377252,0.16183121579503343,0.7835665925482398
0.0027677838240899475,0.07429993553377252,0.16183121579503343,0.7835665925482398
0.0027677838240899475,0.07429993553377252,0.16183121579503343,0.7835665925482398
0.0027677838240899475,0.07429993553377252,0.16183121579503343,0.7835665925482398
0.001442844130397048,0.07338513469333827,0.16153432995616357,0.7835785205553261
0.001442844130397048,0.07338513469333827,0.16153432995616357,0.7835785205553261
0.001442844130397048,0.07338513469333827,0.16153432995616357,0.7835785205553261
0.001442844130397048,0.07338513469333827,0.16153432995616357,0.7835785205553261
0.001442844130397048,0.07338513469333827,0.16153432995616357,0.7835785205553261
0.001442844130397048,0.07338513469333827,0.16153432995616357,0.7835785205553261
0.0017273913779645663,0.07407154731734823,0.1618158264493413,0.7827290042025097
-0.0007611220527557771,0.07461104026015762,0.1600831111748854,0.7829623216302183
0.0005598346467038733,0.07470796170472817,0.1592281906805089,0.7832672063196157
0.0005598346467038733,0.07470796170472817,0.1592281906805089,0.7832672063196157
0.0005598346467038733,0.07470796170472817,0.1592281906805089,0.7832672063196157
0.0005598346467038733,0.07470796170472817,0.1592281906805089,0.7832672063196157
0.0005598346467038733,0.07470796170472817,0.1592281906805089,0.7832672063196157
0.0006253622699028022,0.07661462237626643,0.1583918808428849,0.7827173126856999
0.0006253622699028022,0.07661462237626643,0.1583918808428849,0.7827173126856999
0.0006253622699028022,0.07661462237626643,0.1583918808428849,0.7827173126856999
-0.00023440875018267615,0.07424429478462366,0.1581860410771748,0.7842494360972654
-0.0011361907739540142,0.0747914113383433,0.16025214015409997,0.7844262957810845
-0.0011361907739540142,0.0747914113383433,0.16025214015409997,0.7844262957810845
-0.001992604745672342,0.07468411048468032,0.16203560015956134,0.7834974839984288
-0.0020489944187366683,0.07449830620087046,0.1604913095101975,0.7823645122319942
-0.0020489944187366683,0.07449830620087046,0.1604913095101975,0.7823645122319942
-0.003727150127547489,0.07277246441805625,0.16054965593655457,0.7851485328661575
-0.003727150127547489,0.07277246441805625,0.16054965593655457,0.7851485328661575
-0.0037089667411497663,0.07233154413541189,0.16137967551841995,0.7850135201165004
-0.0037089667411497663,0.07233154413541189,0.16137967551841995,0.7850135201165004
-0.00225162598182702,0.0733264381500618,0.16260735389344608,0.7834306552672726
-0.00225162598182702,0.0733264381500618,0.16260735389344608,0.7834306552672726
-0.0029217241890689806,0.07188652810262514,0.16325468878338834,0.7843684932276476
-0.0029217241890689806,0.07188652810262514,0.16325468878338834,0.7843684932276476
-0.0029217241890689806,0.07188652810262514,0.16325468878338834,0.7843684932276476
-0.0028964575426058178,0.07272510699649758,0.1606764464335133,0.784554663668916
-0.0023981255516193393,0.07337769883021787,0.16148559181697833,0.7842735478154436
-0.0023981255516193393,0.07337769883021787,0.16148559181697833,0.7842735478154436
-0.0023981255516193393,0.07337769883021787,0.16148559181697833,0.7842735478154436
-0.002912383607214494,0.07347623814145528,0.16190227942842553,0.7842759949879525
-0.002912383607214494,0.07347623814145528,0.16190227942842553,0.7842759949879525
-0.002912383607214494,0.07347623814145528,0.16190227942842553,0.7842759949879525
-0.0026108155706721747,0.0729010955322404,0.16290411713817413,0.7848164687149872
-0.0026108155706721747,0.0729010955322404,0.16290411713817413,0.7848164687149872
-0.0044481139653810295,0.07367178222893478,0.1607765076847834,0.7825710819591648
-0.0044481139653810295,0.07367178222893478,0.1607765076847834,0.7825710819591648
-0.004584001103385645,0.07278890214892633,0.16107718393203257,0.7829979138533342
-0.0017399987960669064,0.0728995471853354,0.160521741266764,0.7845414871854028
-0.0017399987960669064,0.0728995471853354,0.160521741266764,0.7845414871854028
-0.002640437006057826,0.07440013871433288,0.15962461987210733,0.7833974663332736
-0.002640437006057826,0.07440013871433288,0.15962461987210733,0.7833974663332736
-0.003590205172757486,0.07484384808154192,0.1609964269242935,0.7835396310274771
-0.003590205172757486,0.07484384808154192,0.1609964269242935,0.7835396310274771
-0.003590205172757486,0.07484384808154192,0.1609964269242935,0.7835396310274771
-0.0032146018449957297,0.0747583498672937,0.1628997835407816,0.7822997399308012
-0.0017384158728636504,0.07344984486622125,0.16097615503650778,0.7815511584203039
-0.0017384158728636504,0.07344984486622125,0.16097615503650778,0.7815511584203039
-0.0017384158728636504,0.07344984486622125,0.16097615503650778,0.7815511584203039
-0.005360201796060886,0.0721762589125891,0.161744706928647,0.7831164521740143
-0.004460158333105956,0.07259327605169867,0.16159135592974871,0.7850666547625273
-0.004460158333105956,0.07259327605169867,0.16159135592974871,0.7850666547625273
-0.004460158333105956,0.07259327605169867,0.16159135592974871,0.7850666547625273
-0.004460158333105956,0.07259327605169867,0.16159135592974871,0.7850666547625273
-0.004034374894695431,0.07243684701625082,0.16047877588830714,0.7858577536966123
-0.004207790820843589,0.07192901538977775,0.15959404056656265,0.7857560817039468
-0.004207790820843589,0.07192901538977775,0.15959404056656265,0.7857560817039468
-0.0044310116426666555,0.07298183718802546,0.15991738890709462,0.7846189038620994
-0.0035313591845550856,0.07314841877548837,0.159250741943473,0.784595672631964
0.0009220280399044743,0.07316419812453984,0.16143382383443758,0.7843166752608487
0.0009220280399044743,0.07316419812453984,0.16143382383443758,0.7843166752608487
0.0009220280399044743,0.07316419812453984,0.16143382383443758,0.7843166752608487
0.0009220280399044743,0.07316419812453984,0.16143382383443758,0.7843166752608487
0.0009220280399044743,0.07316419812453984,0.16143382383443758,0.7843166752608487
0.0009220280399044743,0.07316419812453984,0.16143382383443758,0.7843166752608487
-0.000926481423741605,0.0720223193446216,0.1614090189439261,0.785403606513671
-0.0004944379584032645,0.07398537262393477,0.16082342083112805,0.7857024243057223
-0.0004944379584032645,0.07398537262393477,0.16082342083112805,0.7857024243057223
-0.0004944379584032645,0.07398537262393477,0.16082342083112805,0.7857024243057223
-0.0023243061542922556,0.07450804060289776,0.15981053525704866,0.7851252450802574
-0.002031143936742381,0.07490168882335971,0.1602927772884417,0.7845733461404337
-0.0008798810673362489,0.07366586797512839,0.15981575855305688,0.7834435596261055
-0.0008798810673362489,0.07366586797512839,0.15981575855305688,0.7834435596261055
-0.0008798810673362489,0.07366586797512839,0.15981575855305688,0.7834435596261055
-0.0008798810673362489,0.07366586797512839,0.15981575855305688,0.7834435596261055
-0.0008798810673362489,0.07366586797512839,0.15981575855305688,0.7834435596261055
-0.0008798810673362489,0.07366586797512839,0.15981575855305688,0.7834435596261055
-0.0008798810673362489,0.07366586797512839,0.15981575855305688,0.7834435596261055
0.0003678579619927531,0.07445579518340732,0.16029988015318936,0.7827837898199315
0.0003678579619927531,0.07445579518340732,0.16029988015318936,0.7827837898199315
0.0003678579619927531,0.07445579518340732,0.16029988015318936,0.7827837898199315
0.0011295111138802916,0.07470521958035244,0.16083867143947608,0.7827726897538393
0.0011295111138802916,0.07470521958035244,0.16083867143947608,0.7827726897538393
-0.0003445011432454193,0.07551823238849012,0.16111155070046504,0.7830423881987151
0.0002604031940289705,0.07420823966562128,0.15987362286239598,0.7824329420282419
5.098715304754377e-07,0.07360115906206663,0.1622729004614295,0.780609166638025
-0.0007771197403111212,0.07573057956709082,0.1625861878214189,0.7806446294993158
-0.0007771197403111212,0.07573057956709082,0.1625861878214189,0.7806446294993158
-0.0007771197403111212,0.07573057956709082,0.1625861878214189,0.7806446294993158
-0.0039608997693390095,0.07378051291667372,0.16390321341001923,0.7801672348280891
-0.004804197984546235,0.07274751175722427,0.16399701129128158,0.7814763552161009
-0.004804197984546235,0.07274751175722427,0.16399701129128158,0.7814763552161009
-0.004549608543073015,0.07171049422616527,0.1637870813264381,0.7821435497576574
-0.005030799921257126,0.07207892886008359,0.16327028759410742,0.781810308713424
-0.005030799921257126,0.07207892886008359,0.16327028759410742,0.781810308713424
-0.005030799921257126,0.07207892886008359,0.16327028759410742,0.781810308713424
-0.008015717713449996,0.07375571411061413,0.16342713515370466,0.7814197406006387
-0.008015717713449996,0.07375571411061413,0.16342713515370466,0.7814197406006387
-0.006469231493866345,0.07561434744514924,0.16286397263125177,0.7812169596570759
-0.006469231493866345,0.07561434744514924,0.16286397263125177,0.7812169596570759
-0.00574332356756151,0.07621628265781967,0.16219374758972227,0.7804136239819013
-0.00574332356756151,0.07621628265781967,0.16219374758972227,0.7804136239819013
-0.0033067382460605244,0.07631110972455954,0.16255737171929668,0.7806638940524633
-0.0033067382460605244,0.07631110972455954,0.16255737171929668,0.7806638940524633
-0.0019736286308044424,0.07686058308511848,0.16298247566837903,0.7796549294254295
-0.0019736286308044424,0.07686058308511848,0.16298247566837903,0.7796549294254295
-0.001208873581867617,0.07571668332347448,0.16321513436460702,0.7787295001302731
-0.002545958083113069,0.07492746175116258,0.16350858757543313,0.7802799075932599
-0.002545958083113069,0.07492746175116258,0.16350858757543313,0.7802799075932599
-0.001472785557034609,0.07412547842803324,0.1644014483388027,0.7796979941223063
-0.001472785557034609,0.07412547842803324,0.1644014483388027,0.7796979941223063
-0.0027168891331110874,0.07541711204418218,0.16479132984031566,0.7800920860644064
-0.002566317886243254,0.07363454145997413,0.16677444501035396,0.7791951595791335
-0.002566317886243254,0.07363454145997413,0.16677444501035396,0.7791951595791335
-0.002566317886243254,0.07363454145997413,0.16677444501035396,0.7791951595791335
-0.0032983576608384977,0.07530440734654481,0.1662532134781959,0.7783595947591927
-0.0032983576608384977,0.07530440734654481,0.1662532134781959,0.7783595947591927
-0.0032983576608384977,0.07530440734654481,0.1662532134781959,0.7783595947591927
-0.0030796876501524083,0.07615905589277112,0.165367267764338,0.7800582155072452
-0.0025308548957822135,0.07456086639845283,0.16480081004079528,0.7812925751902229
-0.003357533960814267,0.07270624198203765,0.1637849538453787,0.7825509673298796
-0.003357533960814267,0.07270624198203765,0.1637849538453787,0.7825509673298796
-0.003357533960814267,0.07270624198203765,0.1637849538453787,0.7825509673298796
-0.003357533960814267,0.07270624198203765,0.1637849538453787,0.7825509673298796
-0.0025253641298480863,0.07140814011337239,0.16546021664152052,0.7822504492123801
-0.0025253641298480863,0.07140814011337239,0.16546021664152052,0.7822504492123801
-0.0025253641298480863,0.07140814011337239,0.16546021664152052,0.7822504492123801
-0.0025253641298480863,0.07140814011337239,0.16546021664152052,0.7822504492123801
-0.0023788119169649937,0.07095376429037874,0.16516363779564347,0.7832229842385672
-0.0023788119169649937,0.07095376429037874,0.16516363779564347,0.7832229842385672
-0.0023788119169649937,0.07095376429037874,0.16516363779564347,0.7832229842385672
-0.0023788119169649937,0.07095376429037874,0.16516363779564347,0.7832229842385672
-0.0023788119169649937,0.07095376429037874,0.16516363779564347,0.7832229842385672
-0.0011998688501235499,0.07168860342340597,0.16476870881482658,0.783018634913318
-0.0011998688501235499,0.07168860342340597,0.16476870881482658,0.783018634913318
-0.0011998688501235499,0.07168860342340597,0.16476870881482658,0.783018634913318
-0.0011998688501235499,0.07168860342340597,0.16476870881482658,0.783018634913318
0.0016998093820946298,0.07095142286805346,0.16322100247765187,0.7853212058875942
0.0018573904959207762,0.07057570564271581,0.16432358954392745,0.7832694278078741
0.0018573904959207762,0.07057570564271581,0.16432358954392745,0.7832694278078741
0.0018573904959207762,0.07057570564271581,0.16432358954392745,0.7832694278078741
0.0018573904959207762,0.07057570564271581,0.16432358954392745,0.7832694278078741
0.0005382441591763429,0.07204693041086206,0.1644841181021255,0.7825500340346532
0.0022153667411320696,0.07229022604564622,0.16492546817170026,0.782112174903872
0.0022153667411320696,0.07229022604564622,0.16492546817170026,0.782112174903872
-0.0006610675446672683,0.07281584602895462,0.16316791943357317,0.783802262147415
-0.0006610675446672683,0.07281584602895462,0.16316791943357317,0.783802262147415
-0.0006610675446672683,0.07281584602895462,0.16316791943357317,0.783802262147415
-0.000492054260870238,0.07218448053558421,0.16352825201346927,0.7850347450278515
-0.00021450548150710186,0.07225199892245837,0.16135801057933818,0.7867805361707093
-0.00021450548150710186,0.07225199892245837,0.16135801057933818,0.7867805361707093
-0.001676923678361215,0.0698079886819635,0.15944021849295062,0.7874607147634981
-0.001676923678361215,0.0698079886819635,0.15944021849295062,0.7874607147634981
-0.001676923678361215,0.0698079886819635,0.15944021849295062,0.7874607147634981
-0.001676923678361215,0.0698079886819635,0.15944021849295062,0.7874607147634981
-0.0010098706214881545,0.06970258907698951,0.1630609376501053,0.7862360491945006
-0.0010685770626189897,0.07050481448915723,0.16209522455145575,0.7865923410026486
-7.332599451466849e-05,0.07160133619160804,0.16060098473639486,0.7855174553106801
-7.332599451466849e-05,0.07160133619160804,0.16060098473639486,0.7855174553106801
-7.332599451466849e-05,0.07160133619160804,0.16060098473639486,0.7855174553106801
-7.332599451466849e-05,0.07160133619160804,0.16060098473639486,0.7855174553106801
0.0014912603286627393,0.07165720137484452,0.16164612805856937,0.785731298868954
0.0014912603286627393,0.07165720137484452,0.16164612805856937,0.785731298868954
0.0014912603286627393,0.07165720137484452,0.16164612805856937,0.785731298868954
0.0014912603286627393,0.07165720137484452,0.16164612805856937,0.785731298868954
0.0008844810900853338,0.0716681573372402,0.16169996967210523,0.7861390100318736
0.0008844810900853338,0.0716681573372402,0.16169996967210523,0.7861390100318736
0.0011120302222591433,0.07180703013674068,0.16159322680202073,0.7845366758888012
0.0011120302222591433,0.07180703013674068,0.16159322680202073,0.7845366758888012
0.0011120302222591433,0.07180703013674068,0.16159322680202073,0.7845366758888012
0.0011120302222591433,0.07180703013674068,0.16159322680202073,0.7845366758888012
-8.317692565471425e-05,0.07267073967889155,0.16120876973285966,0.7838051871309499
-8.317692565471425e-05,0.07267073967889155,0.16120876973285966,0.7838051871309499
-0.0011065793286975597,0.07387250480159904,0.16133642864104444,0.7840223342262365
-0.0011065793286975597,0.07387250480159904,0.16133642864104444,0.7840223342262365
-0.0014834124132777156,0.07307170023560683,0.16159518513227875,0.7830573391061765
-0.0014834124132777156,0.07307170023560683,0.16159518513227875,0.7830573391061765
-0.0007320507323102086,0.07189442078924438,0.1620346119007474,0.7840095420510571
-0.0014149432578430738,0.07134441414931218,0.16269109772431098,0.7834105807077252
0.001283162504017595,0.07360330520645945,0.1603259679107676,0.7846234295251352
0.002106400061825109,0.07191568658016494,0.16067212519140106,0.7850780233881816
0.002106400061825109,0.07191568658016494,0.16067212519140106,0.7850780233881816
0.002106400061825109,0.07191568658016494,0.16067212519140106,0.7850780233881816
0.002106400061825109,0.07191568658016494,0.16067212519140106,0.7850780233881816
0.0034302797085163103,0.07265619774017304,0.15948727252302347,0.7859480041849614
0.0018372301456055047,0.07182664001803869,0.1616376227870733,0.7855974082279504
0.0008241781983248319,0.07145185368285467,0.16054468355601176,0.787152294378604
0.0008241781983248319,0.07145185368285467,0.16054468355601176,0.787152294378604
-0.0006192316652219797,0.07213752353273191,0.15995949405736687,0.7877361818020432
-0.000968787593503394,0.07200266012548419,0.1596404529891406,0.7861466397489161
-0.000968787593503394,0.07200266012548419,0.1596404529891406,0.7861466397489161
-0.000968787593503394,0.07200266012548419,0.1596404529891406,0.7861466397489161
-0.000968787593503394,0.07200266012548419,0.1596404529891406,0.7861466397489161
0.00038894783898439016,0.0726765967189405,0.16106970054784342,0.7857125146528636
0.00038894783898439016,0.0726765967189405,0.16106970054784342,0.7857125146528636
-0.0018153069738830864,0.07147262549092019,0.16197434664690027,0.7866547635612361
-0.0037192475596815587,0.07197429712108037,0.16248871712560925,0.7842051339906845
-0.0020287510938429886,0.07233774956566139,0.16307442406017736,0.7828564622798738
-0.0020287510938429886,0.07233774956566139,0.16307442406017736,0.7828564622798738
-0.0020287510938429886,0.07233774956566139,0.16307442406017736,0.7828564622798738
-0.0020287510938429886,0.07233774956566139,0.16307442406017736,0.7828564622798738
-0.0020287510938429886,0.07233774956566139,0.16307442406017736,0.7828564622798738
-0.0027757546729947325,0.07349170673339886,0.16136582115009784,0.783364475423862
-0.0027757546729947325,0.07349170673339886,0.16136582115009784,0.783364475423862
-0.0027757546729947325,0.07349170673339886,0.16136582115009784,0.783364475423862
-0.0027757546729947325,0.07349170673339886,0.16136582115009784,0.783364475423862
-0.0027757546729947325,0.07349170673339886,0.16136582115009784,0.783364475423862
-0.0015713561465893742,0.0726421775445872,0.1628233574517122,0.7827737164931531
-0.0015713561465893742,0.0726421775445872,0.1628233574517122,0.7827737164931531
-0.0015713561465893742,0.0726421775445872,0.1628233574517122,0.7827737164931531
-0.0030423723065463454,0.07137217031004703,0.1628834046748684,0.7850268058566054
-0.0030423723065463454,0.07137217031004703,0.1628834046748684,0.7850268058566054
-0.0030423723065463454,0.07137217031004703,0.1628834046748684,0.7850268058566054
-0.0030423723065463454,0.07137217031004703,0.1628834046748684,0.7850268058566054
-0.0030423723065463454,0.07137217031004703,0.1628834046748684,0.7850268058566054
-0.0030423723065463454,0.07137217031004703,0.1628834046748684,0.7850268058566054
-0.0033388343477485567,0.07063701398855879,0.16179662414678617,0.7864202405225673
-0.0033388343477485567,0.07063701398855879,0.16179662414678617,0.7864202405225673
-0.0033388343477485567,0.07063701398855879,0.16179662414678617,0.7864202405225673
-0.0033388343477485567,0.07063701398855879,0.16179662414678617,0.7864202405225673
-0.0033388343477485567,0.07063701398855879,0.16179662414678617,0.7864202405225673
-0.002166209664625625,0.07206138534567826,0.16124775819720155,0.7856038067151265
-0.002166209664625625,0.07206138534567826,0.16124775819720155,0.7856038067151265
-0.002166209664625625,0.07206138534567826,0.16124775819720155,0.7856038067151265
-0.002166209664625625,0.07206138534567826,0.16124775819720155,0.7856038067151265
-0.0027963717995953714,0.07123504620106787,0.16169597979158976,0.7870115683650108
-0.001432836495914285,0.07113957340638906,0.16052004250239868,0.7872481534137277
-0.001432836495914285,0.07113957340638906,0.16052004250239868,0.7872481534137277
-0.001432836495914285,0.07113957340638906,0.16052004250239868,0.7872481534137277
-0.0013872851028924468,0.07100881599567628,0.1604236710244793,0.7857871568116742
-0.0013872851028924468,0.07100881599567628,0.1604236710244793,0.7857871568116742
-0.0008608848239291466,0.07056241473972759,0.16009216124257022,0.7858323929350629
-0.0008608848239291466,0.07056241473972759,0.16009216124257022,0.7858323929350629
-0.0008608848239291466,0.07056241473972759,0.16009216124257022,0.7858323929350629
-0.0008608848239291466,0.07056241473972759,0.16009216124257022,0.7858323929350629
0.00037852420284937844,0.07103410535404965,0.1594400351396569,0.7865818019738675
0.00037852420284937844,0.07103410535404965,0.1594400351396569,0.7865818019738675
-0.002634948572233703,0.07172949521568975,0.1581175449007925,0.7870707622406828
-0.002634948572233703,0.07172949521568975,0.1581175449007925,0.7870707622406828
-0.0016433620370325636,0.07217513877991517,0.1581973530636292,0.7870878467789888
-0.0016433620370325636,0.07217513877991517,0.1581973530636292,0.7870878467789888
-0.0023251179650421745,0.0723451176287228,0.159275375809581,0.7846189343867757
-0.0023251179650421745,0.0723451176287228,0.159275375809581,0.7846189343867757
-0.00022465806244256065,0.07370965927868796,0.15832505708914324,0.786555526366485
-0.00022465806244256065,0.07370965927868796,0.15832505708914324,0.786555526366485
0.001621814505492871,0.07485072498115798,0.15769170367604982,0.7858466030448679
0.001621814505492871,0.07485072498115798,0.15769170367604982,0.7858466030448679
0.001621814505492871,0.07485072498115798,0.15769170367604982,0.7858466030448679
0.0021982136328245225,0.07453168550992782,0.158640503422398,0.7841276446988257
0.0022233667295924867,0.07358235735847016,0.16084439682456456,0.7836308500093124
0.0022233667295924867,0.07358235735847016,0.16084439682456456,0.7836308500093124
0.0022233667295924867,0.07358235735847016,0.16084439682456456,0.7836308500093124
0.0022233667295924867,0.07358235735847016,0.16084439682456456,0.7836308500093124
0.0022233667295924867,0.07358235735847016,0.16084439682456456,0.7836308500093124
0.0011910038355882945,0.07352657244967983,0.1592587807810802,0.7852356204814024
0.0011910038355882945,0.07352657244967983,0.1592587807810802,0.7852356204814024
0.0011910038355882945,0.07352657244967983,0.1592587807810802,0.7852356204814024
0.0011910038355882945,0.07352657244967983,0.1592587807810802,0.7852356204814024
0.0011910038355882945,0.07352657244967983,0.1592587807810802,0.7852356204814024
-0.0001461426829083936,0.07257213641121446,0.1602262618303816,0.7847770510329869
-0.0001461426829083936,0.07257213641121446,0.1602262618303816,0.7847770510329869
-0.0001461426829083936,0.07257213641121446,0.1602262618303816,0.7847770510329869
-0.0001461426829083936,0.07257213641121446,0.1602262618303816,0.7847770510329869
-0.0010277463777475936,0.0712242409414704,0.1609624700995688,0.7861339222565329
-0.0010277463777475936,0.0712242409414704,0.1609624700995688,0.7861339222565329
-0.00212316772114434,0.07092713119188611,0.16022558827441272,0.787361227107572
-0.002251937387185249,0.0713581863354453,0.15883936861579187,0.7863787565400967
-0.002251937387185249,0.0713581863354453,0.15883936861579187,0.7863787565400967
-0.002251937387185249,0.0713581863354453,0.15883936861579187,0.7863787565400967
-0.002251937387185249,0.0713581863354453,0.15883936861579187,0.7863787565400967
-0.003326433149525564,0.07104704996089557,0.15922139439544794,0.7863999489972151
-0.003326433149525564,0.07104704996089557,0.15922139439544794,0.7863999489972151
-0.003326433149525564,0.07104704996089557,0.15922139439544794,0.7863999489972151
-0.003326433149525564,0.07104704996089557,0.15922139439544794,0.7863999489972151
-0.003326433149525564,0.07104704996089557,0.15922139439544794,0.7863999489972151
-0.0027232031757483044,0.0708805246309103,0.16012600886035624,0.7866729585394237
-0.0027232031757483044,0.0708805246309103,0.16012600886035624,0.7866729585394237
-0.0002889173742806582,0.06957386879977201,0.159836514573337,0.7882044030412924
-0.0002889173742806582,0.06957386879977201,0.159836514573337,0.7882044030412924
-0.0002889173742806582,0.06957386879977201,0.159836514573337,0.7882044030412924
-0.0002889173742806582,0.06957386879977201,0.159836514573337,0.7882044030412924
-0.0008332256579381612,0.06818673395975275,0.15983728315905502,0.7890130184058698
-0.0004065670924958474,0.070008154137,0.15998448695625586,0.7882335719352395
-0.0004065670924958474,0.070008154137,0.15998448695625586,0.7882335719352395
-0.0004065670924958474,0.070008154137,0.15998448695625586,0.7882335719352395
-0.0004065670924958474,0.070008154137,0.15998448695625586,0.7882335719352395
-0.0004065670924958474,0.070008154137,0.15998448695625586,0.7882335719352395
-0.002397187771306614,0.07125340507336315,0.1600758841477839,0.7871655638731071
-0.001576479743010259,0.07097542496866255,0.15942861152941065,0.7865281676263766
-0.0005651174917819424,0.0711522587915254,0.15848333245692503,0.7886832212111526
-0.0024134080317865557,0.07008688260106993,0.1598965155697857,0.788006244801353
-0.0024134080317865557,0.07008688260106993,0.1598965155697857,0.788006244801353
-0.0024134080317865557,0.07008688260106993,0.1598965155697857,0.788006244801353
-0.0009560227381227705,0.07000736311406082,0.16071696808585037,0.7861362753432974
-0.001022493090532042,0.07172885091718069,0.16020461987408555,0.7873933133487451
-0.001022493090532042,0.07172885091718069,0.16020461987408555,0.7873933133487451
-0.001022493090532042,0.07172885091718069,0.16020461987408555,0.7873933133487451
-0.0015168920621588793,0.07220612443138022,0.15995840883505474,0.7854287950402699
-0.0015168920621588793,0.07220612443138022,0.15995840883505474,0.7854287950402699
-0.0015168920621588793,0.07220612443138022,0.15995840883505474,0.7854287950402699
-0.002347861651764949,0.07328568913042362,0.1580974891124761,0.7869272375922226
-0.0023927462255823257,0.07408848334335195,0.1577853751148581,0.7859625536390176
-0.00014004738074350435,0.07489163174848544,0.15710933165434213,0.7849924252281529
-0.00014004738074350435,0.07489163174848544,0.15710933165434213,0.7849924252281529
0.0013477201908264295,0.07321165537950304,0.1592380474802576,0.785550557174685
0.0013477201908264295,0.07321165537950304,0.1592380474802576,0.785550557174685
0.0013477201908264295,0.07321165537950304,0.1592380474802576,0.785550557174685
0.0006318898696570973,0.07247625089878014,0.15977549725095408,0.7842539631779434
-0.0008335671993933611,0.07147623117787189,0.1604408419481853,0.7869151941415163
-0.0018057782550455433,0.07233211407741186,0.16029304648354478,0.7859633084534947
-0.004317096880863607,0.07268851435625434,0.16089041460797118,0.7847501806641541
-0.004317096880863607,0.07268851435625434,0.16089041460797118,0.7847501806641541
-0.004317096880863607,0.07268851435625434,0.16089041460797118,0.7847501806641541
-0.004317096880863607,0.07268851435625434,0.16089041460797118,0.7847501806641541
-0.004317096880863607,0.07268851435625434,0.16089041460797118,0.7847501806641541
-0.004317096880863607,0.07268851435625434,0.16089041460797118,0.7847501806641541
-0.004555516843663882,0.07197098454585542,0.1634383691316795,0.7840654245053582
-0.004555516843663882,0.07197098454585542,0.1634383691316795,0.7840654245053582
-0.004555516843663882,0.07197098454585542,0.1634383691316795,0.7840654245053582
-0.004555516843663882,0.07197098454585542,0.1634383691316795,0.7840654245053582
-0.004555516843663882,0.07197098454585542,0.1634383691316795,0.7840654245053582
-0.0035268867596880103,0.07117168877507311,0.16377997082047208,0.7852170838453276
-0.0035268867596880103,0.07117168877507311,0.16377997082047208,0.7852170838453276
-0.0035268867596880103,0.07117168877507311,0.16377997082047208,0.7852170838453276
-0.0035268867596880103,0.07117168877507311,0.16377997082047208,0.7852170838453276
-0.00449955399631731,0.07089715339634528,0.1649826972453524,0.78424117387344
-0.004461512097639095,0.07192819266930102,0.1647908023821743,0.7833133045909616
-0.002664037434442839,0.07281412381694055,0.1642578968729268,0.7836127657983977
-0.002664037434442839,0.07281412381694055,0.1642578968729268,0.7836127657983977
-0.002664037434442839,0.07281412381694055,0.1642578968729268,0.7836127657983977
-0.001200444163564539,0.0731646176198871,0.16196655508975263,0.7815197452621426
-0.004429815836561493,0.073525785537381,0.16428824567708986,0.7804454051422677
-0.0031868553128805007,0.07319470765941812,0.1625265883490512,0.7818538944395717
-0.004589419803737312,0.0733736405482699,0.16495270358695982,0.7801694757282169
-0.004589419803737312,0.0733736405482699,0.16495270358695982,0.7801694757282169
-0.003252453890352594,0.07504262422146196,0.16510096909713393,0.7799648151958873
-0.003252453890352594,0.07504262422146196,0.16510096909713393,0.7799648151958873
-0.004214011136081514,0.07312845131453426,0.16414130552034598,0.7808926257835949
-0.004214011136081514,0.07312845131453426,0.16414130552034598,0.7808926257835949
-0.004214011136081514,0.07312845131453426,0.16414130552034598,0.7808926257835949
-0.004214011136081514,0.07312845131453426,0.16414130552034598,0.7808926257835949
-0.004957952652276997,0.07254995402431685,0.1645121434182067,0.7825006360970084
-0.004769902571211375,0.07463385265703046,0.164240508907751,0.7819157288479096
-0.004769902571211375,0.07463385265703046,0.164240508907751,0.7819157288479096
-0.005611506361665578,0.07459025294345237,0.16463610659331815,0.781777457280659
-0.005611506361665578,0.07459025294345237,0.16463610659331815,0.781777457280659
-0.005611506361665578,0.07459025294345237,0.16463610659331815,0.781777457280659
-0.006628594897012503,0.07448992718637334,0.16582640674127203,0.7802407521611671
-0.006628594897012503,0.07448992718637334,0.16582640674127203,0.7802407521611671
-0.006454080496819515,0.07573864168884652,0.16562629481361912,0.7804837059463592
-0.004233621274359603,0.0775486793319368,0.1642775692355854,0.7788187714251952
-0.004233621274359603,0.0775486793319368,0.1642775692355854,0.7788187714251952
-0.00385340276811918,0.07850119893321264,0.16637410362330834,0.775074019053827
-0.00385340276811918,0.07850119893321264,0.16637410362330834,0.775074019053827
-0.00385340276811918,0.07850119893321264,0.16637410362330834,0.775074019053827
-0.00385340276811918,0.07850119893321264,0.16637410362330834,0.775074019053827
-0.0014533119076398935,0.07854302744623509,0.16552918191397778,0.7749415174449382
-0.0014533119076398935,0.07854302744623509,0.16552918191397778,0.7749415174449382
-0.0025874412568167985,0.07911251884770999,0.16714161781976364,0.7746351771555993
-0.0025874412568167985,0.07911251884770999,0.16714161781976364,0.7746351771555993
-0.0025874412568167985,0.07911251884770999,0.16714161781976364,0.7746351771555993
-0.000211545123833869,0.0780664725736157,0.16721605171232054,0.7756359653365856
-0.000211545123833869,0.0780664725736157,0.16721605171232054,0.7756359653365856
-0.000211545123833869,0.0780664725736157,0.16721605171232054,0.7756359653365856
-0.000211545123833869,0.0780664725736157,0.16721605171232054,0.7756359653365856
-0.000211545123833869,0.0780664725736157,0.16721605171232054,0.7756359653365856
-0.000211545123833869,0.0780664725736157,0.16721605171232054,0.7756359653365856
-0.000211545123833869,0.0780664725736157,0.16721605171232054,0.7756359653365856
0.0006299649015089754,0.07550283371158571,0.16772633377071408,0.7775610999692353
0.0011652748623488642,0.07439286478002607,0.16562423016278222,0.7788940665621079
0.0011652748623488642,0.07439286478002607,0.16562423016278222,0.7788940665621079
0.0011652748623488642,0.07439286478002607,0.16562423016278222,0.7788940665621079
0.0011652748623488642,0.07439286478002607,0.16562423016278222,0.7788940665621079
0.0010314045383648688,0.07362385495519799,0.16425848906959342,0.7819761556641924
0.0010314045383648688,0.07362385495519799,0.16425848906959342,0.7819761556641924
0.0011901420459894646,0.07335921921947273,0.1650460868530339,0.7825864283446268
0.001080203264154869,0.07059433242896672,0.16096988598306738,0.7852187257395957
0.0011783510338436059,0.07286601876123656,0.16111408237430166,0.7848247924893889
0.0011783510338436059,0.07286601876123656,0.16111408237430166,0.7848247924893889
0.0011783510338436059,0.07286601876123656,0.16111408237430166,0.7848247924893889
1.1324332233934213e-05,0.0729782660478731,0.16299336803745135,0.7835734490227696
0.001192643582523493,0.07318908898103751,0.1605815003937599,0.7849385592942784
0.001192643582523493,0.07318908898103751,0.1605815003937599,0.7849385592942784
0.0003175997705258625,0.07202496211392673,0.16077539593902931,0.7855606430866345
0.0003175997705258625,0.07202496211392673,0.16077539593902931,0.7855606430866345
0.0003175997705258625,0.07202496211392673,0.16077539593902931,0.7855606430866345
0.0003175997705258625,0.07202496211392673,0.16077539593902931,0.7855606430866345
0.0003175997705258625,0.07202496211392673,0.16077539593902931,0.7855606430866345
0.0003175997705258625,0.07202496211392673,0.16077539593902931,0.7855606430866345
0.0003175997705258625,0.07202496211392673,0.16077539593902931,0.7855606430866345
-0.0019611508525772623,0.07244949147140792,0.1607355158389052,0.7841935479478098
-0.0014479345374721602,0.07410548638917608,0.16012184065663213,0.7837794252520565
-0.0014479345374721602,0.07410548638917608,0.16012184065663213,0.7837794252520565
-0.0014479345374721602,0.07410548638917608,0.16012184065663213,0.7837794252520565
-0.00190980042559251,0.07513837251238681,0.1601953522295065,0.7828435570853787
-0.003462236832897682,0.07653351364274148,0.1611282899402834,0.7811554533762878
-0.003462236832897682,0.07653351364274148,0.1611282899402834,0.7811554533762878
-0.004041175305521299,0.07544767590683811,0.16138803102440535,0.7807624144233706
-0.0027127575376217463,0.07346827395619908,0.1608268837372432,0.783547532674258
-0.0008840862421638184,0.07415300373510256,0.16169745323597048,0.7830529691759762
1.8061873869844205e-05,0.0732636166906211,0.16385187544003307,0.7813399797556788
1.8061873869844205e-05,0.0732636166906211,0.16385187544003307,0.7813399797556788
1.8061873869844205e-05,0.0732636166906211,0.16385187544003307,0.7813399797556788
0.000103388647182128,0.07350876636784298,0.16267080889870056,0.7821680619667096
0.000103388647182128,0.07350876636784298,0.16267080889870056,0.7821680619667096
0.000103388647182128,0.07350876636784298,0.16267080889870056,0.7821680619667096
0.0015243465959038165,0.07410526554011601,0.16439906570113422,0.7805789872451637
0.0015243465959038165,0.07410526554011601,0.16439906570113422,0.7805789872451637
0.0015243465959038165,0.07410526554011601,0.16439906570113422,0.7805789872451637
0.0015243465959038165,0.07410526554011601,0.16439906570113422,0.7805789872451637
0.0015243465959038165,0.07410526554011601,0.16439906570113422,0.7805789872451637
0.0015243465959038165,0.07410526554011601,0.16439906570113422,0.7805789872451637
0.0024603528036849735,0.07464529784987343,0.16424916278569898,0.7801318782958983
0.002011895778262986,0.07301018932065169,0.16438384305066817,0.7812812798331087
0.002011895778262986,0.07301018932065169,0.16438384305066817,0.7812812798331087
0.0014646326035835178,0.07314135329250764,0.16291372178933095,0.7841673254385264
0.0014646326035835178,0.07314135329250764,0.16291372178933095,0.7841673254385264
0.0014646326035835178,0.07314135329250764,0.16291372178933095,0.7841673254385264
0.0014646326035835178,0.07314135329250764,0.16291372178933095,0.7841673254385264
0.002948321109394944,0.07442240696019976,0.16198684247910577,0.7825349216192128
0.002948321109394944,0.07442240696019976,0.16198684247910577,0.7825349216192128
0.002240974928487712,0.07466872517938143,0.1629855480172587,0.7822736465774501
0.0027356621671278786,0.07498158295252727,0.16264129202610977,0.7810766846588043
0.0002963046408263736,0.07569700590892837,0.16273988244591972,0.7813330366292421
0.0002963046408263736,0.07569700590892837,0.16273988244591972,0.7813330366292421
-0.00013660694467438277,0.07419420099343084,0.16365175193787174,0.780345725318931
0.0010623048732206083,0.0750350169621894,0.1627746176784841,0.7815714254945227
0.002370564058011456,0.07393572965560978,0.16307791029706842,0.7819798629872093
0.002370564058011456,0.07393572965560978,0.16307791029706842,0.7819798629872093
0.002370564058011456,0.07393572965560978,0.16307791029706842,0.7819798629872093
0.002370564058011456,0.07393572965560978,0.16307791029706842,0.7819798629872093
0.002370564058011456,0.07393572965560978,0.16307791029706842,0.7819798629872093
0.002370564058011456,0.07393572965560978,0.16307791029706842,0.7819798629872093
0.0012627965819279978,0.07367838213702704,0.16389041236642074,0.7802606463465483
0.001868646561716787,0.07415257702912248,0.16446314990881064,0.7812554109162134
0.001868646561716787,0.07415257702912248,0.16446314990881064,0.7812554109162134
0.0024453743539283694,0.07564817285396319,0.16624918064620456,0.7787272618643056
0.0024453743539283694,0.07564817285396319,0.16624918064620456,0.7787272618643056
0.0024453743539283694,0.07564817285396319,0.16624918064620456,0.7787272618643056
0.0024453743539283694,0.07564817285396319,0.16624918064620456,0.7787272618643056
0.0024453743539283694,0.07564817285396319,0.16624918064620456,0.7787272618643056
0.0024453743539283694,0.07564817285396319,0.16624918064620456,0.7787272618643056
0.0024453743539283694,0.07564817285396319,0.16624918064620456,0.7787272618643056
0.0024453743539283694,0.07564817285396319,0.16624918064620456,0.7787272618643056
0.0024453743539283694,0.07564817285396319,0.16624918064620456,0.7787272618643056
0.0024453743539283694,0.07564817285396319,0.16624918064620456,0.7787272618643056
0.0024453743539283694,0.07564817285396319,0.16624918064620456,0.7787272618643056
0.0024453743539283694,0.07564817285396319,0.16624918064620456,0.7787272618643056
0.0024453743539283694,0.07564817285396319,0.16624918064620456,0.7787272618643056
0.0024453743539283694,0.07564817285396319,0.16624918064620456,0.7787272618643056
0.0024453743539283694,0.07564817285396319,0.16624918064620456,0.7787272618643056
0.0024453743539283694,0.07564817285396319,0.16624918064620456,0.7787272618643056
0.002622516471784556,0.07571305292469396,0.16932090847478384,0.7754702749444248
0.0017924942256022224,0.07606977907024791,0.1680672035670609,0.7749853832627384
0.0018474735237533671,0.07461175894003054,0.16773612227701626,0.7766715143858746
0.002324624767124072,0.07532210544527568,0.16686054681216486,0.7758309138945165
0.0013363714128007745,0.07500197602271737,0.16636560580847695,0.7778787007255276
0.00114522242362694,0.07529381377824591,0.16681819279317123,0.7778624087365554
0.00114522242362694,0.07529381377824591,0.16681819279317123,0.7778624087365554
0.00114522242362694,0.07529381377824591,0.16681819279317123,0.7778624087365554
-0.0005474675658734187,0.07463073033113264,0.16527837113019805,0.7797185357464739
-0.0005474675658734187,0.07463073033113264,0.16527837113019805,0.7797185357464739
0.001246474366732461,0.07513414640173342,0.16517008913221073,0.7799950231447252
0.0012127299123836568,0.07529493742866743,0.1639349087897806,0.7800232414580591
0.0012127299123836568,0.07529493742866743,0.1639349087897806,0.7800232414580591
0.0012127299123836568,0.07529493742866743,0.1639349087897806,0.7800232414580591
0.0012127299123836568,0.07529493742866743,0.1639349087897806,0.7800232414580591
0.0012127299123836568,0.07529493742866743,0.1639349087897806,0.7800232414580591
0.0012127299123836568,0.07529493742866743,0.1639349087897806,0.7800232414580591
0.0012127299123836568,0.07529493742866743,0.1639349087897806,0.7800232414580591
0.002338492612735993,0.07402678010867732,0.16382070622330688,0.7817325972208015
0.002338492612735993,0.07402678010867732,0.16382070622330688,0.7817325972208015
0.002338492612735993,0.07402678010867732,0.16382070622330688,0.7817325972208015
0.0013470785289236584,0.07349069498454032,0.16225553702366222,0.7840401431681218
0.0013470785289236584,0.07349069498454032,0.16225553702366222,0.7840401431681218
0.0013470785289236584,0.07349069498454032,0.16225553702366222,0.7840401431681218
0.0013470785289236584,0.07349069498454032,0.16225553702366222,0.7840401431681218
0.0013470785289236584,0.07349069498454032,0.16225553702366222,0.7840401431681218
0.0008615446252595034,0.07273821985253912,0.1626889306661899,0.7825770348402132
0.001161586596160746,0.07304847423989964,0.1635156564154197,0.7811324085843823
0.0025223744282519747,0.07373009550889527,0.16264318022716884,0.7819719966266407
0.0025223744282519747,0.07373009550889527,0.16264318022716884,0.7819719966266407
0.0025223744282519747,0.07373009550889527,0.16264318022716884,0.7819719966266407
0.00175268704767978,0.07276176544023642,0.16363079432332694,0.7815208495125893
0.0017331405925238015,0.07316282214788386,0.1615128248076465,0.7834222164535944
0.0016127707388705025,0.07462465412912174,0.16092192320483592,0.7824202465676419
0.0011945235680986643,0.07653444576089578,0.16307184149900342,0.7812626475418298
-0.00018710239182859276,0.07506856246964394,0.16298273981582462,0.7807388508495609
-0.00018710239182859276,0.07506856246964394,0.16298273981582462,0.7807388508495609
0.0002069921035340873,0.07341947287420456,0.16333611917714322,0.7818624661924971
0.0002069921035340873,0.07341947287420456,0.16333611917714322,0.7818624661924971
0.0002069921035340873,0.07341947287420456,0.16333611917714322,0.7818624661924971
0.0002857667921093054,0.07477983537779996,0.1622097137330923,0.7809739161959323
0.0019319193390473005,0.0746569024756143,0.163477475639576,0.7821284325562837
0.0003126740625322684,0.07649433091649557,0.16299236980974185,0.7801966480764553
0.0003126740625322684,0.07649433091649557,0.16299236980974185,0.7801966480764553
0.0003126740625322684,0.07649433091649557,0.16299236980974185,0.7801966480764553
0.0003126740625322684,0.07649433091649557,0.16299236980974185,0.7801966480764553
-0.002052662125712283,0.07577485769621643,0.16492970048693847,0.7789825159335116
-0.002052662125712283,0.07577485769621643,0.16492970048693847,0.7789825159335116
-0.002052662125712283,0.07577485769621643,0.16492970048693847,0.7789825159335116
-0.0022039380482782862,0.07536811724116295,0.16381203382973777,0.7799535294293396
-0.003935155518416467,0.07627432005868391,0.16370316502897872,0.7799934468432094
-0.003935155518416467,0.07627432005868391,0.16370316502897872,0.7799934468432094
-0.003935155518416467,0.07627432005868391,0.16370316502897872,0.7799934468432094
-0.0031042713140174687,0.0757418340591272,0.16332460972242768,0.7786692336364495
-0.0031042713140174687,0.0757418340591272,0.16332460972242768,0.7786692336364495
-0.0031042713140174687,0.0757418340591272,0.16332460972242768,0.7786692336364495
-0.0031042713140174687,0.0757418340591272,0.16332460972242768,0.7786692336364495
-0.002096369860439717,0.0756297595534209,0.16202547828169056,0.7800265784554928
-0.002096369860439717,0.0756297595534209,0.16202547828169056,0.7800265784554928
-0.0022696302290666527,0.07417820615996625,0.1627964817458721,0.7806758116138025
-0.0022696302290666527,0.07417820615996625,0.1627964817458721,0.7806758116138025
-0.0022696302290666527,0.07417820615996625,0.1627964817458721,0.7806758116138025
-0.001839067961125658,0.07281615145985844,0.16241992284146536,0.7825087804601519
-0.003565242440774885,0.0735645809379847,0.16244709724625173,0.7827463617026501
-0.0049368046222036275,0.073460173993694,0.16188390638718334,0.7829550179874545
-0.0049368046222036275,0.073460173993694,0.16188390638718334,0.7829550179874545
-0.0049368046222036275,0.073460173993694,0.16188390638718334,0.7829550179874545
-0.005599183414466852,0.07311415868412936,0.16058437211587726,0.7845940005154459
-0.005599183414466852,0.07311415868412936,0.16058437211587726,0.7845940005154459
-0.005599183414466852,0.07311415868412936,0.16058437211587726,0.7845940005154459
-0.006706204607478387,0.0744677912400318,0.1611853284836676,0.7846411599633974
-0.006706204607478387,0.0744677912400318,0.1611853284836676,0.7846411599633974
-0.005645058424407178,0.07405497975238236,0.16064759589143093,0.7850894256536337
-0.005645058424407178,0.07405497975238236,0.16064759589143093,0.7850894256536337
-0.005645058424407178,0.07405497975238236,0.16064759589143093,0.7850894256536337
-0.005645058424407178,0.07405497975238236,0.16064759589143093,0.7850894256536337
-0.005645058424407178,0.07405497975238236,0.16064759589143093,0.7850894256536337
-0.006275245652706466,0.0732541217334622,0.16028475833090486,0.7836892187128408
-0.006275245652706466,0.0732541217334622,0.16028475833090486,0.7836892187128408
-0.006275245652706466,0.0732541217334622,0.16028475833090486,0.7836892187128408
-0.007280736356454846,0.07413700628988013,0.1610538431940297,0.7833917140529485
-0.007280736356454846,0.07413700628988013,0.1610538431940297,0.7833917140529485
-0.007280736356454846,0.07413700628988013,0.1610538431940297,0.7833917140529485
-0.007306139396831053,0.07510972069054463,0.16050256778293953,0.7846311329809703
-0.007306139396831053,0.07510972069054463,0.16050256778293953,0.7846311329809703
-0.007306139396831053,0.07510972069054463,0.16050256778293953,0.7846311329809703
-0.007306139396831053,0.07510972069054463,0.16050256778293953,0.7846311329809703
-0.00868832635811128,0.07327724289757982,0.16149512077928022,0.7845819992216858
-0.008892616852399022,0.07362015804948296,0.16025531962110773,0.7841563917318051
-0.008892616852399022,0.07362015804948296,0.16025531962110773,0.7841563917318051
-0.008892616852399022,0.07362015804948296,0.16025531962110773,0.7841563917318051
-0.008953036330127067,0.0732959132857315,0.16175323656923923,0.7823935911155993
-0.008953036330127067,0.0732959132857315,0.16175323656923923,0.7823935911155993
-0.008953036330127067,0.0732959132857315,0.16175323656923923,0.7823935911155993
-0.008953036330127067,0.0732959132857315,0.16175323656923923,0.7823935911155993
-0.008953036330127067,0.0732959132857315,0.16175323656923923,0.7823935911155993
-0.00798234514176047,0.0729546565708959,0.1602853037914077,0.7842159690097882
-0.00798234514176047,0.0729546565708959,0.1602853037914077,0.7842159690097882
-0.00798234514176047,0.0729546565708959,0.1602853037914077,0.7842159690097882
-0.0062279254973564135,0.07205111552868096,0.16042386669942285,0.7862676498402896
-0.00601891476426611,0.07141898652698665,0.16246178987580015,0.7854444209871745
-0.005450462996728734,0.07321211042247489,0.1624567446839834,0.7835575890257314
-0.004025067311696749,0.0738149602181832,0.16297487961470256,0.7828317916184524
-0.002845298189637532,0.07275545373222023,0.16370052644278,0.7837981476992707
-0.002845298189637532,0.07275545373222023,0.16370052644278,0.7837981476992707
-0.002845298189637532,0.07275545373222023,0.16370052644278,0.7837981476992707
-0.002845298189637532,0.07275545373222023,0.16370052644278,0.7837981476992707
-0.002845298189637532,0.07275545373222023,0.16370052644278,0.7837981476992707
-0.0030389587317851633,0.07299148318689597,0.1641557972224482,0.7836366828065974
-0.003675189323854452,0.0721837279895077,0.16290811848329395,0.7857149721308405
-0.001227169641999067,0.07223868818445588,0.162841970235476,0.7842967077642549
-0.001227169641999067,0.07223868818445588,0.162841970235476,0.7842967077642549
-0.001227169641999067,0.07223868818445588,0.162841970235476,0.7842967077642549
0.0008512936154864525,0.07200025857497203,0.16347923817782628,0.7825114079897274
0.0008512936154864525,0.07200025857497203,0.16347923817782628,0.7825114079897274
0.0008512936154864525,0.07200025857497203,0.16347923817782628,0.7825114079897274
0.0008512936154864525,0.07200025857497203,0.16347923817782628,0.7825114079897274
-0.0004593658925845336,0.07166679065167988,0.16415913144811703,0.7828689118905796
-0.0004593658925845336,0.07166679065167988,0.16415913144811703,0.7828689118905796
-0.0004593658925845336,0.07166679065167988,0.16415913144811703,0.7828689118905796
-0.0007789521805049877,0.07210574248832025,0.16514859560664094,0.7823725663084429
-0.0007789521805049877,0.07210574248832025,0.16514859560664094,0.7823725663084429
-0.0026125749977936523,0.07088310549810417,0.16453285931627332,0.7826731149203833
-0.0034381157117805055,0.07076933005962026,0.16371279372212194,0.7833797902171504
-0.0034381157117805055,0.07076933005962026,0.16371279372212194,0.7833797902171504
-0.0034381157117805055,0.07076933005962026,0.16371279372212194,0.7833797902171504
-0.0034381157117805055,0.07076933005962026,0.16371279372212194,0.7833797902171504
-0.0034381157117805055,0.07076933005962026,0.16371279372212194,0.7833797902171504
-0.0017176292795014329,0.07146049010325302,0.16354883189681202,0.7828931322263598
-0.002732734352398243,0.0724950372107916,0.1645790531566259,0.7811433205753165
-0.005031164820085187,0.07373773414592227,0.16464204741933786,0.780098534914389
-0.003597324907397282,0.07305112551591736,0.16626419237629053,0.7794032150155947
-0.005600672101248822,0.07324312130426554,0.1668420498196046,0.7797433549625451
-0.005600672101248822,0.07324312130426554,0.1668420498196046,0.7797433549625451
-0.005600672101248822,0.07324312130426554,0.1668420498196046,0.7797433549625451
-0.005600672101248822,0.07324312130426554,0.1668420498196046,0.7797433549625451
-0.005600672101248822,0.07324312130426554,0.1668420498196046,0.7797433549625451
-0.005600672101248822,0.07324312130426554,0.1668420498196046,0.7797433549625451
-0.0052369645523706885,0.07383283921668334,0.16383619048637652,0.7811542651856128
-0.006147795086141874,0.07429183171224352,0.16263288079998178,0.7814823269690039
-0.006147795086141874,0.07429183171224352,0.16263288079998178,0.7814823269690039
-0.00574548989876414,0.07442891263888013,0.1656111614242386,0.7800531234704707
-0.00574548989876414,0.07442891263888013,0.1656111614242386,0.7800531234704707
-0.006036585011033084,0.07366117614855552,0.16658230045903494,0.7801888587634691
-0.0053235620771590365,0.07382940706198268,0.16512705841694128,0.7828903995726303
-0.006687354932990028,0.07479720345161478,0.16521761728811696,0.7808198994552813
-0.006098416724352388,0.07341843081730977,0.16544655915377832,0.7815141894300951
-0.006098416724352388,0.07341843081730977,0.16544655915377832,0.7815141894300951
-0.006098416724352388,0.07341843081730977,0.16544655915377832,0.7815141894300951
-0.006098416724352388,0.07341843081730977,0.16544655915377832,0.7815141894300951
-0.006098416724352388,0.07341843081730977,0.16544655915377832,0.7815141894300951
-0.006098416724352388,0.07341843081730977,0.16544655915377832,0.7815141894300951
-0.005236736535717121,0.07356250504782207,0.16555707622415503,0.7823500209821536
-0.005236736535717121,0.07356250504782207,0.16555707622415503,0.7823500209821536
-0.005236736535717121,0.07356250504782207,0.16555707622415503,0.7823500209821536
-0.005064314996428206,0.07115625738783542,0.16486967803596136,0.7821545405174247
-0.005064314996428206,0.07115625738783542,0.16486967803596136,0.7821545405174247
-0.0033140609225507,0.07065538801934604,0.16453342864177378,0.7832727199501426
-0.0038861347466905257,0.0703955517159087,0.16511924490837554,0.7832064950584776
-0.004676720309403952,0.07153962161725644,0.16403960101091603,0.7832975849068038
-0.004676720309403952,0.07153962161725644,0.16403960101091603,0.7832975849068038
-0.004676720309403952,0.07153962161725644,0.16403960101091603,0.7832975849068038
-0.006793386813783155,0.07134785135247501,0.16282632845822476,0.7853241642447859
-0.005476588354008148,0.07251350470367977,0.16276213115741794,0.785579048431655
-0.0061534078380311415,0.07217251834703765,0.16058081206451755,0.7858837853855558
-0.0061534078380311415,0.07217251834703765,0.16058081206451755,0.7858837853855558
-0.006160601984761246,0.07185453662798762,0.15947354419244064,0.7861145226451828
-0.006160601984761246,0.07185453662798762,0.15947354419244064,0.7861145226451828
-0.004331900593814143,0.07265586211220217,0.1590128855619519,0.7865647146317015
-0.004331900593814143,0.07265586211220217,0.1590128855619519,0.7865647146317015
-0.0017960229189424946,0.07231987188291712,0.1597119612675614,0.7865353121494235
-0.0017960229189424946,0.07231987188291712,0.1597119612675614,0.7865353121494235
-0.0017960229189424946,0.07231987188291712,0.1597119612675614,0.7865353121494235
-0.002641349042875509,0.07223173981896512,0.15884739213428284,0.7875797084796659
-0.0019854433020108507,0.07182392108880767,0.15776839458761974,0.7882446907944766
-0.0019952237921866713,0.07273005411316107,0.15938197935537932,0.7865579333695542
-0.0019952237921866713,0.07273005411316107,0.15938197935537932,0.7865579333695542
-0.0019952237921866713,0.07273005411316107,0.15938197935537932,0.7865579333695542
-0.0008084329869340464,0.07275070754752842,0.16045075604215203,0.7847460400684735
-0.0008084329869340464,0.07275070754752842,0.16045075604215203,0.7847460400684735
-0.0008084329869340464,0.07275070754752842,0.16045075604215203,0.7847460400684735
-0.0008084329869340464,0.07275070754752842,0.16045075604215203,0.7847460400684735
-0.0008084329869340464,0.07275070754752842,0.16045075604215203,0.7847460400684735
-0.0008084329869340464,0.07275070754752842,0.16045075604215203,0.7847460400684735
0.0012804304674990353,0.07263720390137865,0.16132597964823361,0.7848738210594823
0.0012804304674990353,0.07263720390137865,0.16132597964823361,0.7848738210594823
0.000799091094958872,0.07313426841100164,0.16085002479209196,0.7851606396117704
0.000799091094958872,0.07313426841100164,0.16085002479209196,0.7851606396117704
-0.0016153096595367782,0.07096036462399923,0.16029330974286538,0.7857523516132929
-0.0020466505933491516,0.0714596874198124,0.15938703564068546,0.7870177571757975
-0.0020545110010333945,0.07235065996626949,0.16039171290966003,0.7849522284733667
-0.0020545110010333945,0.07235065996626949,0.16039171290966003,0.7849522284733667
-0.0020545110010333945,0.07235065996626949,0.16039171290966003,0.7849522284733667
-0.0020545110010333945,0.07235065996626949,0.16039171290966003,0.7849522284733667
-0.0029426450770340803,0.07266333317728749,0.1593892591894925,0.7850911595497561
-0.0026690999951144503,0.07310861981180779,0.15924280883654146,0.7859778632643674
-0.0026690999951144503,0.07310861981180779,0.15924280883654146,0.7859778632643674
-0.0030211919360617237,0.07072295196972572,0.1609068550460545,0.7869192652171714
-0.0030211919360617237,0.07072295196972572,0.1609068550460545,0.7869192652171714
-0.0030211919360617237,0.07072295196972572,0.1609068550460545,0.7869192652171714
-0.0025916275863703637,0.0716876365827619,0.1606378024253865,0.7846281370439637
-0.0028138761176268096,0.07218415706376674,0.16110139604778756,0.7855215481862735
-0.0023240594562891435,0.07207650599876282,0.16058451051924585,0.7857008100176968
-0.0012379596586688467,0.07110399792181032,0.16115339771583387,0.7876552334192687
-0.0012379596586688467,0.07110399792181032,0.16115339771583387,0.7876552334192687
-0.0012379596586688467,0.07110399792181032,0.16115339771583387,0.7876552334192687
-0.0012379596586688467,0.07110399792181032,0.16115339771583387,0.7876552334192687
-0.003007633780987577,0.07007163607797097,0.1598926660146134,0.7885882420824742
-0.003007633780987577,0.07007163607797097,0.1598926660146134,0.7885882420824742
-0.003007633780987577,0.07007163607797097,0.1598926660146134,0.7885882420824742
-0.003007633780987577,0.07007163607797097,0.1598926660146134,0.7885882420824742
-0.0010925679895496694,0.07186310192829902,0.16090893868315273,0.785962991977669
-0.0010925679895496694,0.07186310192829902,0.16090893868315273,0.785962991977669
0.0015563508623387954,0.07174082624275281,0.16201180904798668,0.7852627877868189
0.00013447800530983606,0.07288624065831956,0.1611215891914024,0.785557895264691
-0.001856455086945875,0.07274009205524186,0.1623015400271592,0.7845332367619855
-0.001856455086945875,0.07274009205524186,0.1623015400271592,0.7845332367619855
9.21815893350649e-05,0.07265826332473581,0.16238780618665025,0.783379700574035
9.21815893350649e-05,0.07265826332473581,0.16238780618665025,0.783379700574035
9.21815893350649e-05,0.07265826332473581,0.16238780618665025,0.783379700574035
9.21815893350649e-05,0.07265826332473581,0.16238780618665025,0.783379700574035
0.0006493017346687259,0.07269794608476818,0.1649591464744747,0.7828339966169702
-0.00030157080453916654,0.07441346235908745,0.16376564890775722,0.7820424232731762
-0.00030157080453916654,0.07441346235908745,0.16376564890775722,0.7820424232731762
-0.00013880452995472677,0.07292220671153654,0.16419936861693335,0.7821156485045132
0.0015722605641935836,0.07286003766141083,0.16173893227467603,0.7835033500198314
0.0015722605641935836,0.07286003766141083,0.16173893227467603,0.7835033500198314
0.0015722605641935836,0.07286003766141083,0.16173893227467603,0.7835033500198314
0.0020542426883423063,0.07183882610524614,0.16072437009643084,0.7863557664812095
0.0009113061663153243,0.07122482464262683,0.16111464881265047,0.786445619839926
0.0009113061663153243,0.07122482464262683,0.16111464881265047,0.786445619839926
0.0009113061663153243,0.07122482464262683,0.16111464881265047,0.786445619839926
0.0009113061663153243,0.07122482464262683,0.16111464881265047,0.786445619839926
0.0009113061663153243,0.07122482464262683,0.16111464881265047,0.786445619839926
0.0009113061663153243,0.07122482464262683,0.16111464881265047,0.786445619839926
0.0009113061663153243,0.07122482464262683,0.16111464881265047,0.786445619839926
0.0009113061663153243,0.07122482464262683,0.16111464881265047,0.786445619839926
0.0009113061663153243,0.07122482464262683,0.16111464881265047,0.786445619839926
0.0009113061663153243,0.07122482464262683,0.16111464881265047,0.786445619839926
0.0009113061663153243,0.07122482464262683,0.16111464881265047,0.786445619839926
0.0009113061663153243,0.07122482464262683,0.16111464881265047,0.786445619839926
0.0009113061663153243,0.07122482464262683,0.16111464881265047,0.786445619839926
-0.0004520086508857505,0.07191096018686731,0.16039166342878522,0.7852537006476286
-0.0004520086508857505,0.07191096018686731,0.16039166342878522,0.7852537006476286
-0.0004520086508857505,0.07191096018686731,0.16039166342878522,0.7852537006476286
-0.0004520086508857505,0.07191096018686731,0.16039166342878522,0.7852537006476286
-0.0004520086508857505,0.07191096018686731,0.16039166342878522,0.7852537006476286
-0.0010808714459111133,0.07222559531971458,0.1604885031160032,0.7852207733385708
-0.002049696793680891,0.07406928217940763,0.15946152476723807,0.7852129640181301
-0.002049696793680891,0.07406928217940763,0.15946152476723807,0.7852129640181301
-0.002049696793680891,0.07406928217940763,0.15946152476723807,0.7852129640181301
-0.002049696793680891,0.07406928217940763,0.15946152476723807,0.7852129640181301
-0.0007589767157110082,0.07538941412975037,0.1605459220490362,0.7826834833156849
-0.0007589767157110082,0.07538941412975037,0.1605459220490362,0.7826834833156849
-0.001032983318456632,0.07500389802277789,0.16288064110732475,0.7799324454599361
-0.001032983318456632,0.07500389802277789,0.16288064110732475,0.7799324454599361
-0.001032983318456632,0.07500389802277789,0.16288064110732475,0.7799324454599361
-0.0012265313720189396,0.07458371949562012,0.16328858341755453,0.7816379807315046
-0.0012265313720189396,0.07458371949562012,0.16328858341755453,0.7816379807315046
-0.0012265313720189396,0.07458371949562012,0.16328858341755453,0.7816379807315046
-0.0012265313720189396,0.07458371949562012,0.16328858341755453,0.7816379807315046
-0.00048821596480244525,0.0745166277639965,0.16060577598446898,0.7846188098213227
0.0014244576029792061,0.07480190099877444,0.1598072150188055,0.784603510795026
0.004262082809207318,0.07409110502207865,0.157854919966623,0.7871340066307291
0.004692358937820339,0.07300413405300755,0.1571521004982677,0.7865033573242661
0.004692358937820339,0.07300413405300755,0.1571521004982677,0.7865033573242661
0.004692358937820339,0.07300413405300755,0.1571521004982677,0.7865033573242661
0.004692358937820339,0.07300413405300755,0.1571521004982677,0.7865033573242661
0.002155538165936594,0.0751993295772587,0.1568797925241206,0.7852184410946652
0.002155538165936594,0.0751993295772587,0.1568797925241206,0.7852184410946652
0.0013381991846798053,0.07406242912229531,0.15670964193323197,0.7862694250583454
0.0002551917846722307,0.0729430080061991,0.15846080909884358,0.7850752607273708
0.0002551917846722307,0.0729430080061991,0.15846080909884358,0.7850752607273708
0.0002551917846722307,0.0729430080061991,0.15846080909884358,0.7850752607273708
0.0002551917846722307,0.0729430080061991,0.15846080909884358,0.7850752607273708
0.0002551917846722307,0.0729430080061991,0.15846080909884358,0.7850752607273708
-0.0005349454724892602,0.07362641923994942,0.15879671896126762,0.7839602181904539
-0.0005349454724892602,0.07362641923994942,0.15879671896126762,0.7839602181904539
0.0016037588571444798,0.07241599805943387,0.15896693286310526,0.785312523376319
0.0016037588571444798,0.07241599805943387,0.15896693286310526,0.785312523376319
0.0018227805677880932,0.07050597444302996,0.16078238389477437,0.7851971967874957
0.002376223012251389,0.07037362206546802,0.16267164145889434,0.7840762272338491
0.002376223012251389,0.07037362206546802,0.16267164145889434,0.7840762272338491
-0.001638514947592791,0.07085338104702102,0.16386124347298414,0.784854051326171
-0.0019175324343998139,0.07179470063707569,0.1622169224875163,0.7840016500005166
-0.0005415092444941111,0.07106950790184588,0.1630412632006686,0.7833759648571108
-0.0005415092444941111,0.07106950790184588,0.1630412632006686,0.7833759648571108
-0.00043426021273447213,0.07237043047479479,0.16273443486047348,0.7830067093924921
0.0007799494605135332,0.07211210809327935,0.16321215824334892,0.7826574730512271
-0.001401853896397674,0.07261453317948398,0.16368501749544864,0.7821523133308259
-0.00019225064581297876,0.0726532598407636,0.16520983345124676,0.7814277518100342
-0.00019225064581297876,0.0726532598407636,0.16520983345124676,0.7814277518100342
-0.001789194283849148,0.07243197513330814,0.16413697878372968,0.781594680143465
-0.0008397161723238166,0.0725956803314361,0.1657842701927138,0.7819110869861706
-0.0008397161723238166,0.0725956803314361,0.1657842701927138,0.7819110869861706
-0.0008397161723238166,0.0725956803314361,0.1657842701927138,0.7819110869861706
0.0015857852327995068,0.07185201560642468,0.16418272961796396,0.7830365061122769
0.0015857852327995068,0.07185201560642468,0.16418272961796396,0.7830365061122769
0.0015857852327995068,0.07185201560642468,0.16418272961796396,0.7830365061122769
0.001457214008513092,0.07183545057058274,0.16366223279584888,0.7839407209548039
0.0022312230625788697,0.07205007026041327,0.16288177610208684,0.7836987477198887
0.00010600440863087809,0.07269809783536074,0.1616204448205884,0.785268421394949
0.0003848387242794958,0.07303958485868906,0.16091034597331083,0.7850770380420192
0.0003848387242794958,0.07303958485868906,0.16091034597331083,0.7850770380420192
0.0003848387242794958,0.07303958485868906,0.16091034597331083,0.7850770380420192
0.0003848387242794958,0.07303958485868906,0.16091034597331083,0.7850770380420192
-0.00030920728186888217,0.07173785395259055,0.1627182638540749,0.7843537612942588
-0.00030920728186888217,0.07173785395259055,0.1627182638540749,0.7843537612942588
-0.00030920728186888217,0.07173785395259055,0.1627182638540749,0.7843537612942588
0.000220748621847584,0.07255009338058035,0.16281302519316634,0.7838275375521349
-0.001316302908032507,0.07249543082692225,0.16244948675951548,0.7831287057793845
-0.001316302908032507,0.07249543082692225,0.16244948675951548,0.7831287057793845
-0.001316302908032507,0.07249543082692225,0.16244948675951548,0.7831287057793845
-0.001316302908032507,0.07249543082692225,0.16244948675951548,0.7831287057793845
-0.001316302908032507,0.07249543082692225,0.16244948675951548,0.7831287057793845
-0.001316302908032507,0.07249543082692225,0.16244948675951548,0.7831287057793845
-0.001316302908032507,0.07249543082692225,0.16244948675951548,0.7831287057793845
-0.001316302908032507,0.07249543082692225,0.16244948675951548,0.7831287057793845
-0.001316302908032507,0.07249543082692225,0.16244948675951548,0.7831287057793845
-0.0005023699307996769,0.07335273281793446,0.1645851034350636,0.7807078099565657
-0.0005023699307996769,0.07335273281793446,0.1645851034350636,0.7807078099565657
-0.0005023699307996769,0.07335273281793446,0.1645851034350636,0.7807078099565657
-0.0005023699307996769,0.07335273281793446,0.1645851034350636,0.7807078099565657
-0.00087870061417396,0.07407140972099906,0.16479646429191533,0.781581716450001
-0.00087870061417396,0.07407140972099906,0.16479646429191533,0.781581716450001
-0.00087870061417396,0.07407140972099906,0.16479646429191533,0.781581716450001
-0.00087870061417396,0.07407140972099906,0.16479646429191533,0.781581716450001
-0.0004088309972504452,0.07472745891161733,0.16522278518483266,0.7810681047009358
-8.980373008119614e-05,0.07479725745315409,0.1638338980357991,0.7817184605697209
0.00015051805512464466,0.07425663941218276,0.16432241496661162,0.7809734984285315
0.00048630364001747705,0.07307500312068436,0.16525094606142499,0.7806366637657051
0.00012961282053512962,0.07518297590442151,0.1632312294196163,0.7811422523346339
0.00012961282053512962,0.07518297590442151,0.1632312294196163,0.7811422523346339
-0.0003661228438883328,0.07380240786359779,0.163639091903923,0.7804278803520914
-0.0012086841151515513,0.07445307622099792,0.1635276805300694,0.7814358220295944
-0.0012086841151515513,0.07445307622099792,0.1635276805300694,0.7814358220295944
-0.0009252876594303984,0.07404430458838407,0.16361617532622752,0.7804708513331204
0.0013784652018425747,0.0734397868428395,0.16417692041922735,0.7817507583163105
0.0013784652018425747,0.0734397868428395,0.16417692041922735,0.7817507583163105
0.0020772283920464504,0.07463974815296397,0.1634784493900622,0.7812716876983179
0.0020772283920464504,0.07463974815296397,0.1634784493900622,0.7812716876983179
0.0020772283920464504,0.07463974815296397,0.1634784493900622,0.7812716876983179
0.0020772283920464504,0.07463974815296397,0.1634784493900622,0.7812716876983179
0.003024001425871152,0.07401120883437806,0.16276351375783635,0.7824291702420048
0.0019148839503827795,0.07499631630107768,0.16172489721275055,0.7828042059642835
0.00283210050438542,0.0749365827008199,0.16097601433585343,0.7822927011958813
0.003192159016983098,0.07636435076173405,0.15898926167562447,0.7818389774194733
0.003192159016983098,0.07636435076173405,0.15898926167562447,0.7818389774194733
0.0027609529878580797,0.07373676372502676,0.15816338264855406,0.7843240464084373
0.0027609529878580797,0.07373676372502676,0.15816338264855406,0.7843240464084373
0.0027609529878580797,0.07373676372502676,0.15816338264855406,0.7843240464084373
0.0027609529878580797,0.07373676372502676,0.15816338264855406,0.7843240464084373
0.0017304752381507877,0.07231967478315961,0.15954419799478675,0.7856775896052711
0.0018705686518525177,0.07201338954170736,0.15956506843712473,0.787387742260222
0.00031282763035983215,0.07322542428844453,0.15948567404745842,0.7858718919043273
0.00031282763035983215,0.07322542428844453,0.15948567404745842,0.7858718919043273
0.00031282763035983215,0.07322542428844453,0.15948567404745842,0.7858718919043273
0.0007707030949213955,0.07227077939274526,0.1599590090310214,0.7855614039631108
-0.0005526942052575529,0.07214260154530741,0.1604043898118941,0.7852999152156557
-0.0005526942052575529,0.07214260154530741,0.1604043898118941,0.7852999152156557
-0.0005526942052575529,0.07214260154530741,0.1604043898118941,0.7852999152156557
-0.0005526942052575529,0.07214260154530741,0.1604043898118941,0.7852999152156557
-0.0005526942052575529,0.07214260154530741,0.1604043898118941,0.7852999152156557
-0.0005526942052575529,0.07214260154530741,0.1604043898118941,0.7852999152156557
0.0002625274860646006,0.07075148798931465,0.16127467462556075,0.7864881464327925
0.0002625274860646006,0.07075148798931465,0.16127467462556075,0.7864881464327925
0.0002625274860646006,0.07075148798931465,0.16127467462556075,0.7864881464327925
0.0002625274860646006,0.07075148798931465,0.16127467462556075,0.7864881464327925
0.0002625274860646006,0.07075148798931465,0.16127467462556075,0.7864881464327925
0.0002625274860646006,0.07075148798931465,0.16127467462556075,0.7864881464327925
0.0002625274860646006,0.07075148798931465,0.16127467462556075,0.7864881464327925
0.002425324708965537,0.07181792991817669,0.16237859950773895,0.7849383678274405
0.0012767862794436048,0.07227040202594344,0.16320634183301594,0.7839993966833756
0.0012767862794436048,0.07227040202594344,0.16320634183301594,0.7839993966833756
-0.00037703271809507236,0.0733824299508371,0.16303609343147932,0.7820797222902882
-0.00037703271809507236,0.0733824299508371,0.16303609343147932,0.7820797222902882
-0.00037703271809507236,0.0733824299508371,0.16303609343147932,0.7820797222902882
-0.00015787806387265588,0.07238399044358547,0.16200356358625875,0.7849524913775802
-0.0020228640525320274,0.0718484399551361,0.16279395240587557,0.7854155295296648
-0.0032425109030533553,0.0726160674102686,0.16395604567496586,0.784656692778797
-0.003631730915559345,0.07189069619773888,0.1630780863772728,0.7855307352674574
-0.003601650247074247,0.07188030379174205,0.16085606696869292,0.7857970819337574
-0.003601650247074247,0.07188030379174205,0.16085606696869292,0.7857970819337574
-0.0036901924457541915,0.07132034523733816,0.16139801553645466,0.7853488288741549
-0.0036901924457541915,0.07132034523733816,0.16139801553645466,0.7853488288741549
-0.0036901924457541915,0.07132034523733816,0.16139801553645466,0.7853488288741549
-0.0036901924457541915,0.07132034523733816,0.16139801553645466,0.7853488288741549
-0.003995231397144094,0.07097255568998549,0.1615212436466274,0.7847510243323956
-0.004404517582634896,0.06999777751965704,0.16229022083075334,0.7856244483334314
-0.004404517582634896,0.06999777751965704,0.16229022083075334,0.7856244483334314
-0.003134150444295241,0.06966605847064765,0.16106884355944462,0.7865040512088322
-0.003134150444295241,0.06966605847064765,0.16106884355944462,0.7865040512088322
-0.003134150444295241,0.06966605847064765,0.16106884355944462,0.7865040512088322
-0.0038966518730926894,0.06857731543134361,0.16180030938839968,0.7870578091983249
-0.0038966518730926894,0.06857731543134361,0.16180030938839968,0.7870578091983249
-0.0038966518730926894,0.06857731543134361,0.16180030938839968,0.7870578091983249
-0.0038966518730926894,0.06857731543134361,0.16180030938839968,0.7870578091983249
-0.0053813881029222115,0.06866421267568322,0.16309853974583863,0.7865833766114552
-0.0053813881029222115,0.06866421267568322,0.16309853974583863,0.7865833766114552
-0.0053813881029222115,0.06866421267568322,0.16309853974583863,0.7865833766114552
-0.004815937824350932,0.0687649259836895,0.16222157881435637,0.786706746030928
-0.004815937824350932,0.0687649259836895,0.16222157881435637,0.786706746030928
-0.004815937824350932,0.0687649259836895,0.16222157881435637,0.786706746030928
-0.00316284062044602,0.0692052211487275,0.16158454806491573,0.7858615683526388
-0.00316284062044602,0.0692052211487275,0.16158454806491573,0.7858615683526388
-0.00316284062044602,0.0692052211487275,0.16158454806491573,0.7858615683526388
-0.0022938623275299804,0.06883557705992824,0.16102128654364753,0.7872884592146279
-0.003385810557542662,0.06954399440687772,0.15919611532841912,0.7881778779679323
-0.004018963921041634,0.07131106140128134,0.1596423846212195,0.7857317177804822
-0.004018963921041634,0.07131106140128134,0.1596423846212195,0.7857317177804822
-0.0015932776648553194,0.07126770240359617,0.15998788855465912,0.7857441991667522
-0.0015932776648553194,0.07126770240359617,0.15998788855465912,0.7857441991667522
-0.0015932776648553194,0.07126770240359617,0.15998788855465912,0.7857441991667522
-0.0015932776648553194,0.07126770240359617,0.15998788855465912,0.7857441991667522
0.0006564538071135825,0.07067026021498138,0.16185935503468155,0.7845369248446339
0.0006564538071135825,0.07067026021498138,0.16185935503468155,0.7845369248446339
0.0006564538071135825,0.07067026021498138,0.16185935503468155,0.7845369248446339
0.0016405156547230218,0.07164579985671402,0.16035296529023,0.7854327573091656
0.0016405156547230218,0.07164579985671402,0.16035296529023,0.7854327573091656
0.002319392146341479,0.07262342195525637,0.1613683318504606,0.7865492501154692
0.0028395857859100293,0.07424755051232189,0.1605110880181858,0.7845942595813535
0.0038090761706789105,0.0730525781077069,0.16188354714629571,0.783984358463723
0.0038090761706789105,0.0730525781077069,0.16188354714629571,0.783984358463723
0.0038090761706789105,0.0730525781077069,0.16188354714629571,0.783984358463723
0.0038090761706789105,0.0730525781077069,0.16188354714629571,0.783984358463723
0.0038090761706789105,0.0730525781077069,0.16188354714629571,0.783984358463723
0.006508898888962136,0.07228783283452199,0.16254081471699794,0.7837171284412531
0.005843092572045839,0.07308448093865139,0.16193842070011072,0.7838891929784234
0.006736577181490944,0.0743839991172589,0.16310215812320125,0.7817926450564258
0.006736577181490944,0.0743839991172589,0.16310215812320125,0.7817926450564258
0.006523697976771687,0.07330660542117798,0.16194155744064606,0.7831979537113472
0.007231837981563852,0.07501019071910954,0.1618380691864945,0.7826810210753222
0.007231837981563852,0.07501019071910954,0.1618380691864945,0.7826810210753222
0.007231837981563852,0.07501019071910954,0.1618380691864945,0.7826810210753222
0.005439167360905183,0.07559658165002696,0.1619810424885745,0.7819321877261568
0.005439167360905183,0.07559658165002696,0.1619810424885745,0.7819321877261568
0.005439167360905183,0.07559658165002696,0.1619810424885745,0.7819321877261568
0.005439167360905183,0.07559658165002696,0.1619810424885745,0.7819321877261568
0.0044366407533292995,0.07477236052155473,0.16168026458857973,0.7821079787062739
0.0044366407533292995,0.07477236052155473,0.16168026458857973,0.7821079787062739
0.0044580862087690186,0.07697774038748695,0.16146407146992187,0.7809542924437093
0.0036988345418727336,0.076961082062309,0.1599488719651796,0.7807829447400592
0.0038117499715590287,0.07679680040996872,0.16148719131364447,0.7818444872228527
0.001650788681740738,0.07457340766537103,0.16207357923583013,0.7820695314204384
0.001650788681740738,0.07457340766537103,0.16207357923583013,0.7820695314204384
0.001650788681740738,0.07457340766537103,0.16207357923583013,0.7820695314204384
0.001650788681740738,0.07457340766537103,0.16207357923583013,0.7820695314204384
0.00024390495075857308,0.07398837927091093,0.16103884776284022,0.7822207337670406
-0.0007281601078541827,0.07440138593720008,0.16223921092699947,0.7810559526175459
-0.0007281601078541827,0.07440138593720008,0.16223921092699947,0.7810559526175459
-0.0007281601078541827,0.07440138593720008,0.16223921092699947,0.7810559526175459
-6.323998931352594e-05,0.07596742870175796,0.16268582987185548,0.7798047343267542
-0.002688053631079936,0.07534185549407843,0.16308343560324312,0.7803794976562494
-0.002688053631079936,0.07534185549407843,0.16308343560324312,0.7803794976562494
-0.002688053631079936,0.07534185549407843,0.16308343560324312,0.7803794976562494
-0.002688053631079936,0.07534185549407843,0.16308343560324312,0.7803794976562494
-0.002688053631079936,0.07534185549407843,0.16308343560324312,0.7803794976562494
-0.002688053631079936,0.07534185549407843,0.16308343560324312,0.7803794976562494
-0.002688053631079936,0.07534185549407843,0.16308343560324312,0.7803794976562494
-0.0026309426001968816,0.07535525081600913,0.1622954543447434,0.7812320358048024
-0.0026309426001968816,0.07535525081600913,0.1622954543447434,0.7812320358048024
-0.0026309426001968816,0.07535525081600913,0.1622954543447434,0.7812320358048024
-0.0026309426001968816,0.07535525081600913,0.1622954543447434,0.7812320358048024
-0.003876206903703783,0.07391070647456074,0.16384358246231423,0.7803483576344917
-0.003876206903703783,0.07391070647456074,0.16384358246231423,0.7803483576344917
-0.004626466944140562,0.0749548903754058,0.16457833588304865,0.7791373552294818
-0.004626466944140562,0.0749548903754058,0.16457833588304865,0.7791373552294818
-0.004626466944140562,0.0749548903754058,0.16457833588304865,0.7791373552294818
-0.004626466944140562,0.0749548903754058,0.16457833588304865,0.7791373552294818
-0.004626466944140562,0.0749548903754058,0.16457833588304865,0.7791373552294818
-0.004626466944140562,0.0749548903754058,0.16457833588304865,0.7791373552294818
-0.004626466944140562,0.0749548903754058,0.16457833588304865,0.7791373552294818
-0.006101550773477172,0.07493295190482767,0.16538462141735275,0.7802429302103037
-0.005927963942930166,0.0745812167032042,0.16557345358201803,0.7802402031285416
-0.005927963942930166,0.0745812167032042,0.16557345358201803,0.7802402031285416
-0.005927963942930166,0.0745812167032042,0.16557345358201803,0.7802402031285416
-0.005462745927485324,0.07219372893847685,0.164830027117237,0.7826450103821776
-0.003730862389701775,0.07304424351856259,0.16528914528352978,0.7813311836379312
-0.003730862389701775,0.07304424351856259,0.16528914528352978,0.7813311836379312
-0.003730862389701775,0.07304424351856259,0.16528914528352978,0.7813311836379312
-0.003730862389701775,0.07304424351856259,0.16528914528352978,0.7813311836379312
-0.004578372561794219,0.07431594880626247,0.16558399686180178,0.7795312351112131
-0.004578372561794219,0.07431594880626247,0.16558399686180178,0.7795312351112131
-0.004578372561794219,0.07431594880626247,0.16558399686180178,0.7795312351112131
-0.005369525991637215,0.07218566883416307,0.1659431898456787,0.7816918344327758
-0.005369525991637215,0.07218566883416307,0.1659431898456787,0.7816918344327758
-0.005369525991637215,0.07218566883416307,0.1659431898456787,0.7816918344327758
-0.005369525991637215,0.07218566883416307,0.1659431898456787,0.7816918344327758
-0.005369525991637215,0.07218566883416307,0.1659431898456787,0.7816918344327758
-0.005369525991637215,0.07218566883416307,0.1659431898456787,0.7816918344327758
-0.005369525991637215,0.07218566883416307,0.1659431898456787,0.7816918344327758
-0.005369525991637215,0.07218566883416307,0.1659431898456787,0.7816918344327758
-0.005369525991637215,0.07218566883416307,0.1659431898456787,0.7816918344327758
-0.005821746606019014,0.06972600839460973,0.16701746591510727,0.7831550143005741
-0.004474658734296647,0.06965040002390216,0.16711474985834066,0.7823851753488795
-0.004474658734296647,0.06965040002390216,0.16711474985834066,0.7823851753488795
-0.00411435445596352,0.06931412593212896,0.16594751637087243,0.7845921333164831
-0.00411435445596352,0.06931412593212896,0.16594751637087243,0.7845921333164831
-0.003249253559403163,0.06825145303741606,0.1639731729544442,0.786131276452172
-0.0023511248366021907,0.06902384440803236,0.16297734950568524,0.7886277203944029
-0.0008715299095546204,0.06898568401721374,0.16264534418036078,0.789676607805376
-0.0014768158473107565,0.06862931297168798,0.1614038478732657,0.7893805683673168
-0.0014768158473107565,0.06862931297168798,0.1614038478732657,0.7893805683673168
-0.0014768158473107565,0.06862931297168798,0.1614038478732657,0.7893805683673168
-0.0014768158473107565,0.06862931297168798,0.1614038478732657,0.7893805683673168
0.0005495397789559591,0.06743857546158953,0.16078941271769762,0.7891664363754717
0.0005495397789559591,0.06743857546158953,0.16078941271769762,0.7891664363754717
0.0005495397789559591,0.06743857546158953,0.16078941271769762,0.7891664363754717
0.0005495397789559591,0.06743857546158953,0.16078941271769762,0.7891664363754717
0.0005495397789559591,0.06743857546158953,0.16078941271769762,0.7891664363754717
0.0005495397789559591,0.06743857546158953,0.16078941271769762,0.7891664363754717
0.0005495397789559591,0.06743857546158953,0.16078941271769762,0.7891664363754717
0.0005495397789559591,0.06743857546158953,0.16078941271769762,0.7891664363754717
0.0009634042087342612,0.0693726808434901,0.16037197148121476,0.7871308293017197
0.0018316042137161378,0.06996156348699088,0.16240055570787318,0.7848669109490506
0.0018316042137161378,0.06996156348699088,0.16240055570787318,0.7848669109490506
0.001266164115429312,0.07134339670755634,0.16261153667678743,0.7846705195904387
0.001266164115429312,0.07134339670755634,0.16261153667678743,0.7846705195904387
0.001266164115429312,0.07134339670755634,0.16261153667678743,0.7846705195904387
0.001266164115429312,0.07134339670755634,0.16261153667678743,0.7846705195904387
0.0010823121519742268,0.07434280218185241,0.16022544682257223,0.7845104763620004
0.0010823121519742268,0.07434280218185241,0.16022544682257223,0.7845104763620004
0.0010823121519742268,0.07434280218185241,0.16022544682257223,0.7845104763620004
0.0019120554158450196,0.07440631224864629,0.15955340180306807,0.7844457692283426
0.0014852271323139066,0.07367452854932922,0.1584528978987723,0.786063458749406
0.000392192235691511,0.072787512409702,0.16085553367027147,0.7850398473011321
0.000392192235691511,0.072787512409702,0.16085553367027147,0.7850398473011321
0.00018234601078030645,0.07312248981689225,0.16033075266196725,0.785618422377481
0.00018234601078030645,0.07312248981689225,0.16033075266196725,0.785618422377481
-0.0030475444863155956,0.07288627366082533,0.1592646921204162,0.7865128862463191
-0.003802730918105831,0.07375103453215304,0.16064175048070586,0.7851169849426383
-0.002497391110161973,0.07390874944217006,0.1597639016305908,0.7853481436680472
-0.002497391110161973,0.07390874944217006,0.1597639016305908,0.7853481436680472
-0.0035605365350807514,0.07172365829332397,0.1602819275360634,0.7858478384874219
-0.003712482793393905,0.07031525557774207,0.16048780384196665,0.7873869335908565
-0.003712482793393905,0.07031525557774207,0.16048780384196665,0.7873869335908565
-0.003304169059130686,0.06942194622499914,0.16032997877428548,0.7881230194020833
-0.0016704933261543064,0.07018754431353058,0.16014547058866566,0.7890368493733473
0.001923212384775532,0.07099546476980508,0.1606434642545185,0.7878849322163971
0.001923212384775532,0.07099546476980508,0.1606434642545185,0.7878849322163971
0.0019538743173738464,0.07155365362415775,0.16076846045708115,0.7867962417660082
0.0019538743173738464,0.07155365362415775,0.16076846045708115,0.7867962417660082
0.0019538743173738464,0.07155365362415775,0.16076846045708115,0.7867962417660082
0.0019538743173738464,0.07155365362415775,0.16076846045708115,0.7867962417660082
0.0019538743173738464,0.07155365362415775,0.16076846045708115,0.7867962417660082
0.0019538743173738464,0.07155365362415775,0.16076846045708115,0.7867962417660082
0.0019538743173738464,0.07155365362415775,0.16076846045708115,0.7867962417660082
0.0015455753442299215,0.07222397310284646,0.16100789998571427,0.7851496727344701
0.0015455753442299215,0.07222397310284646,0.16100789998571427,0.7851496727344701
0.0015455753442299215,0.07222397310284646,0.16100789998571427,0.7851496727344701
0.000919059951675057,0.07199160382267733,0.15936658256418545,0.7856538360745745
0.000901722678260793,0.07130250357871568,0.15965853315429257,0.7856718464604476
0.000901722678260793,0.07130250357871568,0.15965853315429257,0.7856718464604476
0.000901722678260793,0.07130250357871568,0.15965853315429257,0.7856718464604476
0.005320862007084155,0.07163703008947699,0.1588134922957096,0.7857506955311631
0.0031260487549512237,0.07211305050644272,0.1581366419441653,0.7851762911776091
0.003843500793075051,0.0725627510883741,0.15957045210784604,0.7855557269543103
0.003843500793075051,0.0725627510883741,0.15957045210784604,0.7855557269543103
0.003843500793075051,0.0725627510883741,0.15957045210784604,0.7855557269543103
0.0026232453803459784,0.07173026137981865,0.15895789860242418,0.7867166562538904
0.0026232453803459784,0.07173026137981865,0.15895789860242418,0.7867166562538904
0.0026232453803459784,0.07173026137981865,0.15895789860242418,0.7867166562538904
0.0017844853069613068,0.07235244296212703,0.15915907584931155,0.7872297600486399
0.00040622069916732093,0.07120391936214097,0.1596620206869586,0.7865498042933121
0.00040622069916732093,0.07120391936214097,0.1596620206869586,0.7865498042933121
0.00040622069916732093,0.07120391936214097,0.1596620206869586,0.7865498042933121
0.00040622069916732093,0.07120391936214097,0.1596620206869586,0.7865498042933121
0.00040622069916732093,0.07120391936214097,0.1596620206869586,0.7865498042933121
0.00040622069916732093,0.07120391936214097,0.1596620206869586,0.7865498042933121
0.00040622069916732093,0.07120391936214097,0.1596620206869586,0.7865498042933121
0.00040622069916732093,0.07120391936214097,0.1596620206869586,0.7865498042933121
0.00040622069916732093,0.07120391936214097,0.1596620206869586,0.7865498042933121
0.00040622069916732093,0.07120391936214097,0.1596620206869586,0.7865498042933121
0.0018789098047578142,0.07198692019494747,0.15744569822723828,0.787408267886974
0.0018789098047578142,0.07198692019494747,0.15744569822723828,0.787408267886974
0.0015845352228865514,0.07221130482844268,0.15692275287984922,0.7881548215650148
0.0015845352228865514,0.07221130482844268,0.15692275287984922,0.7881548215650148
0.0015845352228865514,0.07221130482844268,0.15692275287984922,0.7881548215650148
0.0015845352228865514,0.07221130482844268,0.15692275287984922,0.7881548215650148
0.0013423412666596576,0.07240026348056193,0.15710440634201597,0.7877131396585966
0.0013423412666596576,0.07240026348056193,0.15710440634201597,0.7877131396585966
-0.0015208472843240156,0.07190250788619178,0.15786776778920067,0.7884142769638557
-0.0015208472843240156,0.07190250788619178,0.15786776778920067,0.7884142769638557
-0.0006571588293175517,0.0714090308229926,0.1599357855101322,0.7884736854586123
-0.0006571588293175517,0.0714090308229926,0.1599357855101322,0.7884736854586123
0.0003043484702913537,0.07048046654232623,0.1585151635572279,0.7885278459798578
0.0022324690837557783,0.07056361222247268,0.1585679721211002,0.7868099098767111
0.0022324690837557783,0.07056361222247268,0.1585679721211002,0.7868099098767111
0.0013491908408259199,0.07166918330247841,0.15706619450241305,0.7878620683923453
0.0013491908408259199,0.07166918330247841,0.15706619450241305,0.7878620683923453
0.002004712440377073,0.07390477229529516,0.15764052985501364,0.7862010655365115
0.002004712440377073,0.07390477229529516,0.15764052985501364,0.7862010655365115
0.002004712440377073,0.07390477229529516,0.15764052985501364,0.7862010655365115
0.002909815797574058,0.07203462548935274,0.1573079764936713,0.7875178706409813
0.002909815797574058,0.07203462548935274,0.1573079764936713,0.7875178706409813
0.002909815797574058,0.07203462548935274,0.1573079764936713,0.7875178706409813
0.002909815797574058,0.07203462548935274,0.1573079764936713,0.7875178706409813
0.002909815797574058,0.07203462548935274,0.1573079764936713,0.7875178706409813
0.0011460334509995871,0.07190365734229015,0.1592710778008542,0.7878217357012743
-0.0002732926841926243,0.07193575394633601,0.15838401345672498,0.7887178180490836
-0.0002732926841926243,0.07193575394633601,0.15838401345672498,0.7887178180490836
-0.00222651212273925,0.07335062120341777,0.15780065342792146,0.7887106293973205
-0.00222651212273925,0.07335062120341777,0.15780065342792146,0.7887106293973205
-0.00222651212273925,0.07335062120341777,0.15780065342792146,0.7887106293973205
-0.00222651212273925,0.07335062120341777,0.15780065342792146,0.7887106293973205
0.00036787476295299226,0.07269923963116512,0.15759528911616347,0.7897781536434313
-0.00020027917298080257,0.07425184185316208,0.15900697143741319,0.7856807565722366
-0.00020027917298080257,0.07425184185316208,0.15900697143741319,0.7856807565722366
-0.00020027917298080257,0.07425184185316208,0.15900697143741319,0.7856807565722366
-0.0010695462725904968,0.07321642295230911,0.15824772473039053,0.7859501710176086
-0.0008522339029887463,0.0736027967755992,0.16039342970989137,0.7836706022213735
-0.0008522339029887463,0.0736027967755992,0.16039342970989137,0.7836706022213735
-0.0008522339029887463,0.0736027967755992,0.16039342970989137,0.7836706022213735
-0.0008522339029887463,0.0736027967755992,0.16039342970989137,0.7836706022213735
-0.0008522339029887463,0.0736027967755992,0.16039342970989137,0.7836706022213735
-0.0027988509705226326,0.07251590555375441,0.16036121010866108,0.7850617889053007
-0.0027988509705226326,0.07251590555375441,0.16036121010866108,0.7850617889053007
-0.0022788928387983583,0.07192832671287817,0.1607171098410728,0.7851679935821403
-0.0022788928387983583,0.07192832671287817,0.1607171098410728,0.7851679935821403
-0.0022788928387983583,0.07192832671287817,0.1607171098410728,0.7851679935821403
-0.0022788928387983583,0.07192832671287817,0.1607171098410728,0.7851679935821403
-0.0022788928387983583,0.07192832671287817,0.1607171098410728,0.7851679935821403
-0.0022788928387983583,0.07192832671287817,0.1607171098410728,0.7851679935821403
-0.0021102082101130564,0.07372987763869043,0.16061303255310672,0.784238912554533
-0.0021102082101130564,0.07372987763869043,0.16061303255310672,0.784238912554533
-0.0021102082101130564,0.07372987763869043,0.16061303255310672,0.784238912554533
-0.0021102082101130564,0.07372987763869043,0.16061303255310672,0.784238912554533
-0.0021102082101130564,0.07372987763869043,0.16061303255310672,0.784238912554533
-0.0021102082101130564,0.07372987763869043,0.16061303255310672,0.784238912554533
-0.0026800337122289512,0.07168990279390022,0.16145605313786537,0.7858751608920161
-0.0026800337122289512,0.07168990279390022,0.16145605313786537,0.7858751608920161
-0.002933327701512868,0.07172515375266766,0.1604663755650373,0.7837730746655075
-0.002933327701512868,0.07172515375266766,0.1604663755650373,0.7837730746655075
-0.002933327701512868,0.07172515375266766,0.1604663755650373,0.7837730746655075
-0.002933327701512868,0.07172515375266766,0.1604663755650373,0.7837730746655075
-0.002933327701512868,0.07172515375266766,0.1604663755650373,0.7837730746655075
-0.002933327701512868,0.07172515375266766,0.1604663755650373,0.7837730746655075
-0.002933327701512868,0.07172515375266766,0.1604663755650373,0.7837730746655075
-0.002933327701512868,0.07172515375266766,0.1604663755650373,0.7837730746655075
-0.002933327701512868,0.07172515375266766,0.1604663755650373,0.7837730746655075
-0.002933327701512868,0.07172515375266766,0.1604663755650373,0.7837730746655075
-0.0038101375001152044,0.07186019064533015,0.1633511810655243,0.7825405870922817
-0.0018199333184863169,0.07182969744196388,0.16206648188696912,0.783967515659228
-0.0018199333184863169,0.07182969744196388,0.16206648188696912,0.783967515659228
-0.002219819150062963,0.07220211225082358,0.16137239119024635,0.7839650466824672
-0.0003133262530442627,0.07212512345711777,0.16022115020082303,0.7852299649596828
-0.0007971304489585525,0.07007477854375205,0.16093208907520945,0.7866823567163431
-0.0007971304489585525,0.07007477854375205,0.16093208907520945,0.7866823567163431
-0.0007971304489585525,0.07007477854375205,0.16093208907520945,0.7866823567163431
-0.0007971304489585525,0.07007477854375205,0.16093208907520945,0.7866823567163431
1.3977772484713978e-05,0.07041833596791128,0.16054126145247857,0.7884191912545525
1.3977772484713978e-05,0.07041833596791128,0.16054126145247857,0.7884191912545525
0.000459667640943886,0.07038901821225603,0.1604801359751254,0.7882426018320112
0.000459667640943886,0.07038901821225603,0.1604801359751254,0.7882426018320112
0.0008201732787244396,0.07043123392421834,0.1608879523486102,0.7883236831109144
0.0008201732787244396,0.07043123392421834,0.1608879523486102,0.7883236831109144
0.0008201732787244396,0.07043123392421834,0.1608879523486102,0.7883236831109144
7.976874143342532e-05,0.06876341181328256,0.1627206383262669,0.7887413242777529
0.0017972011079119125,0.07086233912489376,0.161034654638219,0.7868441161822752
0.0006952224101695397,0.0714251565446004,0.16158644273948336,0.785222062355439
0.0006952224101695397,0.0714251565446004,0.16158644273948336,0.785222062355439
0.0006952224101695397,0.0714251565446004,0.16158644273948336,0.785222062355439
0.0006952224101695397,0.0714251565446004,0.16158644273948336,0.785222062355439
-0.0009205139940411293,0.07174041912464003,0.16164671342610143,0.7841899632553859
-0.0009205139940411293,0.07174041912464003,0.16164671342610143,0.7841899632553859
-0.0007163259080954429,0.07061542643323854,0.16223654787995975,0.7847625518972297
-0.0007163259080954429,0.07061542643323854,0.16223654787995975,0.7847625518972297
-0.0007163259080954429,0.07061542643323854,0.16223654787995975,0.7847625518972297
-0.0003806787026036047,0.07219278450648792,0.15954473956937004,0.7860113113413222
-0.000667590174533667,0.07304094877881584,0.16069183874897092,0.784356780415161
0.0008092454567669444,0.07277305603674766,0.16127524717716027,0.7840859872154826
0.002012142774231684,0.07336034299357233,0.15874745594614662,0.7842444038078787
0.002012142774231684,0.07336034299357233,0.15874745594614662,0.7842444038078787
0.004500130133257296,0.07094772513513267,0.1603410018589891,0.7846520090478484
0.004500130133257296,0.07094772513513267,0.1603410018589891,0.7846520090478484
0.005044239798372657,0.07173856213260624,0.1623591908054401,0.7840952681701404
0.005044239798372657,0.07173856213260624,0.1623591908054401,0.7840952681701404
0.005044239798372657,0.07173856213260624,0.1623591908054401,0.7840952681701404
0.005971508875287211,0.07202373272119864,0.16161448228205014,0.7836373826872367
0.005971508875287211,0.07202373272119864,0.16161448228205014,0.7836373826872367
0.007072252744037095,0.07337202435169256,0.16267189177512292,0.7821402068841179
0.0040020743820422516,0.07416959842013776,0.16420309137735803,0.7801383058618588
0.0040020743820422516,0.07416959842013776,0.16420309137735803,0.7801383058618588
0.0017040834676809117,0.07428539446976085,0.16383702347027487,0.7802099443683135
0.0017040834676809117,0.07428539446976085,0.16383702347027487,0.7802099443683135
0.0017040834676809117,0.07428539446976085,0.16383702347027487,0.7802099443683135
0.0017040834676809117,0.07428539446976085,0.16383702347027487,0.7802099443683135
0.0017040834676809117,0.07428539446976085,0.16383702347027487,0.7802099443683135
0.0017040834676809117,0.07428539446976085,0.16383702347027487,0.7802099443683135
0.0017040834676809117,0.07428539446976085,0.16383702347027487,0.7802099443683135
0.0020710450720098656,0.07406060823505663,0.16516013781408367,0.7789971354855136
0.0020710450720098656,0.07406060823505663,0.16516013781408367,0.7789971354855136
0.0012607787375317663,0.07552394302636936,0.1657428602081565,0.7778009741173451
0.0013591526712118033,0.07391920200735308,0.1670079114736489,0.7777727232605217
0.0031746579086007324,0.0736144813260241,0.1700709759905549,0.7778039772654666
0.0031746579086007324,0.0736144813260241,0.1700709759905549,0.7778039772654666
0.0036422355001776213,0.0732703162695352,0.16903306911809607,0.7796439120207481
0.004497448124614967,0.07199301115867715,0.16868928235747108,0.7798211561332341
0.004497448124614967,0.07199301115867715,0.16868928235747108,0.7798211561332341
0.004497448124614967,0.07199301115867715,0.16868928235747108,0.7798211561332341
0.006665969426945007,0.07278091939615108,0.16639007898665534,0.7813820119330585
0.00765198686245349,0.07579855721941843,0.1657194842487663,0.7795758993686756
0.00765198686245349,0.07579855721941843,0.1657194842487663,0.7795758993686756
0.00765198686245349,0.07579855721941843,0.1657194842487663,0.7795758993686756
0.005711421306161388,0.07534334603044385,0.16664234259294075,0.7789563031381798
0.005711421306161388,0.07534334603044385,0.16664234259294075,0.7789563031381798
0.005711421306161388,0.07534334603044385,0.16664234259294075,0.7789563031381798
0.0046393146842575415,0.07533845779899,0.1676503430042345,0.7774718367596107
0.0046393146842575415,0.07533845779899,0.1676503430042345,0.7774718367596107
0.0046393146842575415,0.07533845779899,0.1676503430042345,0.7774718367596107
0.0046393146842575415,0.07533845779899,0.1676503430042345,0.7774718367596107
0.0046393146842575415,0.07533845779899,0.1676503430042345,0.7774718367596107
0.0046393146842575415,0.07533845779899,0.1676503430042345,0.7774718367596107
0.002437108305256746,0.07677915243384414,0.16837968951915805,0.7762548851240778
0.003496229220968914,0.07670175860911943,0.16766831723537082,0.7760606186881771
0.0026097838614980006,0.0761159148978644,0.16884012697340262,0.7763046583196961
0.0026097838614980006,0.0761159148978644,0.16884012697340262,0.7763046583196961
0.0004959348752879692,0.07543946425150828,0.16627002615138428,0.7772609277054928
0.0004959348752879692,0.07543946425150828,0.16627002615138428,0.7772609277054928
0.0004959348752879692,0.07543946425150828,0.16627002615138428,0.7772609277054928
0.0004959348752879692,0.07543946425150828,0.16627002615138428,0.7772609277054928
0.0004959348752879692,0.07543946425150828,0.16627002615138428,0.7772609277054928
0.0004959348752879692,0.07543946425150828,0.16627002615138428,0.7772609277054928
0.0010252885907522228,0.07472936980271457,0.16672241187662934,0.776951387453922
0.0037516824507581184,0.07676332155773122,0.16840195331813881,0.775439620360404
0.002614645264135201,0.07612855185250847,0.1679684220313133,0.7769676278700361
0.003241995877306652,0.07831130621514899,0.16555205203659654,0.7752101208687363
0.002621186686114633,0.07799424571561915,0.16603778824128693,0.7755792726206853
0.002621186686114633,0.07799424571561915,0.16603778824128693,0.7755792726206853
0.0022554184185912002,0.07756919878289824,0.16529448519029075,0.7776215311912963
0.0033989651648791116,0.07678272638612045,0.1660694219089586,0.7759265399625508
0.0033989651648791116,0.07678272638612045,0.1660694219089586,0.7759265399625508
0.0034030884746433067,0.07564330832512214,0.1657816947863469,0.7772574447358515
0.002510616721607468,0.07445511096122183,0.1643954901131635,0.779325496514117
0.002510616721607468,0.07445511096122183,0.1643954901131635,0.779325496514117
0.002510616721607468,0.07445511096122183,0.1643954901131635,0.779325496514117
0.002510616721607468,0.07445511096122183,0.1643954901131635,0.779325496514117
0.002510616721607468,0.07445511096122183,0.1643954901131635,0.779325496514117
0.002510616721607468,0.07445511096122183,0.1643954901131635,0.779325496514117
0.002510616721607468,0.07445511096122183,0.1643954901131635,0.779325496514117
0.0012470673870993163,0.07415806335987765,0.16242180613071747,0.7812361606732714
0.0049919815317557995,0.07295057076463454,0.16374601196447236,0.7820187043190643
0.0049919815317557995,0.07295057076463454,0.16374601196447236,0.7820187043190643
0.0049919815317557995,0.07295057076463454,0.16374601196447236,0.7820187043190643
0.0049919815317557995,0.07295057076463454,0.16374601196447236,0.7820187043190643
0.0031017836915395764,0.07397045551055036,0.16065356830701352,0.7844351405020442
0.0031017836915395764,0.07397045551055036,0.16065356830701352,0.7844351405020442
0.0031017836915395764,0.07397045551055036,0.16065356830701352,0.7844351405020442
0.0026646994920798152,0.07264844347991353,0.162295592266264,0.7842211892086687
0.0034489544792254286,0.07178246186259331,0.1631108224864474,0.7858480676088956
0.0034489544792254286,0.07178246186259331,0.1631108224864474,0.7858480676088956
0.0025267058753621636,0.06990516873836303,0.16201033601340742,0.7869381516685717
0.0032209267323157903,0.07035668912045275,0.16406782969919972,0.785198605957699
0.0032209267323157903,0.07035668912045275,0.16406782969919972,0.785198605957699
0.0032209267323157903,0.07035668912045275,0.16406782969919972,0.785198605957699
0.0032209267323157903,0.07035668912045275,0.16406782969919972,0.785198605957699
0.0032209267323157903,0.07035668912045275,0.16406782969919972,0.785198605957699
0.002789938334318079,0.07254668178731298,0.16498216776953675,0.7828131721230722
0.0010839194726526486,0.07358614643025649,0.1637356934989812,0.7826394637710641
0.0010839194726526486,0.07358614643025649,0.1637356934989812,0.7826394637710641
0.0010839194726526486,0.07358614643025649,0.1637356934989812,0.7826394637710641
0.0007927777712141591,0.07345389789412902,0.1630700358621448,0.7838634844328912
0.0007927777712141591,0.07345389789412902,0.1630700358621448,0.7838634844328912
0.0007927777712141591,0.07345389789412902,0.1630700358621448,0.7838634844328912
0.0007927777712141591,0.07345389789412902,0.1630700358621448,0.7838634844328912
-0.00024365698536075878,0.07356331696935542,0.1618157599110597,0.7845633855202927
-0.00024365698536075878,0.07356331696935542,0.1618157599110597,0.7845633855202927
-0.0007360731382388088,0.07215101233858767,0.15984410938548851,0.7878276368303729
-0.00040559543479169404,0.07383821243976667,0.15903546341171398,0.7864935802731687
-0.00040559543479169404,0.07383821243976667,0.15903546341171398,0.7864935802731687
-0.001274951191992257,0.07426949646661325,0.1589281783039323,0.7851543755768999
-0.001274951191992257,0.07426949646661325,0.1589281783039323,0.7851543755768999
5.4923040091132145e-05,0.07458284491165955,0.1592040554825034,0.784057978197341
4.138212128805146e-05,0.07584229398982358,0.1608715228118789,0.7821514532975767
4.138212128805146e-05,0.07584229398982358,0.1608715228118789,0.7821514532975767
4.138212128805146e-05,0.07584229398982358,0.1608715228118789,0.7821514532975767
4.138212128805146e-05,0.07584229398982358,0.1608715228118789,0.7821514532975767
0.0021820521766681656,0.07706663915328965,0.163113272525427,0.7792911017456616
0.0021820521766681656,0.07706663915328965,0.163113272525427,0.7792911017456616
0.003046796209374289,0.07704213321577015,0.16271338508238242,0.7777251103375129
0.0033233526965496755,0.07652701979889304,0.16143556291062372,0.7798235807490072
0.0033233526965496755,0.07652701979889304,0.16143556291062372,0.7798235807490072
0.003319234267850322,0.07604779223147252,0.16080051244252536,0.7817991592086793
0.004227644694459855,0.07486095949774411,0.162820625436564,0.7801728063036697
0.003690818086130994,0.07583273119047343,0.16497041900296244,0.7796819785151184
0.003690818086130994,0.07583273119047343,0.16497041900296244,0.7796819785151184
0.003690818086130994,0.07583273119047343,0.16497041900296244,0.7796819785151184
0.003690818086130994,0.07583273119047343,0.16497041900296244,0.7796819785151184
0.002493687160999578,0.07542468256180217,0.16515163422124074,0.7789825431156561
0.002493687160999578,0.07542468256180217,0.16515163422124074,0.7789825431156561
0.002493687160999578,0.07542468256180217,0.16515163422124074,0.7789825431156561
0.002493687160999578,0.07542468256180217,0.16515163422124074,0.7789825431156561
0.0038759185659754535,0.07468950938946889,0.16337580972699112,0.7806851370371464
0.00487184310052133,0.07388452794685704,0.16568473574684905,0.7792044016935623
0.0040448978098888,0.07467433965877954,0.1652865310907009,0.7794494481721876
0.0056249818355932875,0.0738302294127826,0.16487018934380615,0.7807034283425449
0.005274483327602669,0.07447176830005968,0.1640178675781798,0.780204766945379
0.005203684003328225,0.0739767520012607,0.16492743946402202,0.7799266208491028
0.005203684003328225,0.0739767520012607,0.16492743946402202,0.7799266208491028
0.005203684003328225,0.0739767520012607,0.16492743946402202,0.7799266208491028
0.004413610495284243,0.07259564113245588,0.1629687593200876,0.7836972742004988
0.004413610495284243,0.07259564113245588,0.1629687593200876,0.7836972742004988
0.0015341063988038453,0.07183272983903678,0.16687881625107348,0.7814148818642384
-0.0015533390159625168,0.07108499331149805,0.1653370285713348,0.7838415045596157
0.0003399207030620869,0.07018412498743037,0.1647627557323829,0.784593194884567
0.0003399207030620869,0.07018412498743037,0.1647627557323829,0.784593194884567
0.0003399207030620869,0.07018412498743037,0.1647627557323829,0.784593194884567
0.0003399207030620869,0.07018412498743037,0.1647627557323829,0.784593194884567
0.0003399207030620869,0.07018412498743037,0.1647627557323829,0.784593194884567
0.0003399207030620869,0.07018412498743037,0.1647627557323829,0.784593194884567
0.0003399207030620869,0.07018412498743037,0.1647627557323829,0.784593194884567
0.0003399207030620869,0.07018412498743037,0.1647627557323829,0.784593194884567
0.0008230315285077691,0.07267777524455729,0.16551033125858938,0.7808532848473801
0.0008230315285077691,0.07267777524455729,0.16551033125858938,0.7808532848473801
0.0008230315285077691,0.07267777524455729,0.16551033125858938,0.7808532848473801
0.0008230315285077691,0.07267777524455729,0.16551033125858938,0.7808532848473801
0.0008230315285077691,0.07267777524455729,0.16551033125858938,0.7808532848473801
0.0008230315285077691,0.07267777524455729,0.16551033125858938,0.7808532848473801
0.0008230315285077691,0.07267777524455729,0.16551033125858938,0.7808532848473801
0.0008230315285077691,0.07267777524455729,0.16551033125858938,0.7808532848473801
0.0008230315285077691,0.07267777524455729,0.16551033125858938,0.7808532848473801
0.0008230315285077691,0.07267777524455729,0.16551033125858938,0.7808532848473801
0.0008230315285077691,0.07267777524455729,0.16551033125858938,0.7808532848473801
0.0008230315285077691,0.07267777524455729,0.16551033125858938,0.7808532848473801
0.0008230315285077691,0.07267777524455729,0.16551033125858938,0.7808532848473801
0.000722545009830927,0.07155458685481579,0.167023911922438,0.7813738861663015
0.000722545009830927,0.07155458685481579,0.167023911922438,0.7813738861663015
0.000722545009830927,0.07155458685481579,0.167023911922438,0.7813738861663015
0.003211082712628621,0.07269546311307347,0.16782000748698014,0.7808694190879137
0.003719776371463285,0.07305565910747767,0.1657454982179089,0.7811295641299335
0.0026326345897832145,0.07293577512774464,0.16301518908044213,0.7834755630051322
0.0026326345897832145,0.07293577512774464,0.16301518908044213,0.7834755630051322
0.0026326345897832145,0.07293577512774464,0.16301518908044213,0.7834755630051322
0.0022472552865449593,0.0716368795505243,0.1630133928940601,0.7841434873527563
0.0015261803815209696,0.07049742387524144,0.16454282580614543,0.783928810225304
0.0029827840900120703,0.07165168514818204,0.16530169240766243,0.7829943621541027
0.0029827840900120703,0.07165168514818204,0.16530169240766243,0.7829943621541027
0.0029827840900120703,0.07165168514818204,0.16530169240766243,0.7829943621541027
0.0032462440890962292,0.0721591446468823,0.16602418425464807,0.7811779856728244
0.0032462440890962292,0.0721591446468823,0.16602418425464807,0.7811779856728244
0.002733648142513107,0.07256729787568696,0.16674475077658288,0.7824540529379148
0.004964398005277778,0.07157137406346172,0.16666110300856288,0.781024752954898
0.004964398005277778,0.07157137406346172,0.16666110300856288,0.781024752954898
0.00523885243948841,0.072447868236028,0.16569552025438938,0.7799669092575934
0.00523885243948841,0.072447868236028,0.16569552025438938,0.7799669092575934
0.007229124339317097,0.07343327264569878,0.16514778082600307,0.7814074544778827
0.007229124339317097,0.07343327264569878,0.16514778082600307,0.7814074544778827
0.007229124339317097,0.07343327264569878,0.16514778082600307,0.7814074544778827
0.006174163271116498,0.07337382587329327,0.16347657302580015,0.782720163186796
0.006174163271116498,0.07337382587329327,0.16347657302580015,0.782720163186796
0.006174163271116498,0.07337382587329327,0.16347657302580015,0.782720163186796
0.0056911911610479414,0.07205150405647197,0.16421539440557606,0.7837176252479277
0.0056911911610479414,0.07205150405647197,0.16421539440557606,0.7837176252479277
0.0056911911610479414,0.07205150405647197,0.16421539440557606,0.7837176252479277
0.005897817624120016,0.0712130380777274,0.16341555136825217,0.7846661473174226
0.005897817624120016,0.0712130380777274,0.16341555136825217,0.7846661473174226
0.005897817624120016,0.0712130380777274,0.16341555136825217,0.7846661473174226
0.0021831927127183596,0.07073647930730642,0.1607114558211161,0.7858726879782889
0.0021831927127183596,0.07073647930730642,0.1607114558211161,0.7858726879782889
0.0033741158961176822,0.07033897535865122,0.15936509283567216,0.7874633051254538
0.0033741158961176822,0.07033897535865122,0.15936509283567216,0.7874633051254538
0.002652120292148878,0.06902477682228743,0.1586702213800953,0.7889217860522729
0.002652120292148878,0.06902477682228743,0.1586702213800953,0.7889217860522729
0.005033667797343037,0.07020586868016714,0.1606806716982335,0.7867695049423289
0.0057227713176407555,0.07060241989598355,0.16183793342845673,0.786537424590279
0.004422362545062732,0.06840320544252289,0.16168718393264947,0.7874205515054113
0.004422362545062732,0.06840320544252289,0.16168718393264947,0.7874205515054113
0.002225471264054117,0.06930093763651522,0.1606406927380593,0.7877353979788467
0.002225471264054117,0.06930093763651522,0.1606406927380593,0.7877353979788467
0.0017250428783581115,0.07022151172814582,0.1611615805221582,0.7869277865781086
0.0015800170777909032,0.0702351157004864,0.1612475811838664,0.7859244156556878
0.0017788973326184586,0.07064488949843813,0.16206541942514863,0.7863339909361232
0.0017788973326184586,0.07064488949843813,0.16206541942514863,0.7863339909361232
0.0017788973326184586,0.07064488949843813,0.16206541942514863,0.7863339909361232
0.0011925658722033298,0.07026010660618469,0.16300835377883757,0.7854014994669143
0.0011925658722033298,0.07026010660618469,0.16300835377883757,0.7854014994669143
0.0011925658722033298,0.07026010660618469,0.16300835377883757,0.7854014994669143
0.0021585124621739758,0.07330643475467422,0.16355558256893382,0.7817254744407276
0.0021585124621739758,0.07330643475467422,0.16355558256893382,0.7817254744407276
0.0021585124621739758,0.07330643475467422,0.16355558256893382,0.7817254744407276
0.0033512914907197415,0.07353280329664412,0.16351138623209763,0.78241631099395
0.0029584933320005264,0.07314128429705558,0.16212934126672673,0.7837105897453692
0.0029584933320005264,0.07314128429705558,0.16212934126672673,0.7837105897453692
0.0029584933320005264,0.07314128429705558,0.16212934126672673,0.7837105897453692
0.0029584933320005264,0.07314128429705558,0.16212934126672673,0.7837105897453692
0.0029584933320005264,0.07314128429705558,0.16212934126672673,0.7837105897453692
0.0029584933320005264,0.07314128429705558,0.16212934126672673,0.7837105897453692
0.0029584933320005264,0.07314128429705558,0.16212934126672673,0.7837105897453692
0.0029584933320005264,0.07314128429705558,0.16212934126672673,0.7837105897453692
0.0029584933320005264,0.07314128429705558,0.16212934126672673,0.7837105897453692
0.001070002096915053,0.07299207251899117,0.16148803782002846,0.7834973112281303
0.001070002096915053,0.07299207251899117,0.16148803782002846,0.7834973112281303
0.0008613535233144196,0.07375237635505039,0.16233551598031254,0.7822335771035323
0.0008613535233144196,0.07375237635505039,0.16233551598031254,0.7822335771035323
0.0008613535233144196,0.07375237635505039,0.16233551598031254,0.7822335771035323
0.0015583074406639288,0.07483844497520593,0.16331099061277798,0.780512248517913
0.0015583074406639288,0.07483844497520593,0.16331099061277798,0.780512248517913
0.0015583074406639288,0.07483844497520593,0.16331099061277798,0.780512248517913
0.0015583074406639288,0.07483844497520593,0.16331099061277798,0.780512248517913
0.0015583074406639288,0.07483844497520593,0.16331099061277798,0.780512248517913
0.0015583074406639288,0.07483844497520593,0.16331099061277798,0.780512248517913
0.0015583074406639288,0.07483844497520593,0.16331099061277798,0.780512248517913
0.0015583074406639288,0.07483844497520593,0.16331099061277798,0.780512248517913
0.0017807451315575327,0.07497891582153383,0.16436608232555358,0.7791069561857522
0.0020988414063482508,0.07389570277763577,0.16564136244234773,0.7797184469399424
0.0017938793865817202,0.07393139947373668,0.16520821897524554,0.7815366712777483
0.0035971679069748703,0.07379614440734113,0.16380128715664938,0.7818943285933546
0.0035971679069748703,0.07379614440734113,0.16380128715664938,0.7818943285933546
0.0035971679069748703,0.07379614440734113,0.16380128715664938,0.7818943285933546
0.0035971679069748703,0.07379614440734113,0.16380128715664938,0.7818943285933546
0.004057694185714387,0.07429553359116636,0.16394563092025097,0.7799199751632183
0.004057694185714387,0.07429553359116636,0.16394563092025097,0.7799199751632183
0.0034730089087169165,0.0750209715973038,0.16339117343170967,0.7806946535088336
0.003717065637855746,0.07542198044789132,0.1624212722937857,0.7808918016137474
0.003717065637855746,0.07542198044789132,0.1624212722937857,0.7808918016137474
0.005020600808223167,0.07455984290784429,0.16294689826490266,0.7802644197950582
0.005020600808223167,0.07455984290784429,0.16294689826490266,0.7802644197950582
0.00475000043158271,0.07443155709527888,0.16363410266574957,0.78063476436627
0.004545164895687633,0.0724147058876473,0.16440324257239006,0.7825477211521319
0.004545164895687633,0.0724147058876473,0.16440324257239006,0.7825477211521319
0.004545164895687633,0.0724147058876473,0.16440324257239006,0.7825477211521319
0.004545164895687633,0.0724147058876473,0.16440324257239006,0.7825477211521319
0.004545164895687633,0.0724147058876473,0.16440324257239006,0.7825477211521319
0.004545164895687633,0.0724147058876473,0.16440324257239006,0.7825477211521319
0.002220817889306366,0.07195889347619805,0.16460345569292023,0.7826862535376636
0.002220817889306366,0.07195889347619805,0.16460345569292023,0.7826862535376636
0.002220817889306366,0.07195889347619805,0.16460345569292023,0.7826862535376636
0.002220817889306366,0.07195889347619805,0.16460345569292023,0.7826862535376636
0.00158279521035634,0.07138270013983714,0.16333735062654414,0.7829828823105772
0.002346849354350073,0.07105933520546627,0.16289614716302755,0.7853694027780443
0.002346849354350073,0.07105933520546627,0.16289614716302755,0.7853694027780443
0.002346849354350073,0.07105933520546627,0.16289614716302755,0.7853694027780443
0.002346849354350073,0.07105933520546627,0.16289614716302755,0.7853694027780443
0.0026726629827506132,0.07096536726967859,0.1620177152287318,0.7859390130351382
0.0018997068590029219,0.07234636363852852,0.16098798288809013,0.7860452765296856
0.0039213083198787356,0.07311504956453176,0.16206215664242313,0.7847627247474083
0.004603182121054723,0.07347273900691653,0.16061250712626124,0.7838229351998195
0.004603182121054723,0.07347273900691653,0.16061250712626124,0.7838229351998195
0.004136670174717046,0.07294616379076722,0.15938069217152528,0.7846062706008285
0.004136670174717046,0.07294616379076722,0.15938069217152528,0.7846062706008285
0.004136670174717046,0.07294616379076722,0.15938069217152528,0.7846062706008285
0.004136670174717046,0.07294616379076722,0.15938069217152528,0.7846062706008285
0.004136670174717046,0.07294616379076722,0.15938069217152528,0.7846062706008285
0.004693456060434198,0.07374200815117644,0.15983188500562207,0.7849628855881066
0.004693456060434198,0.07374200815117644,0.15983188500562207,0.7849628855881066
0.004693456060434198,0.07374200815117644,0.15983188500562207,0.7849628855881066
0.004693456060434198,0.07374200815117644,0.15983188500562207,0.7849628855881066
0.004693456060434198,0.07374200815117644,0.15983188500562207,0.7849628855881066
0.004693456060434198,0.07374200815117644,0.15983188500562207,0.7849628855881066
0.004693456060434198,0.07374200815117644,0.15983188500562207,0.7849628855881066
0.004693456060434198,0.07374200815117644,0.15983188500562207,0.7849628855881066
0.0024797544554524624,0.07390454579540619,0.15762976358676012,0.7857122993431834
0.0024797544554524624,0.07390454579540619,0.15762976358676012,0.7857122993431834
0.002811118877812306,0.073270601106047,0.15930583396695092,0.7841748526377961
0.002811118877812306,0.073270601106047,0.15930583396695092,0.7841748526377961
0.002811118877812306,0.073270601106047,0.15930583396695092,0.7841748526377961
0.00284665752162333,0.07310733006553395,0.1601417656592759,0.7826825052023548
0.002609377978241235,0.07323580132917515,0.16030281402164828,0.7836196358761004
0.0019276311112499985,0.07416382564337483,0.1597935191730527,0.7815094456914932
0.002745042911801918,0.07352824143514039,0.1600242877420663,0.7817957672681046
0.003518777140399175,0.07322813564970165,0.1619967411038099,0.7817128160030352
0.003580206751723592,0.07446023027890009,0.16161634471536068,0.7824374601161903
0.003580206751723592,0.07446023027890009,0.16161634471536068,0.7824374601161903
0.0033128630907998265,0.07431718182381251,0.16080790484324095,0.7831750047111935
0.0033128630907998265,0.07431718182381251,0.16080790484324095,0.7831750047111935
0.0033128630907998265,0.07431718182381251,0.16080790484324095,0.7831750047111935
0.0033128630907998265,0.07431718182381251,0.16080790484324095,0.7831750047111935
0.0025790087103734565,0.07665139579586015,0.1621830245386434,0.7808259549366908
0.0025790087103734565,0.07665139579586015,0.1621830245386434,0.7808259549366908
0.002006692102886161,0.07729300393506354,0.16115507234106954,0.7810303895143675
0.0025040687707408808,0.0753753451153775,0.1619525521361793,0.7818932354339811
0.0025040687707408808,0.0753753451153775,0.1619525521361793,0.7818932354339811
0.0025040687707408808,0.0753753451153775,0.1619525521361793,0.7818932354339811
0.0014470076649956165,0.07455291235968972,0.16145485813456156,0.7828271564235627
0.0014470076649956165,0.07455291235968972,0.16145485813456156,0.7828271564235627
0.0014470076649956165,0.07455291235968972,0.16145485813456156,0.7828271564235627
0.002549299637887712,0.0755142098563733,0.16313914223247364,0.7816442125284314
0.002549299637887712,0.0755142098563733,0.16313914223247364,0.7816442125284314
0.002549299637887712,0.0755142098563733,0.16313914223247364,0.7816442125284314
0.002549299637887712,0.0755142098563733,0.16313914223247364,0.7816442125284314
0.002549299637887712,0.0755142098563733,0.16313914223247364,0.7816442125284314
0.0010500017396765273,0.0759776474660848,0.1629494075358822,0.7810049975194364
0.0010500017396765273,0.0759776474660848,0.1629494075358822,0.7810049975194364
0.0010500017396765273,0.0759776474660848,0.1629494075358822,0.7810049975194364
0.0010500017396765273,0.0759776474660848,0.1629494075358822,0.7810049975194364
0.0010500017396765273,0.0759776474660848,0.1629494075358822,0.7810049975194364
-0.0015351982568879237,0.0741603456379657,0.16257171814787139,0.7805887811186315
-0.0015351982568879237,0.0741603456379657,0.16257171814787139,0.7805887811186315
-0.002080459711860803,0.07462860029401747,0.1660618189388479,0.778122532803739
-0.002275959851682061,0.07632287898127646,0.1665316832236926,0.7778527291703173
-0.0030406370116172533,0.07589922215885594,0.16578276075857756,0.7776881668215839
-0.0022014897774265815,0.07524612298736358,0.16416954084770985,0.7787185625153024
-0.0022014897774265815,0.07524612298736358,0.16416954084770985,0.7787185625153024
-0.0028492963783750725,0.0746748945565211,0.16437517156765244,0.7809121823973396
-0.00389934151406079,0.07455271652125982,0.16511352023121925,0.780998438130132
-0.00389934151406079,0.07455271652125982,0.16511352023121925,0.780998438130132
-0.00389934151406079,0.07455271652125982,0.16511352023121925,0.780998438130132
-0.0014726009954534624,0.07538917323636303,0.16436107387401158,0.7798809884913824
-0.0014726009954534624,0.07538917323636303,0.16436107387401158,0.7798809884913824
-0.0014726009954534624,0.07538917323636303,0.16436107387401158,0.7798809884913824
-0.0006087920027721858,0.07701130036106761,0.16543685931847424,0.7783748331297508
0.0010068364207925203,0.07646691409151432,0.16647335428373672,0.7783991162628182
0.0010068364207925203,0.07646691409151432,0.16647335428373672,0.7783991162628182
0.0010068364207925203,0.07646691409151432,0.16647335428373672,0.7783991162628182
-0.001302749180601245,0.07494677267028933,0.16624561177737102,0.7784503477479654
0.0006721633834193283,0.0747721904739814,0.16762479238922384,0.7786926584922274
0.001214497107297543,0.07465595200758758,0.16860842990474514,0.7768668330356101
-2.8411270828759697e-05,0.07515058198499405,0.16911447287484116,0.7767663363214812
0.0006350415981304108,0.07604741112169765,0.16762420920940452,0.777578129863102
0.0006350415981304108,0.07604741112169765,0.16762420920940452,0.777578129863102
0.0006350415981304108,0.07604741112169765,0.16762420920940452,0.777578129863102
0.0006350415981304108,0.07604741112169765,0.16762420920940452,0.777578129863102
0.002710301911737532,0.07623095289339572,0.16784995677464376,0.7775204831380211
0.005331097380465057,0.0768575434253799,0.16713540001898,0.7766622669698898
0.004551555896939918,0.07573143065342389,0.16824874586370206,0.7759454740925107
0.002758588182265179,0.07612477077062446,0.1686397710220912,0.7742483836808873
0.0015596558618610995,0.07548635990751895,0.16857830378089508,0.7761520259577588
0.0015596558618610995,0.07548635990751895,0.16857830378089508,0.7761520259577588
0.0015596558618610995,0.07548635990751895,0.16857830378089508,0.7761520259577588
0.0008251580500462326,0.07626605749343478,0.1666369582038806,0.7768009428831062
0.0008251580500462326,0.07626605749343478,0.1666369582038806,0.7768009428831062
-9.611832118098574e-05,0.07692638029566642,0.16750102712245554,0.7768783968057248
-9.611832118098574e-05,0.07692638029566642,0.16750102712245554,0.7768783968057248
-1.323489269594485e-06,0.07518281581231039,0.1661245141036533,0.7782799238157373
-0.0002623086145965387,0.07664936820658033,0.1674329788709446,0.7756785580154226
-0.0002623086145965387,0.07664936820658033,0.1674329788709446,0.7756785580154226
-0.0002623086145965387,0.07664936820658033,0.1674329788709446,0.7756785580154226
-0.0011569315897219357,0.07537020326932085,0.16805850688483037,0.7754719559283483
0.00027133497755833444,0.07551342599349954,0.1679492196770346,0.7769431199404414
0.00027133497755833444,0.07551342599349954,0.1679492196770346,0.7769431199404414
0.00027133497755833444,0.07551342599349954,0.1679492196770346,0.7769431199404414
0.00027133497755833444,0.07551342599349954,0.1679492196770346,0.7769431199404414
-0.00031342362229612464,0.07602128698051613,0.16715475592628562,0.7775148026894303
-0.00031342362229612464,0.07602128698051613,0.16715475592628562,0.7775148026894303
0.0003130404306312378,0.07619353735317594,0.16508117549467172,0.7794876597690373
0.00022419909669468856,0.07424096581447634,0.16405976753648296,0.7809459972229846
0.00022419909669468856,0.07424096581447634,0.16405976753648296,0.7809459972229846
0.00022419909669468856,0.07424096581447634,0.16405976753648296,0.7809459972229846
0.00022419909669468856,0.07424096581447634,0.16405976753648296,0.7809459972229846
-0.0007189413720328853,0.07464472350277594,0.16386458351706437,0.7801017550302825
-0.0007189413720328853,0.07464472350277594,0.16386458351706437,0.7801017550302825
-0.0007189413720328853,0.07464472350277594,0.16386458351706437,0.7801017550302825
-0.0011181196058593695,0.07402373215577182,0.1652974952684074,0.7808653205546631
-0.0005014722165717686,0.073784940399894,0.1642223765117047,0.7804489295195314
-0.0005014722165717686,0.073784940399894,0.1642223765117047,0.7804489295195314
-0.0005014722165717686,0.073784940399894,0.1642223765117047,0.7804489295195314
-0.0007583903595410993,0.07258446204677842,0.16462324950869356,0.7826022947890838
-0.0007583903595410993,0.07258446204677842,0.16462324950869356,0.7826022947890838
-0.00017900021887629286,0.07361668503211906,0.16499938148138127,0.7808497034016727
-0.00017900021887629286,0.07361668503211906,0.16499938148138127,0.7808497034016727
-0.0001478178939499629,0.07218841507301574,0.16432985036443548,0.7818718286633584
-0.0001478178939499629,0.07218841507301574,0.16432985036443548,0.7818718286633584
-0.0001478178939499629,0.07218841507301574,0.16432985036443548,0.7818718286633584
-0.0001478178939499629,0.07218841507301574,0.16432985036443548,0.7818718286633584
-0.0001478178939499629,0.07218841507301574,0.16432985036443548,0.7818718286633584
-0.0001478178939499629,0.07218841507301574,0.16432985036443548,0.7818718286633584
-0.0001478178939499629,0.07218841507301574,0.16432985036443548,0.7818718286633584
-0.0001478178939499629,0.07218841507301574,0.16432985036443548,0.7818718286633584
-0.0001478178939499629,0.07218841507301574,0.16432985036443548,0.7818718286633584
-0.0001478178939499629,0.07218841507301574,0.16432985036443548,0.7818718286633584
-0.0001478178939499629,0.07218841507301574,0.16432985036443548,0.7818718286633584
-0.0001478178939499629,0.07218841507301574,0.16432985036443548,0.7818718286633584
-0.0001478178939499629,0.07218841507301574,0.16432985036443548,0.7818718286633584
-0.0001478178939499629,0.07218841507301574,0.16432985036443548,0.7818718286633584
-0.0001478178939499629,0.07218841507301574,0.16432985036443548,0.7818718286633584
0.0003900467476509819,0.07280011096040095,0.163417033462759,0.7812707925938215
0.0003900467476509819,0.07280011096040095,0.163417033462759,0.7812707925938215
0.000515146872377574,0.07336576585812092,0.16244741964408527,0.7821173558050034
0.0019066129802914901,0.07370411211027392,0.16245213601008096,0.7821213260989404
0.0019066129802914901,0.07370411211027392,0.16245213601008096,0.7821213260989404
0.0019066129802914901,0.07370411211027392,0.16245213601008096,0.7821213260989404
0.0019066129802914901,0.07370411211027392,0.16245213601008096,0.7821213260989404
0.0019066129802914901,0.07370411211027392,0.16245213601008096,0.7821213260989404
0.0019066129802914901,0.07370411211027392,0.16245213601008096,0.7821213260989404
0.0019066129802914901,0.07370411211027392,0.16245213601008096,0.7821213260989404
0.0019066129802914901,0.07370411211027392,0.16245213601008096,0.7821213260989404
0.0019066129802914901,0.07370411211027392,0.16245213601008096,0.7821213260989404
0.0019066129802914901,0.07370411211027392,0.16245213601008096,0.7821213260989404
0.0019066129802914901,0.07370411211027392,0.16245213601008096,0.7821213260989404
0.00015005632491511454,0.07482016821453708,0.16273806152361953,0.7817972196663829
0.002118824840074633,0.07238082510005941,0.16200942701066848,0.7820816041381703
0.004175672922813021,0.07321886246101054,0.1616061752082105,0.7835529155955439
0.004175672922813021,0.07321886246101054,0.1616061752082105,0.7835529155955439
0.0018248615488754656,0.07199716464830783,0.16046351215248328,0.7847817329806629
0.0020221200054121244,0.07213452430408414,0.1614574753640713,0.7839506143319761
0.002123980876831497,0.07380552892559672,0.16292675842481474,0.7826395161922529
0.002123980876831497,0.07380552892559672,0.16292675842481474,0.7826395161922529
0.0029436273254219766,0.07598701656578723,0.16201095343968286,0.7820078532022481
0.0029436273254219766,0.07598701656578723,0.16201095343968286,0.7820078532022481
-0.0004056411207847884,0.07536802724236383,0.1615107670963391,0.781107439590011
-0.0004056411207847884,0.07536802724236383,0.1615107670963391,0.781107439590011
-0.0004056411207847884,0.07536802724236383,0.1615107670963391,0.781107439590011
-0.00016027051170547195,0.0744825244607879,0.16244120292147532,0.7819547971801319
-0.00016027051170547195,0.0744825244607879,0.16244120292147532,0.7819547971801319
-0.00016027051170547195,0.0744825244607879,0.16244120292147532,0.7819547971801319
-0.00019579178743347418,0.07497608020099297,0.16402673075885824,0.7806104682350983
-0.00019579178743347418,0.07497608020099297,0.16402673075885824,0.7806104682350983
-0.00019579178743347418,0.07497608020099297,0.16402673075885824,0.7806104682350983
-0.0002461840008741345,0.0758138989983354,0.1630812038686398,0.7815410172262689
-0.0004092207432523687,0.0740222003007431,0.1606142482589073,0.7823068298664108
-0.0009494193262124503,0.07348852204609987,0.15887714315700902,0.7841046945111454
-0.0019996856985462883,0.07257779099204069,0.16094939453761758,0.7836874755004738
0.0004562622744004761,0.07320571483084397,0.16208860668613248,0.7817911350091261
0.0012143426994752054,0.07338557718995774,0.16175528630632777,0.7825219027266506
-0.0016658130647513392,0.07406394984445919,0.16097282592721693,0.7833210149551589
-0.0016658130647513392,0.07406394984445919,0.16097282592721693,0.7833210149551589
-0.0014594558208214285,0.07368443803257164,0.160690050388099,0.7834062824159758
-0.0014594558208214285,0.07368443803257164,0.160690050388099,0.7834062824159758
-0.0014594558208214285,0.07368443803257164,0.160690050388099,0.7834062824159758
-0.0014594558208214285,0.07368443803257164,0.160690050388099,0.7834062824159758
-0.002186081977038212,0.07561604204411054,0.15966914291110176,0.7826620262800501
-0.002186081977038212,0.07561604204411054,0.15966914291110176,0.7826620262800501
-0.0039358492135851495,0.07497813366680997,0.16239925295497112,0.7821171485589108
-0.0039358492135851495,0.07497813366680997,0.16239925295497112,0.7821171485589108
-0.0039358492135851495,0.07497813366680997,0.16239925295497112,0.7821171485589108
-0.0039358492135851495,0.07497813366680997,0.16239925295497112,0.7821171485589108
-0.003929743263081262,0.07519758162782769,0.1616098456087527,0.7840781363915796
-0.003929743263081262,0.07519758162782769,0.1616098456087527,0.7840781363915796
-0.002107977790369223,0.074178068862214,0.16063701735645752,0.7845296734494281
-0.003270511270320813,0.073278679102651,0.16137979820785836,0.7830877705093474
-0.0037391076742213825,0.07335796058355315,0.16145085545135063,0.7841327455969381
-0.004113263264711221,0.07332724403836167,0.16312722382638628,0.7835578074836035
-0.004113263264711221,0.07332724403836167,0.16312722382638628,0.7835578074836035
-0.005241074740075792,0.07226848791792786,0.16393901866357022,0.7821331454964745
-0.005241074740075792,0.07226848791792786,0.16393901866357022,0.7821331454964745
-0.0044689207143213654,0.07211974931377708,0.16387175414109442,0.7814783123692862
-0.0044689207143213654,0.07211974931377708,0.16387175414109442,0.7814783123692862
-0.004739068137929101,0.07180082480576948,0.16459902442763444,0.7814088975201138
-0.004739068137929101,0.07180082480576948,0.16459902442763444,0.7814088975201138
-0.004739068137929101,0.07180082480576948,0.16459902442763444,0.7814088975201138
-0.004739068137929101,0.07180082480576948,0.16459902442763444,0.7814088975201138
-0.004550439519385768,0.0713985206166234,0.16366320904721154,0.7828042757440951
-0.002605740905102344,0.0740511898186131,0.16336654402783804,0.7814678770347274
-0.002605740905102344,0.0740511898186131,0.16336654402783804,0.7814678770347274
-0.002605740905102344,0.0740511898186131,0.16336654402783804,0.7814678770347274
-0.0007717422716087873,0.07326147975767082,0.1656211919403528,0.7819475955782056
-0.0007717422716087873,0.07326147975767082,0.1656211919403528,0.7819475955782056
-0.0028249872362185245,0.07439362515063855,0.16617405612509667,0.7801186120648737
-0.0019146703078654673,0.07572588264994437,0.16500869744016514,0.7796540578307908
-0.0020263505736424097,0.07739322157846076,0.16510787769288235,0.7776063372744932
-0.0018175601820424059,0.07695052163585787,0.16602636836306686,0.7783868355117967
-0.00031149669710022615,0.07472567475242685,0.1668219355890413,0.7784694859784667
-0.00031149669710022615,0.07472567475242685,0.1668219355890413,0.7784694859784667
0.00047335409050321294,0.07358276427108056,0.16589070805526607,0.7798818675608761
0.00047335409050321294,0.07358276427108056,0.16589070805526607,0.7798818675608761
0.00047335409050321294,0.07358276427108056,0.16589070805526607,0.7798818675608761
0.00047335409050321294,0.07358276427108056,0.16589070805526607,0.7798818675608761
0.00047335409050321294,0.07358276427108056,0.16589070805526607,0.7798818675608761
0.00047335409050321294,0.07358276427108056,0.16589070805526607,0.7798818675608761
0.00047335409050321294,0.07358276427108056,0.16589070805526607,0.7798818675608761
0.00047335409050321294,0.07358276427108056,0.16589070805526607,0.7798818675608761
0.00047335409050321294,0.07358276427108056,0.16589070805526607,0.7798818675608761
-0.00011914045248874255,0.07241931350478169,0.16716158823106228,0.7814585523729831
-0.00011914045248874255,0.07241931350478169,0.16716158823106228,0.7814585523729831
-0.00011914045248874255,0.07241931350478169,0.16716158823106228,0.7814585523729831
-0.00011914045248874255,0.07241931350478169,0.16716158823106228,0.7814585523729831
-0.00011914045248874255,0.07241931350478169,0.16716158823106228,0.7814585523729831
0.000838053267596431,0.07237010088653065,0.16772820586171983,0.7790188806091897
0.000838053267596431,0.07237010088653065,0.16772820586171983,0.7790188806091897
0.000838053267596431,0.07237010088653065,0.16772820586171983,0.7790188806091897
0.0010264982064812822,0.07176420387188648,0.16819692622162485,0.7805031337755326
0.000356794525385311,0.07348781886943144,0.16526587647201865,0.7817208737417172
0.0007749877057754114,0.0732022839175787,0.16550189605001994,0.7830604506827128
0.0006798250367920972,0.07318717284109691,0.16224334359549905,0.7828685776767732
0.0006798250367920972,0.07318717284109691,0.16224334359549905,0.7828685776767732
0.00012056628227962276,0.07331365030136522,0.16446723406905875,0.7816974209303889
0.00012056628227962276,0.07331365030136522,0.16446723406905875,0.7816974209303889
0.00012056628227962276,0.07331365030136522,0.16446723406905875,0.7816974209303889
0.00022851899370994325,0.07309441666630588,0.16403439923757457,0.7822030055342033
0.00022851899370994325,0.07309441666630588,0.16403439923757457,0.7822030055342033
0.00022851899370994325,0.07309441666630588,0.16403439923757457,0.7822030055342033
0.00022851899370994325,0.07309441666630588,0.16403439923757457,0.7822030055342033
0.00022851899370994325,0.07309441666630588,0.16403439923757457,0.7822030055342033
0.00022851899370994325,0.07309441666630588,0.16403439923757457,0.7822030055342033
0.0007037414543956475,0.07490314007873053,0.16357259150524384,0.7803900958136647
-0.0002007546129337678,0.07442644285613795,0.16302725833183432,0.7824572562205575
-0.0002007546129337678,0.07442644285613795,0.16302725833183432,0.7824572562205575
0.0011610603112991622,0.07441257641562601,0.1639278339619833,0.7810761226426783
0.0011610603112991622,0.07441257641562601,0.1639278339619833,0.7810761226426783
0.0011610603112991622,0.07441257641562601,0.1639278339619833,0.7810761226426783
-0.0001660498701917118,0.07456151785197462,0.16459606721832432,0.7810312964578707
-0.0001660498701917118,0.07456151785197462,0.16459606721832432,0.7810312964578707
-0.00033573265456590304,0.0744218443688899,0.1639963963638632,0.7814095420912929
-0.0011677739177604223,0.07445225921241484,0.16391745787317438,0.7818381616810224
-0.0011677739177604223,0.07445225921241484,0.16391745787317438,0.7818381616810224
0.0005993228189909803,0.07411148019098884,0.1631688407115122,0.7820841687892349
-0.0003242725846913046,0.07377160555730988,0.16135700863959282,0.7845111510285302
0.0007818585555469281,0.07359631488797606,0.1604782967606791,0.7850007127463351
0.0013964104392913972,0.0725333722597533,0.1609985746384594,0.7854465619849448
0.0013964104392913972,0.0725333722597533,0.1609985746384594,0.7854465619849448
0.002138988183389868,0.07170174191469991,0.16041435148040098,0.7861213665817791
0.002138988183389868,0.07170174191469991,0.16041435148040098,0.7861213665817791
0.002138988183389868,0.07170174191469991,0.16041435148040098,0.7861213665817791
0.0007494451644958046,0.07128953893812988,0.16029505411730335,0.7860983586277015
0.0009098703284772044,0.07174276788863597,0.1627826705922926,0.784735007383118
0.0009098703284772044,0.07174276788863597,0.1627826705922926,0.784735007383118
5.6642705258749056e-05,0.07192795732750229,0.16189102949160666,0.7847872037606567
-0.0008650942617227758,0.0728504891571834,0.15901323615627563,0.7873569795380253
-0.0008650942617227758,0.0728504891571834,0.15901323615627563,0.7873569795380253
-0.0008650942617227758,0.0728504891571834,0.15901323615627563,0.7873569795380253
-0.0008650942617227758,0.0728504891571834,0.15901323615627563,0.7873569795380253
-0.003195479208247355,0.07156368920578514,0.16005440587549596,0.7877912197864683
-0.00101084508517419,0.07239089103968045,0.16034270117384097,0.7854481266040673
-0.00101084508517419,0.07239089103968045,0.16034270117384097,0.7854481266040673
-0.00101084508517419,0.07239089103968045,0.16034270117384097,0.7854481266040673
-0.00101084508517419,0.07239089103968045,0.16034270117384097,0.7854481266040673
-0.00101084508517419,0.07239089103968045,0.16034270117384097,0.7854481266040673
-0.00101084508517419,0.07239089103968045,0.16034270117384097,0.7854481266040673
-0.0005031103648244365,0.07042080677054562,0.16241957509985072,0.7861278163810017
-0.0005031103648244365,0.07042080677054562,0.16241957509985072,0.7861278163810017
-0.0005031103648244365,0.07042080677054562,0.16241957509985072,0.7861278163810017
0.0012265993823124726,0.07199978981387214,0.15968848140520345,0.78651288810695
0.0012265993823124726,0.07199978981387214,0.15968848140520345,0.78651288810695
0.0012265993823124726,0.07199978981387214,0.15968848140520345,0.78651288810695
0.0012265993823124726,0.07199978981387214,0.15968848140520345,0.78651288810695
0.0012265993823124726,0.07199978981387214,0.15968848140520345,0.78651288810695
0.0012265993823124726,0.07199978981387214,0.15968848140520345,0.78651288810695
0.0012265993823124726,0.07199978981387214,0.15968848140520345,0.78651288810695
0.0012265993823124726,0.07199978981387214,0.15968848140520345,0.78651288810695
0.0014821438843618533,0.07212623193269664,0.15994903785456296,0.7853512505095132
0.0014821438843618533,0.07212623193269664,0.15994903785456296,0.7853512505095132
0.0014821438843618533,0.07212623193269664,0.15994903785456296,0.7853512505095132
0.00031423008346081593,0.0715700415322221,0.16041578388976582,0.785088825752923
0.0032380233422322556,0.07011095769838371,0.16176524600372,0.7857215490879155
0.002199321740619417,0.07126114423127701,0.1608896253000471,0.7849259673586634
0.002199321740619417,0.07126114423127701,0.1608896253000471,0.7849259673586634
0.0020337113765544665,0.07052018695948964,0.16042363121814227,0.7859398091844195
0.0026811572738280522,0.07126331339556484,0.15997036116215516,0.7863248717018628
0.0026811572738280522,0.07126331339556484,0.15997036116215516,0.7863248717018628
0.0026811572738280522,0.07126331339556484,0.15997036116215516,0.7863248717018628
0.0026811572738280522,0.07126331339556484,0.15997036116215516,0.7863248717018628
0.0026811572738280522,0.07126331339556484,0.15997036116215516,0.7863248717018628
0.0026811572738280522,0.07126331339556484,0.15997036116215516,0.7863248717018628
0.0026811572738280522,0.07126331339556484,0.15997036116215516,0.7863248717018628
0.0026811572738280522,0.07126331339556484,0.15997036116215516,0.7863248717018628
0.0016944429989054026,0.07005782470146905,0.16283436639817478,0.7870509327563135
0.0016944429989054026,0.07005782470146905,0.16283436639817478,0.7870509327563135
0.002603778572214434,0.07008144554336651,0.16204606998580962,0.7872367608882275
-9.862232330731758e-05,0.06810373740891948,0.15917142540625773,0.7895557569863184
-9.862232330731758e-05,0.06810373740891948,0.15917142540625773,0.7895557569863184
-0.00114111230877522,0.06937698284369079,0.15716740835789164,0.7894123393307312
-0.002092194249481812,0.06924470166590097,0.15932177733772104,0.7896602305068539
-0.002092194249481812,0.06924470166590097,0.15932177733772104,0.7896602305068539
-0.002960655661390751,0.06866305284900674,0.15832525077368315,0.7907233921549385
-0.002450950528258701,0.07111567211572906,0.1584037079888845,0.7883441805709113
-0.002450950528258701,0.07111567211572906,0.1584037079888845,0.7883441805709113
-0.0004422283174813149,0.07126475019992881,0.16013727870958477,0.7884512446285733
-0.0004422283174813149,0.07126475019992881,0.16013727870958477,0.7884512446285733
-0.0004422283174813149,0.07126475019992881,0.16013727870958477,0.7884512446285733
0.0009517201694205458,0.07056681830201653,0.16013545462605008,0.7870022399281642
0.0009517201694205458,0.07056681830201653,0.16013545462605008,0.7870022399281642
-0.0011067048468095062,0.0701802842186199,0.16011885919693805,0.7874044309538101
-0.0011067048468095062,0.0701802842186199,0.16011885919693805,0.7874044309538101
0.000952707697590443,0.07100204741019578,0.16084360746573304,0.7871867559538317
0.000952707697590443,0.07100204741019578,0.16084360746573304,0.7871867559538317
0.000952707697590443,0.07100204741019578,0.16084360746573304,0.7871867559538317
0.0015749245970656219,0.07005341493556912,0.1599814533296218,0.7872091294903494
0.0015749245970656219,0.07005341493556912,0.1599814533296218,0.7872091294903494
0.0002585659574178452,0.06942424818189039,0.15953579805388599,0.7895098056053543
0.0002585659574178452,0.06942424818189039,0.15953579805388599,0.7895098056053543
-1.2338578774128155e-05,0.07010796586525676,0.15926194474751182,0.7895078884838814
-1.2338578774128155e-05,0.07010796586525676,0.15926194474751182,0.7895078884838814
0.00015361209402568564,0.0683537860905867,0.159324586888806,0.7891054330833416
-0.0010189783964304094,0.06829481023327637,0.16109280358914355,0.7887478892776122
-0.0010189783964304094,0.06829481023327637,0.16109280358914355,0.7887478892776122
-0.0010189783964304094,0.06829481023327637,0.16109280358914355,0.7887478892776122
-0.0010189783964304094,0.06829481023327637,0.16109280358914355,0.7887478892776122
-0.0028719676582656052,0.06839471152691927,0.16033518650643344,0.7893112498122656
-0.0014893699463113619,0.06860860264257541,0.15919929357620424,0.7911553564388798
-0.0029504003113417655,0.06853161714815117,0.1596605559184704,0.7889716913057864
-0.0029504003113417655,0.06853161714815117,0.1596605559184704,0.7889716913057864
-0.002479569543803192,0.0691475483105249,0.16029707618940983,0.7875722981012673
-0.0028124452474744197,0.06979853067038184,0.16101357056792365,0.7873773096734585
-0.0028124452474744197,0.06979853067038184,0.16101357056792365,0.7873773096734585
-0.0028124452474744197,0.06979853067038184,0.16101357056792365,0.7873773096734585
-0.0028124452474744197,0.06979853067038184,0.16101357056792365,0.7873773096734585
-0.00368496304884234,0.06950545302840866,0.1615801713147413,0.7870150349260294
-0.003639891341164295,0.07127803514292103,0.1626929606290044,0.7856925150171681
-0.003639891341164295,0.07127803514292103,0.1626929606290044,0.7856925150171681
-0.003639891341164295,0.07127803514292103,0.1626929606290044,0.7856925150171681
-0.0033807818610883176,0.07239094855611883,0.1631247651653988,0.7834642325948302
-0.003258951854301954,0.07189057222827269,0.16154709102403514,0.7844108719692174
-0.003258951854301954,0.07189057222827269,0.16154709102403514,0.7844108719692174
-0.003258951854301954,0.07189057222827269,0.16154709102403514,0.7844108719692174
-0.003009094929320376,0.07104241024931919,0.1603026986125928,0.7852806456297736
-0.003009094929320376,0.07104241024931919,0.1603026986125928,0.7852806456297736
-0.0036395889765972298,0.07190996883263889,0.16057332962421547,0.7861011077330172
-0.0028811037935255997,0.07192571047279062,0.15968918895989623,0.7850221617082367
-0.0028811037935255997,0.07192571047279062,0.15968918895989623,0.7850221617082367
-0.0028811037935255997,0.07192571047279062,0.15968918895989623,0.7850221617082367
-0.002480942880684132,0.07386733083315823,0.15860229215674482,0.7864798706959678
-0.0053778433509857546,0.07477953503269617,0.1598770713139707,0.7851734978859454
-0.0053778433509857546,0.07477953503269617,0.1598770713139707,0.7851734978859454
-0.004456851248279313,0.0741174194466005,0.15867298653242054,0.7857605847336856
-0.004813992886557363,0.07515046382759251,0.15984911614853528,0.7828887408722168
-0.0055049101762350726,0.07516684370516503,0.1604734675153044,0.7813661341780628
-0.005703758131838171,0.07574014972977987,0.16362175650366512,0.7797848874206497
-0.005703758131838171,0.07574014972977987,0.16362175650366512,0.7797848874206497
-0.004909759712510313,0.07812945562729831,0.16531771217913138,0.7768845361275587
-0.004366956924404752,0.07709438280630522,0.16498098604702277,0.7771347699059971
-0.004366956924404752,0.07709438280630522,0.16498098604702277,0.7771347699059971
-0.004366956924404752,0.07709438280630522,0.16498098604702277,0.7771347699059971
-0.003602823617420855,0.07570628954264855,0.16552183814618882,0.7778157063229048
-0.00393906117496374,0.0743680965271715,0.16492485229337578,0.778362708673789
-0.00393906117496374,0.0743680965271715,0.16492485229337578,0.778362708673789
-0.00393906117496374,0.0743680965271715,0.16492485229337578,0.778362708673789
-0.002872350310941813,0.0754255720194119,0.16690025690124752,0.7785630032937652
-0.004436910577693584,0.07584332464833607,0.1667481419468718,0.7767419394730878
-0.004436910577693584,0.07584332464833607,0.1667481419468718,0.7767419394730878
-0.003130370989483702,0.07582590331100378,0.1662885539737912,0.7780409236336907
-0.003130370989483702,0.07582590331100378,0.1662885539737912,0.7780409236336907
-0.003130370989483702,0.07582590331100378,0.1662885539737912,0.7780409236336907
-0.003130370989483702,0.07582590331100378,0.1662885539737912,0.7780409236336907
-0.003130370989483702,0.07582590331100378,0.1662885539737912,0.7780409236336907
-0.003130370989483702,0.07582590331100378,0.1662885539737912,0.7780409236336907
-0.003130370989483702,0.07582590331100378,0.1662885539737912,0.7780409236336907
-0.0034687629703193715,0.07442523632641192,0.16391681793159282,0.7820898561475378
-0.004437458061092327,0.07399203637259208,0.16434099331852417,0.7821266305875351
-0.004379621609138041,0.07596098028183158,0.16275900986022343,0.7808229913929033
-0.004379621609138041,0.07596098028183158,0.16275900986022343,0.7808229913929033
-0.004092851583029616,0.0748360691003298,0.1614147127319438,0.7812576428956963
-0.002179636863673647,0.07514684194759956,0.16251765710639693,0.7808163707934662
-0.0016841543590874657,0.07417302552955893,0.1622345674385005,0.7807066758759562
-0.0016841543590874657,0.07417302552955893,0.1622345674385005,0.7807066758759562
-0.0011120650043184121,0.07537823860010517,0.1647490444788009,0.7802212322956975
-0.0020229199591607493,0.07478062207370303,0.16499055967816031,0.7782215865974116
0.001539720019392303,0.07389798232621331,0.16585132163147287,0.7788751114863777
0.0015977817019387258,0.0738965962959764,0.16463501465101368,0.7795197750396465
0.0015977817019387258,0.0738965962959764,0.16463501465101368,0.7795197750396465
0.0015977817019387258,0.0738965962959764,0.16463501465101368,0.7795197750396465
0.0015977817019387258,0.0738965962959764,0.16463501465101368,0.7795197750396465
0.0023978779419868736,0.07323822183674523,0.16401886210541608,0.781292434024071
0.0023978779419868736,0.07323822183674523,0.16401886210541608,0.781292434024071
0.0022636725198192254,0.07289017342941594,0.16523464391692602,0.7805026664791873
0.0022636725198192254,0.07289017342941594,0.16523464391692602,0.7805026664791873
0.0022000072629790902,0.07180678236034223,0.16543135880151372,0.7822966085567578
0.0033848680559664833,0.0710029729840238,0.1650191395616319,0.7829756444699342
0.0019488024124483475,0.07002188966526045,0.1651932917963259,0.7843002051246643
0.0019488024124483475,0.07002188966526045,0.1651932917963259,0.7843002051246643
0.002089098647645852,0.0676372216191102,0.16378736778092343,0.7876764877864294
0.002089098647645852,0.0676372216191102,0.16378736778092343,0.7876764877864294
0.002089098647645852,0.0676372216191102,0.16378736778092343,0.7876764877864294
0.001964476146170253,0.06824891989686373,0.1623773707180196,0.7872973264770647
0.0016961698843962747,0.07007474438033454,0.16465484685024942,0.7833322309990424
0.0016961698843962747,0.07007474438033454,0.16465484685024942,0.7833322309990424
0.0016961698843962747,0.07007474438033454,0.16465484685024942,0.7833322309990424
0.0009080515467606995,0.07022338579627005,0.1653089508755233,0.7843048082187654
0.0009080515467606995,0.07022338579627005,0.1653089508755233,0.7843048082187654
0.0009080515467606995,0.07022338579627005,0.1653089508755233,0.7843048082187654
-0.0007767769819996903,0.07039874494271232,0.16574972140775673,0.7822728731996097
-0.0007767769819996903,0.07039874494271232,0.16574972140775673,0.7822728731996097
-0.0007767769819996903,0.07039874494271232,0.16574972140775673,0.7822728731996097
-0.0007767769819996903,0.07039874494271232,0.16574972140775673,0.7822728731996097
-0.0007767769819996903,0.07039874494271232,0.16574972140775673,0.7822728731996097
-0.0007767769819996903,0.07039874494271232,0.16574972140775673,0.7822728731996097
-0.0007767769819996903,0.07039874494271232,0.16574972140775673,0.7822728731996097
-0.00146077840174162,0.06975524898337834,0.16614298898634675,0.7836361690876137
-0.00146077840174162,0.06975524898337834,0.16614298898634675,0.7836361690876137
-0.00146077840174162,0.06975524898337834,0.16614298898634675,0.7836361690876137
-0.00146077840174162,0.06975524898337834,0.16614298898634675,0.7836361690876137
-0.00016041010375472307,0.06911913824022388,0.16385028184566874,0.7848124499134604
-0.00016041010375472307,0.06911913824022388,0.16385028184566874,0.7848124499134604
-0.00016041010375472307,0.06911913824022388,0.16385028184566874,0.7848124499134604
0.0015709509661214183,0.06936898636746235,0.16346938463856275,0.7860857729738555
0.0007296373350929601,0.06973178435644665,0.16308452448896144,0.7848956063255468
0.0007147267477944203,0.06998582517598616,0.16452270675987246,0.7838726009537267
0.0033065883293487623,0.07196011770660381,0.16729104519182939,0.7810055854052562
0.0037727155373453976,0.07170544779412735,0.1653896711923252,0.782126056134442
0.0037727155373453976,0.07170544779412735,0.1653896711923252,0.782126056134442
0.0005127515867498346,0.07056355679875885,0.1636230681153394,0.7837385794481152
0.0005127515867498346,0.07056355679875885,0.1636230681153394,0.7837385794481152
0.0005127515867498346,0.07056355679875885,0.1636230681153394,0.7837385794481152
0.0005511820045953856,0.07200134408631792,0.16600865538519768,0.7815498317085618
0.0005511820045953856,0.07200134408631792,0.16600865538519768,0.7815498317085618
0.0005511820045953856,0.07200134408631792,0.16600865538519768,0.7815498317085618
0.001259758159122141,0.07306349306259748,0.16506238784569943,0.7816410752189304
0.001259758159122141,0.07306349306259748,0.16506238784569943,0.7816410752189304
0.001259758159122141,0.07306349306259748,0.16506238784569943,0.7816410752189304
0.0017179154584906506,0.07232576230270593,0.16368883317939134,0.7825905362208747
0.0017179154584906506,0.07232576230270593,0.16368883317939134,0.7825905362208747
0.0017179154584906506,0.07232576230270593,0.16368883317939134,0.7825905362208747
0.0017179154584906506,0.07232576230270593,0.16368883317939134,0.7825905362208747
0.0017179154584906506,0.07232576230270593,0.16368883317939134,0.7825905362208747
0.0017179154584906506,0.07232576230270593,0.16368883317939134,0.7825905362208747
0.0017179154584906506,0.07232576230270593,0.16368883317939134,0.7825905362208747
0.0017179154584906506,0.07232576230270593,0.16368883317939134,0.7825905362208747
0.0017179154584906506,0.07232576230270593,0.16368883317939134,0.7825905362208747
0.00027646825476770366,0.07338923316087465,0.16205322975200737,0.7842210729288599
4.392487393918879e-06,0.07296344201012275,0.16386037425732428,0.7829965794613308
0.0017151093295306311,0.07346925874273162,0.16341635454399794,0.7828614515989533
-0.00025067023391612815,0.07236348574988159,0.16392309185509238,0.7821881553773289
-0.00025067023391612815,0.07236348574988159,0.16392309185509238,0.7821881553773289
-0.00025067023391612815,0.07236348574988159,0.16392309185509238,0.7821881553773289
0.000441643776412297,0.0733079381605374,0.16300737756513076,0.7823487847775096
0.000441643776412297,0.0733079381605374,0.16300737756513076,0.7823487847775096
0.000441643776412297,0.0733079381605374,0.16300737756513076,0.7823487847775096
6.140848482598019e-05,0.07187424479737993,0.16287432941440613,0.7834345323298725
-0.0018518489898962274,0.07526633703147295,0.16165337770607757,0.7830817492104204
-0.0018518489898962274,0.07526633703147295,0.16165337770607757,0.7830817492104204
-0.0018518489898962274,0.07526633703147295,0.16165337770607757,0.7830817492104204
-0.003927877856395919,0.0742967084371734,0.1604642157151182,0.7826044942261788
-0.0032570069937436744,0.07342996738201554,0.16307981105235023,0.781578691019001
-0.0032570069937436744,0.07342996738201554,0.16307981105235023,0.781578691019001
-0.0032570069937436744,0.07342996738201554,0.16307981105235023,0.781578691019001
-0.0032570069937436744,0.07342996738201554,0.16307981105235023,0.781578691019001
-0.0029822813045230372,0.07232613448365617,0.16469855093181263,0.7825254523587105
-0.003562664734704502,0.0725920014422574,0.16430312321397444,0.7817449956206323
-0.0037520714352906,0.0734758159475834,0.16599024594434147,0.7809969601329361
-0.0037520714352906,0.0734758159475834,0.16599024594434147,0.7809969601329361
-0.004514285479600958,0.07552843673719792,0.1642149868895225,0.7811425742742163
-0.002840190337198888,0.07329503792505934,0.1651783182378452,0.7818308597261413
-0.002840190337198888,0.07329503792505934,0.1651783182378452,0.7818308597261413
-0.002840190337198888,0.07329503792505934,0.1651783182378452,0.7818308597261413
-0.0004216645913713616,0.07122063684875303,0.16450648099925422,0.7837839425814173
-0.0017487304191838127,0.07293890785656384,0.16424958422383046,0.7824949818071446
-0.0017487304191838127,0.07293890785656384,0.16424958422383046,0.7824949818071446
-0.00028085688437551,0.07314223997679091,0.16315542863359733,0.7835863030141089
-0.00028085688437551,0.07314223997679091,0.16315542863359733,0.7835863030141089
-0.00028085688437551,0.07314223997679091,0.16315542863359733,0.7835863030141089
-0.00028085688437551,0.07314223997679091,0.16315542863359733,0.7835863030141089
0.0008856012189186965,0.0710442168966101,0.1610059014888171,0.7853799782515412
0.0008856012189186965,0.0710442168966101,0.1610059014888171,0.7853799782515412
0.0022187197972742107,0.07056066726569107,0.1607549377558966,0.7867852320585113
0.0022187197972742107,0.07056066726569107,0.1607549377558966,0.7867852320585113
0.0022187197972742107,0.07056066726569107,0.1607549377558966,0.7867852320585113
0.0021620181583965055,0.07225349121939911,0.1607416936388651,0.7865874844604028
0.0021620181583965055,0.07225349121939911,0.1607416936388651,0.7865874844604028
0.0021620181583965055,0.07225349121939911,0.1607416936388651,0.7865874844604028
0.0021620181583965055,0.07225349121939911,0.1607416936388651,0.7865874844604028
0.0021620181583965055,0.07225349121939911,0.1607416936388651,0.7865874844604028
0.0021620181583965055,0.07225349121939911,0.1607416936388651,0.7865874844604028
0.0011959705436415486,0.07151735051787304,0.16100350313300346,0.7859021067208509
0.0011959705436415486,0.07151735051787304,0.16100350313300346,0.7859021067208509
0.0011959705436415486,0.07151735051787304,0.16100350313300346,0.7859021067208509
0.0013811712162643771,0.07097863216069338,0.16220287762693347,0.7851643286670309
8.250603057486272e-05,0.07242703375474509,0.16393079823565643,0.7825809646547559
8.250603057486272e-05,0.07242703375474509,0.16393079823565643,0.7825809646547559
8.250603057486272e-05,0.07242703375474509,0.16393079823565643,0.7825809646547559
8.250603057486272e-05,0.07242703375474509,0.16393079823565643,0.7825809646547559
8.250603057486272e-05,0.07242703375474509,0.16393079823565643,0.7825809646547559
0.00013679559160333988,0.07218249563534246,0.16253912572421134,0.7838764178684048
0.00013679559160333988,0.07218249563534246,0.16253912572421134,0.7838764178684048
0.00013679559160333988,0.07218249563534246,0.16253912572421134,0.7838764178684048
0.00013679559160333988,0.07218249563534246,0.16253912572421134,0.7838764178684048
0.00013679559160333988,0.07218249563534246,0.16253912572421134,0.7838764178684048
0.00013679559160333988,0.07218249563534246,0.16253912572421134,0.7838764178684048
-0.0008879537441444369,0.0730651811119314,0.16160773906652398,0.7837501276127185
-0.0008879537441444369,0.0730651811119314,0.16160773906652398,0.7837501276127185
-0.0008879537441444369,0.0730651811119314,0.16160773906652398,0.7837501276127185
-0.0008879537441444369,0.0730651811119314,0.16160773906652398,0.7837501276127185
-0.0008879537441444369,0.0730651811119314,0.16160773906652398,0.7837501276127185
-0.0008879537441444369,0.0730651811119314,0.16160773906652398,0.7837501276127185
-0.0011561605038010044,0.07361603104086573,0.16264186698965438,0.7828997218049445
-0.0011561605038010044,0.07361603104086573,0.16264186698965438,0.7828997218049445
-0.0007098722388931234,0.07461261705625316,0.16187321344881592,0.7833253331233627
-0.0007098722388931234,0.07461261705625316,0.16187321344881592,0.7833253331233627
-0.0007098722388931234,0.07461261705625316,0.16187321344881592,0.7833253331233627
-0.0007098722388931234,0.07461261705625316,0.16187321344881592,0.7833253331233627
-0.0007098722388931234,0.07461261705625316,0.16187321344881592,0.7833253331233627
-0.0007098722388931234,0.07461261705625316,0.16187321344881592,0.7833253331233627
-0.0007098722388931234,0.07461261705625316,0.16187321344881592,0.7833253331233627
-0.0017826294379806559,0.07554288731640588,0.16112566299120326,0.784031206204927
-0.0013615638267475106,0.07475043100330704,0.16305113976755967,0.7817380577292401
-0.0013615638267475106,0.07475043100330704,0.16305113976755967,0.7817380577292401
-0.0013615638267475106,0.07475043100330704,0.16305113976755967,0.7817380577292401
-0.0001816292526096758,0.07685781840963084,0.1636596238865463,0.7796539794083872
-0.0001816292526096758,0.07685781840963084,0.1636596238865463,0.7796539794083872
-0.0001816292526096758,0.07685781840963084,0.1636596238865463,0.7796539794083872
-0.0006561175783492941,0.0768510945876922,0.16516473377472335,0.7777733037700477
-0.0006561175783492941,0.0768510945876922,0.16516473377472335,0.7777733037700477
-0.0006561175783492941,0.0768510945876922,0.16516473377472335,0.7777733037700477
0.0018130614613942513,0.07584474800697559,0.16577767387203332,0.7781923399358848
0.0013121938689033626,0.07677957890130566,0.16484133512060792,0.7781488714383077
0.0013121938689033626,0.07677957890130566,0.16484133512060792,0.7781488714383077
0.0013121938689033626,0.07677957890130566,0.16484133512060792,0.7781488714383077
0.001127000792059209,0.07584428291561535,0.16592707117628816,0.77856988636646
0.001127000792059209,0.07584428291561535,0.16592707117628816,0.77856988636646
0.003841030188344117,0.07569571862797746,0.1663109207924337,0.7779472173696881
0.003841030188344117,0.07569571862797746,0.1663109207924337,0.7779472173696881
0.002424861575241297,0.0755186263943338,0.16758983924860504,0.7767927345321364
0.0012478301463842464,0.0739693403933827,0.1666934917019069,0.7786689286596398
0.0012478301463842464,0.0739693403933827,0.1666934917019069,0.7786689286596398
0.0012478301463842464,0.0739693403933827,0.1666934917019069,0.7786689286596398
0.0012478301463842464,0.0739693403933827,0.1666934917019069,0.7786689286596398
-0.0010111015989148638,0.07375855891311875,0.16522193206653132,0.7789137976741728
0.0018987031625248719,0.07490678109727988,0.16237414508663128,0.7805325172397487
0.0018987031625248719,0.07490678109727988,0.16237414508663128,0.7805325172397487
0.0020256934304106024,0.07428071202299914,0.1640630009876575,0.7799211638451663
0.0020256934304106024,0.07428071202299914,0.1640630009876575,0.7799211638451663
0.0019629356411957942,0.07372645022163982,0.16326528286776784,0.7818169333821802
0.0019629356411957942,0.07372645022163982,0.16326528286776784,0.7818169333821802
0.0037724481362697015,0.07519251740656391,0.16461730200745822,0.7796929063845593
0.0037724481362697015,0.07519251740656391,0.16461730200745822,0.7796929063845593
0.0033664345875598764,0.07486589330707709,0.16495853816102288,0.7806166590183377
0.002544825578915145,0.07506102786561457,0.1668503257889816,0.7786035219905336
0.002134739047264245,0.07258715435567126,0.16641306862837346,0.7804432197719491
0.001837847679276165,0.07304953487203547,0.16501531672399672,0.7800649051300174
0.001837847679276165,0.07304953487203547,0.16501531672399672,0.7800649051300174
0.001837847679276165,0.07304953487203547,0.16501531672399672,0.7800649051300174
0.001837847679276165,0.07304953487203547,0.16501531672399672,0.7800649051300174
0.0019081707668856457,0.07217101823562472,0.16485397347719305,0.7814118859929403
0.000676159706929545,0.0730334732601556,0.16429708069924073,0.7827987605923218
0.0007035236315346448,0.0744553398498638,0.1629440077791317,0.7827532427668596
0.0007035236315346448,0.0744553398498638,0.1629440077791317,0.7827532427668596
0.0006119338459534801,0.07518765484309803,0.1635614324279461,0.7817634727628366
0.0014291606847240046,0.07538166493827485,0.16288766337420818,0.7805302058160188
0.001066563043626862,0.07468309607672878,0.1652568525520039,0.7805170795630682
0.0014558001844199653,0.07203921930728704,0.1643158689872596,0.783213750015517
0.0014558001844199653,0.07203921930728704,0.1643158689872596,0.783213750015517
0.0014558001844199653,0.07203921930728704,0.1643158689872596,0.783213750015517
0.0007137274433227716,0.07232364179044029,0.16232284540393335,0.7833894020878343
-0.0005873336802630812,0.07282453559290299,0.16174361400646148,0.7847680378239518
-0.0009988239823212623,0.07418271985192608,0.16131101961272407,0.7843422438674805
-0.0005995119029331149,0.07294971354083679,0.16078486764689046,0.7849491235135092
-0.0005995119029331149,0.07294971354083679,0.16078486764689046,0.7849491235135092
-0.0005995119029331149,0.07294971354083679,0.16078486764689046,0.7849491235135092
-0.0005995119029331149,0.07294971354083679,0.16078486764689046,0.7849491235135092
-0.0005995119029331149,0.07294971354083679,0.16078486764689046,0.7849491235135092
-0.0005995119029331149,0.07294971354083679,0.16078486764689046,0.7849491235135092
-0.00028920788151677655,0.07086787157379401,0.16161328235326566,0.7860176665610169
-0.00028920788151677655,0.07086787157379401,0.16161328235326566,0.7860176665610169
0.0006406952888503773,0.07178478561202438,0.1598369536065293,0.7868020108735958
0.00042754202208313116,0.07255643457929589,0.15793088582163195,0.7872627295554603
0.00042754202208313116,0.07255643457929589,0.15793088582163195,0.7872627295554603
0.00042754202208313116,0.07255643457929589,0.15793088582163195,0.7872627295554603
0.00042754202208313116,0.07255643457929589,0.15793088582163195,0.7872627295554603
0.00042754202208313116,0.07255643457929589,0.15793088582163195,0.7872627295554603
0.00042754202208313116,0.07255643457929589,0.15793088582163195,0.7872627295554603
0.00042754202208313116,0.07255643457929589,0.15793088582163195,0.7872627295554603
0.00048172878511650437,0.07108597539942173,0.15984700114064215,0.7857027902390593
0.00048172878511650437,0.07108597539942173,0.15984700114064215,0.7857027902390593
0.00048172878511650437,0.07108597539942173,0.15984700114064215,0.7857027902390593
0.00028174454461967857,0.07163780528891059,0.1586962536830686,0.786307795422749
0.00028174454461967857,0.07163780528891059,0.1586962536830686,0.786307795422749
0.00028174454461967857,0.07163780528891059,0.1586962536830686,0.786307795422749
0.00011623061669967962,0.07227535287822415,0.15948868670971955,0.7864948692067975
0.00011623061669967962,0.07227535287822415,0.15948868670971955,0.7864948692067975
0.00011623061669967962,0.07227535287822415,0.15948868670971955,0.7864948692067975
0.00011623061669967962,0.07227535287822415,0.15948868670971955,0.7864948692067975
0.00011623061669967962,0.07227535287822415,0.15948868670971955,0.7864948692067975
0.00011623061669967962,0.07227535287822415,0.15948868670971955,0.7864948692067975
0.00011623061669967962,0.07227535287822415,0.15948868670971955,0.7864948692067975
0.00011623061669967962,0.07227535287822415,0.15948868670971955,0.7864948692067975
-0.0004887099114149147,0.07262730311135969,0.1581384094202358,0.7862093451997155
-0.0013335747495841622,0.07189119232416454,0.1592753161358197,0.7871639575558452
0.0007081664318703477,0.07196840193510633,0.15896830633292383,0.7879521550128854
0.0007081664318703477,0.07196840193510633,0.15896830633292383,0.7879521550128854
-0.0003309481504850983,0.07112769384368332,0.16061302712123957,0.7878119744105886
-0.0003309481504850983,0.07112769384368332,0.16061302712123957,0.7878119744105886
-0.0003309481504850983,0.07112769384368332,0.16061302712123957,0.7878119744105886
0.0003934895347087555,0.07127374726148138,0.1596433178020817,0.786774288659033
-0.00030900733695855354,0.07121707250786183,0.15913040399030923,0.786859496204873
-0.00030900733695855354,0.07121707250786183,0.15913040399030923,0.786859496204873
-0.00030900733695855354,0.07121707250786183,0.15913040399030923,0.786859496204873
-0.00030900733695855354,0.07121707250786183,0.15913040399030923,0.786859496204873
-0.00030900733695855354,0.07121707250786183,0.15913040399030923,0.786859496204873
-0.00030900733695855354,0.07121707250786183,0.15913040399030923,0.786859496204873
-0.00030900733695855354,0.07121707250786183,0.15913040399030923,0.786859496204873
-0.00030900733695855354,0.07121707250786183,0.15913040399030923,0.786859496204873
-0.002341511462493326,0.07126623072341151,0.1604775310243115,0.7861951180963351
-0.002341511462493326,0.07126623072341151,0.1604775310243115,0.7861951180963351
-0.0010917142378494107,0.07136253146425517,0.16111629381508707,0.785315348608984
-0.0010917142378494107,0.07136253146425517,0.16111629381508707,0.785315348608984
-0.0010917142378494107,0.07136253146425517,0.16111629381508707,0.785315348608984
-0.0010917142378494107,0.07136253146425517,0.16111629381508707,0.785315348608984
-0.0017626049856247312,0.07179289510140124,0.16096531194372923,0.7849091209154424
-0.0017626049856247312,0.07179289510140124,0.16096531194372923,0.7849091209154424
-0.0017626049856247312,0.07179289510140124,0.16096531194372923,0.7849091209154424
-0.0017626049856247312,0.07179289510140124,0.16096531194372923,0.7849091209154424
-0.0023781719474321853,0.07186103135178142,0.15926266855390706,0.7862054866522414
-0.0023781719474321853,0.07186103135178142,0.15926266855390706,0.7862054866522414
-0.002991683206336541,0.07067124947582339,0.16049745689378075,0.7863455601990715
-0.0022673118275059086,0.07240978899364725,0.1593848379761208,0.7870088203720566
-0.0022673118275059086,0.07240978899364725,0.1593848379761208,0.7870088203720566
-0.0022673118275059086,0.07240978899364725,0.1593848379761208,0.7870088203720566
-0.0015862472556365693,0.0740864165931728,0.15926094997369403,0.7846156719149424
-0.0015862472556365693,0.0740864165931728,0.15926094997369403,0.7846156719149424
-0.0016785725838760798,0.07324531694454872,0.15904995324430926,0.7856953852908306
-0.0016785725838760798,0.07324531694454872,0.15904995324430926,0.7856953852908306
-0.002666620006842653,0.07211443200292594,0.15782510034183836,0.787210431611563
-0.002666620006842653,0.07211443200292594,0.15782510034183836,0.787210431611563
-0.002608379218191846,0.07142514029572686,0.15891041569182784,0.7872928175893412
-0.002608379218191846,0.07142514029572686,0.15891041569182784,0.7872928175893412
-0.002608379218191846,0.07142514029572686,0.15891041569182784,0.7872928175893412
-0.002608379218191846,0.07142514029572686,0.15891041569182784,0.7872928175893412
-0.002608379218191846,0.07142514029572686,0.15891041569182784,0.7872928175893412
-0.002608379218191846,0.07142514029572686,0.15891041569182784,0.7872928175893412
-0.002608379218191846,0.07142514029572686,0.15891041569182784,0.7872928175893412
-0.0025326579767487437,0.07410711228005648,0.15605609284898922,0.7866598128140412
-0.0025326579767487437,0.07410711228005648,0.15605609284898922,0.7866598128140412
-0.004088830228219676,0.07414819541450775,0.1563951707838036,0.7864470664840209
-0.004088830228219676,0.07414819541450775,0.1563951707838036,0.7864470664840209
-0.004088830228219676,0.07414819541450775,0.1563951707838036,0.7864470664840209
-0.004088830228219676,0.07414819541450775,0.1563951707838036,0.7864470664840209
-0.004088830228219676,0.07414819541450775,0.1563951707838036,0.7864470664840209
-0.0036139176992971856,0.07089646958812537,0.15677120360519564,0.7879380996809152
-0.0036139176992971856,0.07089646958812537,0.15677120360519564,0.7879380996809152
-0.0021386751211473006,0.07218756905005302,0.15768798123080258,0.7858153579954479
-0.0021386751211473006,0.07218756905005302,0.15768798123080258,0.7858153579954479
-0.0014558043705474944,0.07269145483145328,0.15789862656197945,0.7870921187243218
0.0006078430834418561,0.07213572553244559,0.15921175390638964,0.7871224521951632
-0.0013288921004053946,0.07223873914095141,0.15957187543344448,0.787601270046826
-0.0013288921004053946,0.07223873914095141,0.15957187543344448,0.787601270046826
-0.0013288921004053946,0.07223873914095141,0.15957187543344448,0.787601270046826
-0.002419873702768345,0.07174024651660424,0.16053172313804323,0.7873124264661945
-0.0005297554047134668,0.07374704374708406,0.1605318919012045,0.7855702082556557
0.0014348926658413884,0.07270015946321243,0.1621585537358648,0.7844660878117148
-0.0008774033442523826,0.07309751224652901,0.16339370385795784,0.7820420822455736
-0.0008774033442523826,0.07309751224652901,0.16339370385795784,0.7820420822455736
-0.0008774033442523826,0.07309751224652901,0.16339370385795784,0.7820420822455736
-0.0008774033442523826,0.07309751224652901,0.16339370385795784,0.7820420822455736
-0.0014053688816641817,0.07297261869106071,0.16413598719918823,0.7825963545529491
-0.0014053688816641817,0.07297261869106071,0.16413598719918823,0.7825963545529491
-0.0019131424044185222,0.072255608127302,0.1646411801739197,0.7821560822415097
-0.0019131424044185222,0.072255608127302,0.1646411801739197,0.7821560822415097
-0.0019131424044185222,0.072255608127302,0.1646411801739197,0.7821560822415097
-0.0019131424044185222,0.072255608127302,0.1646411801739197,0.7821560822415097
-0.0019131424044185222,0.072255608127302,0.1646411801739197,0.7821560822415097
-0.0019131424044185222,0.072255608127302,0.1646411801739197,0.7821560822415097
-0.0031208872340909677,0.07147048004606493,0.16559338066016888,0.7831841616948666
-0.0031208872340909677,0.07147048004606493,0.16559338066016888,0.7831841616948666
-0.0031208872340909677,0.07147048004606493,0.16559338066016888,0.7831841616948666
-0.002082950605899799,0.07055461336138048,0.16185555527366421,0.7851015796902644
-0.002082950605899799,0.07055461336138048,0.16185555527366421,0.7851015796902644
-0.0033756580654343447,0.07108350890002377,0.1607921000323131,0.7854396967471032
-0.0033756580654343447,0.07108350890002377,0.1607921000323131,0.7854396967471032
-0.0033756580654343447,0.07108350890002377,0.1607921000323131,0.7854396967471032
-0.003330025423653024,0.07174878564474858,0.16179999292127087,0.7852857270491321
-0.003330025423653024,0.07174878564474858,0.16179999292127087,0.7852857270491321
-0.003334702053763708,0.07189795745023185,0.16103388893138765,0.785000840901432
-0.003334702053763708,0.07189795745023185,0.16103388893138765,0.785000840901432
-0.002953287065254458,0.0723475130792283,0.16442860908461326,0.7831579126093162
-0.0030737324646319198,0.0732381581352063,0.1615953416364805,0.784004788128148
-0.0030737324646319198,0.0732381581352063,0.1615953416364805,0.784004788128148
-0.0030737324646319198,0.0732381581352063,0.1615953416364805,0.784004788128148
-0.0030737324646319198,0.0732381581352063,0.1615953416364805,0.784004788128148
-0.0019378537944517917,0.07419920967053877,0.161704356389108,0.7833214244346016
-0.0019378537944517917,0.07419920967053877,0.161704356389108,0.7833214244346016
-0.0025021861223819856,0.07439738872814818,0.16170131474851657,0.78298620635393
-0.0025021861223819856,0.07439738872814818,0.16170131474851657,0.78298620635393
-0.0030119587930035004,0.07400447353134795,0.15935731248506718,0.7837687229769713
-0.0030119587930035004,0.07400447353134795,0.15935731248506718,0.7837687229769713
-0.004378165046182134,0.07360799892115204,0.16090060767503914,0.7840511767704754
-0.00469389880659921,0.07271911735563392,0.16280382478683886,0.7837995974870176
-0.00469389880659921,0.07271911735563392,0.16280382478683886,0.7837995974870176
-0.004296975993061852,0.07436968800088697,0.1619817311563855,0.7810599401794605
-0.004723445082096566,0.07635459241804843,0.1626647327319229,0.7787751901591179
-0.0066958031373911256,0.07610166048321192,0.1643855700291588,0.7787695803853115
-0.0066958031373911256,0.07610166048321192,0.1643855700291588,0.7787695803853115
-0.0066958031373911256,0.07610166048321192,0.1643855700291588,0.7787695803853115
-0.0066958031373911256,0.07610166048321192,0.1643855700291588,0.7787695803853115
-0.0066958031373911256,0.07610166048321192,0.1643855700291588,0.7787695803853115
-0.0066958031373911256,0.07610166048321192,0.1643855700291588,0.7787695803853115
-0.0066958031373911256,0.07610166048321192,0.1643855700291588,0.7787695803853115
-0.005585495504258993,0.07663707795501914,0.16242369790788452,0.7801461356723841
-0.004358571127508056,0.07718008813724644,0.1625780834013441,0.781407238225063
-0.005818061596602222,0.07704313100598242,0.1620235411413793,0.7792542088757609
-0.005818061596602222,0.07704313100598242,0.1620235411413793,0.7792542088757609
-0.004312421629302439,0.07660046675444113,0.162793170963582,0.7807682425945575
-0.004312421629302439,0.07660046675444113,0.162793170963582,0.7807682425945575
-0.004312421629302439,0.07660046675444113,0.162793170963582,0.7807682425945575
-0.004312421629302439,0.07660046675444113,0.162793170963582,0.7807682425945575
-0.004312421629302439,0.07660046675444113,0.162793170963582,0.7807682425945575
-0.00501280431036445,0.07507817941027511,0.16211443650948634,0.7817912948858862
-0.002692338893324667,0.07546168322767961,0.1600035285690723,0.7820309150167767
-0.0028407648401489217,0.07528314547230444,0.15764128744402545,0.7840035994504703
-0.0028407648401489217,0.07528314547230444,0.15764128744402545,0.7840035994504703
-0.0028407648401489217,0.07528314547230444,0.15764128744402545,0.7840035994504703
-0.003575144528972127,0.0753386441318435,0.15798487731187938,0.7838770499771033
-0.003575144528972127,0.0753386441318435,0.15798487731187938,0.7838770499771033
-0.0034535652941474096,0.07271978084565411,0.15892751829886326,0.784892891667275
-0.0018476670336423878,0.07041700384812734,0.1563408022320774,0.788891207234141
-0.0018476670336423878,0.07041700384812734,0.1563408022320774,0.788891207234141
-0.0018476670336423878,0.07041700384812734,0.1563408022320774,0.788891207234141
-0.0018476670336423878,0.07041700384812734,0.1563408022320774,0.788891207234141
-0.002405063116537651,0.07134801859081236,0.15964394969476545,0.7861500209861683
-0.0011096669033689608,0.07171611684166936,0.16173498697852806,0.784687321470089
-0.0003080043817865098,0.07135523845230204,0.16065660093142758,0.7846130603694189
-0.0011524821806117094,0.07001817267245238,0.16228307450158683,0.7856093492246488
-0.0018549001039349672,0.07082798535771476,0.1633293470321488,0.7855454757937149
-0.002586151419706043,0.07087788797991328,0.1620809872848409,0.7859074441972965
-0.003113446882229611,0.07124088251711154,0.16184993926350982,0.784623449072921
-0.0018269033653376331,0.07136308394099336,0.16114482890738208,0.7850716769378765
-0.0015931274456986993,0.07187250769268387,0.16266634812805233,0.7844041495540488
-0.002391010530893811,0.07365621214159287,0.16331159553729205,0.7826903680204466
-0.002417237058229309,0.07274091134632411,0.16370122824482544,0.781433908491415
-0.002417237058229309,0.07274091134632411,0.16370122824482544,0.781433908491415
-0.0012574848406209681,0.07259436374826161,0.16222144959304075,0.7831634368725667
-0.0012574848406209681,0.07259436374826161,0.16222144959304075,0.7831634368725667
-0.0010678013701616003,0.07375341056865177,0.16040182454236301,0.7846535350510426
-0.001495759373232816,0.07257941425532848,0.16165398192501718,0.7834456945737169
-0.001495759373232816,0.07257941425532848,0.16165398192501718,0.7834456945737169
-0.001495759373232816,0.07257941425532848,0.16165398192501718,0.7834456945737169
-0.0004782577240713497,0.0724247243107741,0.1639080260077574,0.7843286686662991
-0.0004674947810796771,0.07381225374772812,0.16372678747141706,0.7839830006633541
-0.0003984675614646054,0.07466448459971264,0.1646900473123827,0.7815938194089904
-0.002362327365336418,0.07550871577848718,0.16282063101755975,0.7818443250037063
-0.002362327365336418,0.07550871577848718,0.16282063101755975,0.7818443250037063
-0.002362327365336418,0.07550871577848718,0.16282063101755975,0.7818443250037063
-0.0009929123005562527,0.07627622578894942,0.16007319314276353,0.7808650255901809
-0.0009929123005562527,0.07627622578894942,0.16007319314276353,0.7808650255901809
-0.00047282283269719247,0.0755529979323844,0.16111146396495155,0.7798126577983026
-0.0017593095500875542,0.07520973945657576,0.16272672068608238,0.7785656392134336
-0.0017593095500875542,0.07520973945657576,0.16272672068608238,0.7785656392134336
-0.0026333122909179656,0.07578597305026129,0.16275329346071885,0.7779678170521731
-0.0032378271666458533,0.07500277636899755,0.1628574619718116,0.7785400266882262
-0.0011736530811380834,0.07538451344872184,0.16373074069547763,0.779650114046062
-0.0011736530811380834,0.07538451344872184,0.16373074069547763,0.779650114046062
-0.0011736530811380834,0.07538451344872184,0.16373074069547763,0.779650114046062
-0.0011736530811380834,0.07538451344872184,0.16373074069547763,0.779650114046062
-0.0008849856863262203,0.07527692820533215,0.16489696669855514,0.7774309749081895
-0.0008849856863262203,0.07527692820533215,0.16489696669855514,0.7774309749081895
-0.0008849856863262203,0.07527692820533215,0.16489696669855514,0.7774309749081895
-0.0004145143642647329,0.07579536171517107,0.1649892964049491,0.7766980790280293
0.001064938857115768,0.07770328598734065,0.16605458504676246,0.7761174331448318
0.001064938857115768,0.07770328598734065,0.16605458504676246,0.7761174331448318
0.001064938857115768,0.07770328598734065,0.16605458504676246,0.7761174331448318
0.0029740381311553392,0.07646236294447513,0.16651716458804985,0.7765677907334493
0.003677288152530763,0.07650478867215804,0.16732258115713208,0.7760096989509835
0.003677288152530763,0.07650478867215804,0.16732258115713208,0.7760096989509835
0.003677288152530763,0.07650478867215804,0.16732258115713208,0.7760096989509835
0.0031422564870013953,0.07705855642488167,0.16805114568626675,0.7747380186151364
0.0031422564870013953,0.07705855642488167,0.16805114568626675,0.7747380186151364
0.0031422564870013953,0.07705855642488167,0.16805114568626675,0.7747380186151364
0.0022777564591028297,0.0765100796756925,0.16794881319156738,0.7752670066872617
0.0022777564591028297,0.0765100796756925,0.16794881319156738,0.7752670066872617
0.00010864655672958301,0.07518805978561068,0.16797822917514643,0.775521005556854
0.002950383041288575,0.07399556066081853,0.16837643813642278,0.7772374773326006
0.002950383041288575,0.07399556066081853,0.16837643813642278,0.7772374773326006
0.002950383041288575,0.07399556066081853,0.16837643813642278,0.7772374773326006
0.002950383041288575,0.07399556066081853,0.16837643813642278,0.7772374773326006
0.002950383041288575,0.07399556066081853,0.16837643813642278,0.7772374773326006
0.002950383041288575,0.07399556066081853,0.16837643813642278,0.7772374773326006
0.002950383041288575,0.07399556066081853,0.16837643813642278,0.7772374773326006
0.002950383041288575,0.07399556066081853,0.16837643813642278,0.7772374773326006
0.002950383041288575,0.07399556066081853,0.16837643813642278,0.7772374773326006
0.0037943435176202795,0.07388010046789324,0.16899495006108733,0.7771476876378434
0.0037943435176202795,0.07388010046789324,0.16899495006108733,0.7771476876378434
0.0022157713224186847,0.07498675855658123,0.16913992369160394,0.7772761906075083
0.0022157713224186847,0.07498675855658123,0.16913992369160394,0.7772761906075083
0.0022157713224186847,0.07498675855658123,0.16913992369160394,0.7772761906075083
0.0022157713224186847,0.07498675855658123,0.16913992369160394,0.7772761906075083
0.0022157713224186847,0.07498675855658123,0.16913992369160394,0.7772761906075083
0.0022157713224186847,0.07498675855658123,0.16913992369160394,0.7772761906075083
0.0022157713224186847,0.07498675855658123,0.16913992369160394,0.7772761906075083
0.0015104407728962197,0.07354164738106699,0.16700544566296766,0.7789872589613406
0.0015104407728962197,0.07354164738106699,0.16700544566296766,0.7789872589613406
0.0016971199947667483,0.07435518831352293,0.16651747243395926,0.7782886555243218
0.0016971199947667483,0.07435518831352293,0.16651747243395926,0.7782886555243218
0.0016971199947667483,0.07435518831352293,0.16651747243395926,0.7782886555243218
-0.0005829096386081808,0.07472768975048193,0.16570796107271069,0.7797695399772071
-0.0013372010377884146,0.07591250644645271,0.16616530313801095,0.7787262295685644
-0.0011632787238702097,0.07604075962338414,0.16586067532344467,0.7784917647413538
-0.0011632787238702097,0.07604075962338414,0.16586067532344467,0.7784917647413538
-0.0011632787238702097,0.07604075962338414,0.16586067532344467,0.7784917647413538
-0.0011632787238702097,0.07604075962338414,0.16586067532344467,0.7784917647413538
-0.0010214859497025518,0.07542812011264427,0.16595237794614834,0.7790464184153034
-0.0010214859497025518,0.07542812011264427,0.16595237794614834,0.7790464184153034
-0.0015281044422550878,0.07595473077151657,0.16663716318077615,0.7772882925206107
-0.0015281044422550878,0.07595473077151657,0.16663716318077615,0.7772882925206107
-0.0015281044422550878,0.07595473077151657,0.16663716318077615,0.7772882925206107
-0.00012524603221615582,0.07728945458874541,0.16857718555595855,0.7750268676962083
0.0010870014713082632,0.07532817727810784,0.16503143761280534,0.7767733878333827
0.002034015488816789,0.07646831063740873,0.1646075011096775,0.777259146238728
0.002034015488816789,0.07646831063740873,0.1646075011096775,0.777259146238728
0.002034015488816789,0.07646831063740873,0.1646075011096775,0.777259146238728
0.003744061365535546,0.07660674364073408,0.16292253663693215,0.7796953212922264
0.003744061365535546,0.07660674364073408,0.16292253663693215,0.7796953212922264
0.003744061365535546,0.07660674364073408,0.16292253663693215,0.7796953212922264
0.0029355155816574835,0.07577493395830935,0.16306532532180382,0.7799448107279322
0.0029355155816574835,0.07577493395830935,0.16306532532180382,0.7799448107279322
0.0029355155816574835,0.07577493395830935,0.16306532532180382,0.7799448107279322
0.0029355155816574835,0.07577493395830935,0.16306532532180382,0.7799448107279322
0.0029355155816574835,0.07577493395830935,0.16306532532180382,0.7799448107279322
0.0029355155816574835,0.07577493395830935,0.16306532532180382,0.7799448107279322
0.0036393324555206085,0.0768203677497231,0.16298387967873337,0.7793320882870043
0.0020217259705704533,0.07521028873217162,0.15804383305288688,0.7830177422367868
0.0024796046583943116,0.07543581575656373,0.16017423041402973,0.7821597354638996
0.0024796046583943116,0.07543581575656373,0.16017423041402973,0.7821597354638996
0.0007290201304849806,0.07375473637962256,0.15979295291312245,0.7837079733551588
0.004234042260817477,0.07274305807574685,0.16246142326303017,0.784022836641935
0.004234042260817477,0.07274305807574685,0.16246142326303017,0.784022836641935
0.003569552240865166,0.07297894710992171,0.161420218802142,0.7848576050922651
0.003569552240865166,0.07297894710992171,0.161420218802142,0.7848576050922651
0.003569552240865166,0.07297894710992171,0.161420218802142,0.7848576050922651
0.002639791820025655,0.07324490514235898,0.16037992481200464,0.785539595972941
0.0021365818199922063,0.07256107213414963,0.16068937858963386,0.7838474168057176
0.0021365818199922063,0.07256107213414963,0.16068937858963386,0.7838474168057176
0.0021365818199922063,0.07256107213414963,0.16068937858963386,0.7838474168057176
0.0021365818199922063,0.07256107213414963,0.16068937858963386,0.7838474168057176
0.0029199056067249745,0.07609191657284099,0.16217179042739258,0.7804652944616789
0.0029199056067249745,0.07609191657284099,0.16217179042739258,0.7804652944616789
0.0029199056067249745,0.07609191657284099,0.16217179042739258,0.7804652944616789
0.00221830132137162,0.07621192696999335,0.16264280525329616,0.7781857398029544
0.0035416707207445272,0.07687948382888121,0.16403754729696962,0.7774181930259141
0.0020766632777291017,0.0758005619124466,0.16419803043844736,0.7793553178433715
0.0018689353045276869,0.0749224351076284,0.1608335574087348,0.7831882340409471
0.0018689353045276869,0.0749224351076284,0.1608335574087348,0.7831882340409471
0.00036045557647311965,0.07446049291869587,0.16046292297957596,0.7842458807444118
0.0006859799097564934,0.07435989100436605,0.16257333863804102,0.7833793775422628
0.0011647816958773474,0.07177038792872222,0.16010542663803276,0.7864893781819134
0.0011647816958773474,0.07177038792872222,0.16010542663803276,0.7864893781819134
0.0002526020202845374,0.07162520316954792,0.16085537730581356,0.7856602349545849
0.0002526020202845374,0.07162520316954792,0.16085537730581356,0.7856602349545849
-0.0004349890968664901,0.0713900848754888,0.16252656297216903,0.7847693032519485
0.0003238197387818449,0.07029951798309839,0.16065605769801933,0.7862388391869959
0.001779727602370878,0.06995205786239037,0.163982627718888,0.784327130224609
0.001779727602370878,0.06995205786239037,0.163982627718888,0.784327130224609
-0.002146225420181805,0.06929787056844264,0.16256469238362384,0.7863359536180146
-0.002146225420181805,0.06929787056844264,0.16256469238362384,0.7863359536180146
-0.0005337243581024134,0.07032701580559708,0.16152419543172744,0.7865300352643679
-0.0011355106342777876,0.07234366946335873,0.16241106474947556,0.784421890722706
-0.0011355106342777876,0.07234366946335873,0.16241106474947556,0.784421890722706
-0.0011530311756777392,0.0725011112526611,0.1666288663505328,0.7812293472412288
-0.0009116048756363125,0.07322607786457323,0.16733754111019888,0.7787300815347926
0.00027145523576696876,0.07251989060959202,0.16719096011966947,0.781224840719528
0.00027145523576696876,0.07251989060959202,0.16719096011966947,0.781224840719528
0.00027145523576696876,0.07251989060959202,0.16719096011966947,0.781224840719528
0.0001827421649312599,0.07293224257769833,0.16735273897098166,0.7794542628239016
0.0001827421649312599,0.07293224257769833,0.16735273897098166,0.7794542628239016
0.0018551673252107399,0.07154854607489038,0.16835997834940575,0.7816208795395351
0.0020695924779008945,0.0731998611742646,0.16705409410887206,0.7815634602371384
0.0014546608830702471,0.0727574906824669,0.16602558835939318,0.781220847137617
-0.002305603052950293,0.07418585317432247,0.16508054606640524,0.7810108713663851
-0.00026015616566506293,0.07394054427140613,0.16227062608018936,0.7836957553115256
-0.00026015616566506293,0.07394054427140613,0.16227062608018936,0.7836957553115256
-0.00026015616566506293,0.07394054427140613,0.16227062608018936,0.7836957553115256
0.001477116514755217,0.073121690159638,0.15996533173603947,0.7859641982858964
0.001477116514755217,0.073121690159638,0.15996533173603947,0.7859641982858964
0.001477116514755217,0.073121690159638,0.15996533173603947,0.7859641982858964
-0.0016567806590651166,0.07362451792883654,0.1598470806178162,0.7850126579551654
-0.0016567806590651166,0.07362451792883654,0.1598470806178162,0.7850126579551654
-0.0023700426482305866,0.07396966018427914,0.16008843563674652,0.7845899982352992
-0.0023700426482305866,0.07396966018427914,0.16008843563674652,0.7845899982352992
-0.0023700426482305866,0.07396966018427914,0.16008843563674652,0.7845899982352992
-0.0004630547983630129,0.07245812138620371,0.15972289559697814,0.7867018686157867
0.00038778186527417405,0.07205353043221686,0.16023666322164415,0.7850018627239254
0.00038778186527417405,0.07205353043221686,0.16023666322164415,0.7850018627239254
0.00038778186527417405,0.07205353043221686,0.16023666322164415,0.7850018627239254
0.00038778186527417405,0.07205353043221686,0.16023666322164415,0.7850018627239254
0.0013067454630280443,0.07170881988594638,0.16080301936169716,0.7852715865933314
0.0013067454630280443,0.07170881988594638,0.16080301936169716,0.7852715865933314
0.00023715024230378163,0.0737670084132991,0.16108665130073338,0.7826196087711297
0.00023715024230378163,0.0737670084132991,0.16108665130073338,0.7826196087711297
0.00032518225797804055,0.07217707660214283,0.16094893414259429,0.784922804197713
-0.0004961268840610826,0.07193397494821749,0.16033001722928075,0.7850557523948865
0.0023316248801132687,0.071619015827338,0.16169893794491624,0.7855823390324831
0.0030715070586723675,0.07283604749749686,0.163194261599133,0.7837265552044946
0.0030715070586723675,0.07283604749749686,0.163194261599133,0.7837265552044946
0.0030715070586723675,0.07283604749749686,0.163194261599133,0.7837265552044946
0.0026684074247965714,0.07218643968033214,0.16040229550770235,0.7860594306542885
0.002259819422469264,0.07272897167903786,0.1612301761274782,0.785014999220267
0.002259819422469264,0.07272897167903786,0.1612301761274782,0.785014999220267
0.00015584603878052378,0.07231441602999142,0.16119485386153576,0.7861153170151204
0.00015584603878052378,0.07231441602999142,0.16119485386153576,0.7861153170151204
0.0010248691161271082,0.07249983939366315,0.1637299104472705,0.7840189590094783
0.0010248691161271082,0.07249983939366315,0.1637299104472705,0.7840189590094783
0.0010248691161271082,0.07249983939366315,0.1637299104472705,0.7840189590094783
0.0010248691161271082,0.07249983939366315,0.1637299104472705,0.7840189590094783
-0.0006338431748868303,0.07277951902048588,0.16152552371697385,0.7854549060418783
-0.0006338431748868303,0.07277951902048588,0.16152552371697385,0.7854549060418783
-0.0006338431748868303,0.07277951902048588,0.16152552371697385,0.7854549060418783
-0.0006338431748868303,0.07277951902048588,0.16152552371697385,0.7854549060418783
-0.0006338431748868303,0.07277951902048588,0.16152552371697385,0.7854549060418783
-0.0004734086615432356,0.07228404870775086,0.16202689598572667,0.785229692493834
-0.001245980739337796,0.07179224529656865,0.16209910395122595,0.7859860176355885
-0.0014840225794291696,0.07219636275105876,0.161199804663121,0.7857689696804085
-0.0033597360868221995,0.0718601918641837,0.16153575624477748,0.7848349008340533
-0.0025257614635961294,0.07123891023273043,0.16197692129661012,0.7856880398459195
-0.0025257614635961294,0.07123891023273043,0.16197692129661012,0.7856880398459195
-0.0025257614635961294,0.07123891023273043,0.16197692129661012,0.7856880398459195
-0.001507192569388681,0.07270456539356536,0.16163738115882756,0.7850162370492978
-0.001507192569388681,0.07270456539356536,0.16163738115882756,0.7850162370492978
-0.0010399912346544594,0.07309250074300343,0.16307936125273736,0.7821121432021799
-0.0031701921642478944,0.07458145579161034,0.16349836973986365,0.781241563650039
-0.0028245433012886387,0.07423334248050661,0.16466400683976934,0.7811547150993018
-0.0028245433012886387,0.07423334248050661,0.16466400683976934,0.7811547150993018
-0.0028245433012886387,0.07423334248050661,0.16466400683976934,0.7811547150993018
-0.004342631399250195,0.07402552134240414,0.16413527428200037,0.7818267284151058
-0.004342631399250195,0.07402552134240414,0.16413527428200037,0.7818267284151058
-0.001396280750922995,0.07371481342756889,0.16459872506618456,0.7795663495811537
-0.0017433932375638759,0.07513895080349717,0.1652503072370082,0.7780898143197529
-0.0008027327945615674,0.07619267402788894,0.16622853143550875,0.7772373858661906
-0.0002533180463556375,0.07596952297864688,0.1646598994125996,0.7785800034118543
-0.002403224394518774,0.07378447918312134,0.16453688756946416,0.779651751348156
-0.002403224394518774,0.07378447918312134,0.16453688756946416,0.779651751348156
-0.002403224394518774,0.07378447918312134,0.16453688756946416,0.779651751348156
-0.0017842703149553852,0.07485197262910005,0.16468626270905679,0.7789467459338977
-0.0017842703149553852,0.07485197262910005,0.16468626270905679,0.7789467459338977
-0.000963156685385596,0.07444473148683801,0.16701062755963822,0.7779703746418303
-0.000963156685385596,0.07444473148683801,0.16701062755963822,0.7779703746418303
-0.000963156685385596,0.07444473148683801,0.16701062755963822,0.7779703746418303
-0.000963156685385596,0.07444473148683801,0.16701062755963822,0.7779703746418303
-0.000963156685385596,0.07444473148683801,0.16701062755963822,0.7779703746418303
-0.000963156685385596,0.07444473148683801,0.16701062755963822,0.7779703746418303
0.0026281257934879674,0.0742768616174143,0.1660308635170623,0.7787841901275658
0.004228913667329492,0.07343326595640584,0.1650117539475261,0.7794718328490098
0.004228913667329492,0.07343326595640584,0.1650117539475261,0.7794718328490098
0.003141080090292527,0.07262176325395021,0.16458181951086512,0.7824938637255414
0.003141080090292527,0.07262176325395021,0.16458181951086512,0.7824938637255414
0.003141080090292527,0.07262176325395021,0.16458181951086512,0.7824938637255414
0.003141080090292527,0.07262176325395021,0.16458181951086512,0.7824938637255414
0.003141080090292527,0.07262176325395021,0.16458181951086512,0.7824938637255414
0.003141080090292527,0.07262176325395021,0.16458181951086512,0.7824938637255414
0.003141080090292527,0.07262176325395021,0.16458181951086512,0.7824938637255414
0.003141080090292527,0.07262176325395021,0.16458181951086512,0.7824938637255414
0.0018788084259951949,0.0726227915250566,0.1667153462327016,0.7807875748937655
0.0029016945784928446,0.07333313712678292,0.16406031252216638,0.780388071811624
0.0033802006678798732,0.07534793808786751,0.16272107406125885,0.7795001522500813
0.0033802006678798732,0.07534793808786751,0.16272107406125885,0.7795001522500813
0.000981802328964049,0.07604553667784518,0.16265176967357844,0.7790346395683786
0.000981802328964049,0.07604553667784518,0.16265176967357844,0.7790346395683786
0.000981802328964049,0.07604553667784518,0.16265176967357844,0.7790346395683786
0.000981802328964049,0.07604553667784518,0.16265176967357844,0.7790346395683786
0.002741757634348054,0.07524954866700867,0.1631497463936999,0.7800475509256779
0.002741757634348054,0.07524954866700867,0.1631497463936999,0.7800475509256779
0.002741757634348054,0.07524954866700867,0.1631497463936999,0.7800475509256779
0.002741757634348054,0.07524954866700867,0.1631497463936999,0.7800475509256779
0.002741757634348054,0.07524954866700867,0.1631497463936999,0.7800475509256779
0.002741757634348054,0.07524954866700867,0.1631497463936999,0.7800475509256779
0.0021791227545890973,0.07441729760880818,0.1635160970811276,0.7815559567456465
0.002031156612813624,0.0755044477583359,0.16326417919167027,0.7796610517287921
0.002124243123518942,0.07519142502013673,0.16420340349334683,0.7803956363705548
0.004666375591760095,0.07762672990241015,0.16511803712249606,0.7770703650311036
0.004666375591760095,0.07762672990241015,0.16511803712249606,0.7770703650311036
0.002910745507514061,0.07761318429855427,0.16309016985864558,0.7775245941259914
0.001686241837488685,0.07683548926164235,0.1637406694784224,0.7785059648006645
0.001686241837488685,0.07683548926164235,0.1637406694784224,0.7785059648006645
0.001686241837488685,0.07683548926164235,0.1637406694784224,0.7785059648006645
0.001686241837488685,0.07683548926164235,0.1637406694784224,0.7785059648006645
0.001132896697757159,0.07558120127439676,0.1646940147515231,0.7795665775026395
0.001132896697757159,0.07558120127439676,0.1646940147515231,0.7795665775026395
-0.00026265103520422086,0.07557753441124197,0.16371947190677913,0.7806057974712503
0.0018303515155119589,0.07555115713203944,0.16464940527724922,0.7786913386376432
0.0017728189194385383,0.07489716773934328,0.16311586586511606,0.7807131112855156
0.001849452444224658,0.0747481235148177,0.16145268173907967,0.7825763733298821
0.0021109581897425203,0.0734610223209413,0.1620406717735151,0.7838110121035852
0.002913599992054978,0.07442748547133214,0.16274745762234996,0.7830116338143314
0.0029980425214287854,0.07216193315927417,0.16396309760593591,0.7834515303247175
0.0027784723593032652,0.07145562209988794,0.16396786259638993,0.7832219007800122
0.0018299891805857813,0.07156146920849116,0.16334273463208712,0.7828518012054333
0.0038414846333499927,0.0725379399724908,0.16356350841463355,0.7815727407270594
0.0038414846333499927,0.0725379399724908,0.16356350841463355,0.7815727407270594
0.0038414846333499927,0.0725379399724908,0.16356350841463355,0.7815727407270594
0.003022857203177552,0.07062565542901252,0.16349306105692205,0.7847157028283399
0.003022857203177552,0.07062565542901252,0.16349306105692205,0.7847157028283399
0.003022857203177552,0.07062565542901252,0.16349306105692205,0.7847157028283399
0.0006757967203806863,0.07203756431955069,0.16513972242870648,0.7823420463644042
0.0006757967203806863,0.07203756431955069,0.16513972242870648,0.7823420463644042
-0.0007376099027947712,0.07271773265536705,0.16381174446956256,0.7821253171644643
-0.0007376099027947712,0.07271773265536705,0.16381174446956256,0.7821253171644643
-0.0007376099027947712,0.07271773265536705,0.16381174446956256,0.7821253171644643
-0.0007376099027947712,0.07271773265536705,0.16381174446956256,0.7821253171644643
-0.0007376099027947712,0.07271773265536705,0.16381174446956256,0.7821253171644643
-0.0006086062230913141,0.07196972769804096,0.1616504164248299,0.783739918989685
-0.0010133249793931932,0.07231533902630666,0.1628360801081767,0.7838042062965419
-0.001138859021170199,0.07133429330644124,0.16035852133707065,0.7864449049159731
-0.001138859021170199,0.07133429330644124,0.16035852133707065,0.7864449049159731
-0.001138859021170199,0.07133429330644124,0.16035852133707065,0.7864449049159731
-0.001138859021170199,0.07133429330644124,0.16035852133707065,0.7864449049159731
-0.0008694126889305924,0.07218872163568198,0.15972077064995022,0.786626657104008
-0.0008694126889305924,0.07218872163568198,0.15972077064995022,0.786626657104008
-0.0010842736312107477,0.07279655959299301,0.16001011147207203,0.7850641379289053
-0.000705471563211832,0.07398928300763374,0.16129204088787977,0.7848898673296771
-0.000705471563211832,0.07398928300763374,0.16129204088787977,0.7848898673296771
-0.0004690289642754578,0.07432145143393744,0.16101525435992575,0.784687433540041
-0.0004690289642754578,0.07432145143393744,0.16101525435992575,0.784687433540041
-0.0004690289642754578,0.07432145143393744,0.16101525435992575,0.784687433540041
0.002222428813511012,0.07368588132749668,0.16031383125783463,0.7854362186528427
0.0018655201775342844,0.07245511501887189,0.16200054895985053,0.7846895713979181
0.0016662968173904624,0.0707054580008776,0.16065966393464698,0.7876307414751212
0.0016662968173904624,0.0707054580008776,0.16065966393464698,0.7876307414751212
-0.0004332288637804273,0.07057348308893448,0.15772936604611965,0.7894869596450882
-0.0009631558203542183,0.07074618924727705,0.15642251776027516,0.7895033243503523
-0.0009631558203542183,0.07074618924727705,0.15642251776027516,0.7895033243503523
-0.0016800384464557686,0.07155894363231581,0.1556987175190254,0.7899435062843875
-0.0016800384464557686,0.07155894363231581,0.1556987175190254,0.7899435062843875
-2.3969842314799927e-05,0.07293481177149237,0.15724656272510387,0.786477677795515
0.001640987845852951,0.07305190704997537,0.1591106785100171,0.7842273832052011
0.0035322715978342778,0.07417685982301957,0.15922733571782724,0.7843906840420287
0.0035322715978342778,0.07417685982301957,0.15922733571782724,0.7843906840420287
0.0035322715978342778,0.07417685982301957,0.15922733571782724,0.7843906840420287
0.0035322715978342778,0.07417685982301957,0.15922733571782724,0.7843906840420287
0.004033950631987247,0.07386152948374236,0.15886102753910814,0.7861073811655095
0.003829800672116044,0.07384387322894512,0.15925366550020623,0.7851618337765021
0.0031447872920822603,0.07281244924898261,0.15891907445087322,0.7852500219561591
0.004317887112426352,0.07328834807690332,0.16077762169031784,0.7861354775557795
0.00348229850361396,0.07259538690871742,0.16092875308797555,0.7840400483981875
0.002769710311716699,0.07282884561254584,0.15856907882368987,0.7861302196523096
0.002769710311716699,0.07282884561254584,0.15856907882368987,0.7861302196523096
0.002769710311716699,0.07282884561254584,0.15856907882368987,0.7861302196523096
0.002769710311716699,0.07282884561254584,0.15856907882368987,0.7861302196523096
0.002769710311716699,0.07282884561254584,0.15856907882368987,0.7861302196523096
0.002769710311716699,0.07282884561254584,0.15856907882368987,0.7861302196523096
0.002769710311716699,0.07282884561254584,0.15856907882368987,0.7861302196523096
0.002769710311716699,0.07282884561254584,0.15856907882368987,0.7861302196523096
0.002369792395814402,0.07169954263238958,0.16089569362243578,0.7844675758993691
0.002369792395814402,0.07169954263238958,0.16089569362243578,0.7844675758993691
0.002962967073594297,0.07281172713459072,0.1627066107772649,0.7814040606356102
0.002962967073594297,0.07281172713459072,0.1627066107772649,0.7814040606356102
0.002962967073594297,0.07281172713459072,0.1627066107772649,0.7814040606356102
0.002962967073594297,0.07281172713459072,0.1627066107772649,0.7814040606356102
0.0029481926482413626,0.07357407482999899,0.1643064055167692,0.780274057920154
0.0029481926482413626,0.07357407482999899,0.1643064055167692,0.780274057920154
0.0029481926482413626,0.07357407482999899,0.1643064055167692,0.780274057920154
0.0034303884063377104,0.07413333298465964,0.166893613806328,0.7782004015804063
0.0035727056792458412,0.07375370738251219,0.16671696505708822,0.7791606425651049
0.0035727056792458412,0.07375370738251219,0.16671696505708822,0.7791606425651049
0.0035727056792458412,0.07375370738251219,0.16671696505708822,0.7791606425651049
0.0021262340194391997,0.07339966629004491,0.16747408938104716,0.7791555759274115
0.0034439416814820625,0.07286477921529108,0.1649958566042255,0.7798303933963714
0.0034439416814820625,0.07286477921529108,0.1649958566042255,0.7798303933963714
0.0034439416814820625,0.07286477921529108,0.1649958566042255,0.7798303933963714
0.0034439416814820625,0.07286477921529108,0.1649958566042255,0.7798303933963714
0.0025145436810681343,0.07365604860517869,0.16656745798331235,0.7801194933098712
0.0025145436810681343,0.07365604860517869,0.16656745798331235,0.7801194933098712
0.0025145436810681343,0.07365604860517869,0.16656745798331235,0.7801194933098712
0.0025145436810681343,0.07365604860517869,0.16656745798331235,0.7801194933098712
0.0025145436810681343,0.07365604860517869,0.16656745798331235,0.7801194933098712
0.003990680269509196,0.07362424776604382,0.16515954005542777,0.7804307157874522
0.003990680269509196,0.07362424776604382,0.16515954005542777,0.7804307157874522
0.0030074939836130547,0.07323273687609348,0.16558817097289757,0.7800994441690378
0.0030074939836130547,0.07323273687609348,0.16558817097289757,0.7800994441690378
0.0014493122075981797,0.0740756453243428,0.1660392568608364,0.7803390012885634
0.0014493122075981797,0.0740756453243428,0.1660392568608364,0.7803390012885634
0.0014493122075981797,0.0740756453243428,0.1660392568608364,0.7803390012885634
0.0014493122075981797,0.0740756453243428,0.1660392568608364,0.7803390012885634
0.0014493122075981797,0.0740756453243428,0.1660392568608364,0.7803390012885634
0.0004625014742765949,0.07434033720952041,0.16360419512109953,0.7810221894090262
0.0004625014742765949,0.07434033720952041,0.16360419512109953,0.7810221894090262
0.0004625014742765949,0.07434033720952041,0.16360419512109953,0.7810221894090262
0.0004625014742765949,0.07434033720952041,0.16360419512109953,0.7810221894090262
0.0004625014742765949,0.07434033720952041,0.16360419512109953,0.7810221894090262
-0.0007548776272805382,0.07425561270057361,0.1650838619539428,0.7804051183779851
-0.0007548776272805382,0.07425561270057361,0.1650838619539428,0.7804051183779851
-0.0007548776272805382,0.07425561270057361,0.1650838619539428,0.7804051183779851
-0.0007548776272805382,0.07425561270057361,0.1650838619539428,0.7804051183779851
-0.0007532209036396609,0.07549866152501555,0.16556317960632014,0.7787211077317412
0.0008363216067441826,0.07578697116358928,0.16321885832246671,0.780556632169917
0.0008363216067441826,0.07578697116358928,0.16321885832246671,0.780556632169917
0.0009867476501708584,0.0749303355368206,0.16495858645302014,0.7795661022950828
-0.0008531867833244846,0.07630018312808137,0.16428191868223685,0.778450598110375
-0.0008531867833244846,0.07630018312808137,0.16428191868223685,0.778450598110375
-0.0008531867833244846,0.07630018312808137,0.16428191868223685,0.778450598110375
-0.001849500069228256,0.07793326678201833,0.16762037960181367,0.7739355687643981
0.0006197236125523304,0.07830125554628681,0.1651877783741616,0.7766627775552776
-0.0018887735697868677,0.0790441003575214,0.16536197482231482,0.775540623440912
-0.0018887735697868677,0.0790441003575214,0.16536197482231482,0.775540623440912
-0.0015892431509506963,0.07705803693709318,0.16409156399106903,0.7768087039024988
-0.0015892431509506963,0.07705803693709318,0.16409156399106903,0.7768087039024988
-0.0015892431509506963,0.07705803693709318,0.16409156399106903,0.7768087039024988
0.001490941036986968,0.07822427670386264,0.16459607143458196,0.7772681021324326
0.001490941036986968,0.07822427670386264,0.16459607143458196,0.7772681021324326
0.001490941036986968,0.07822427670386264,0.16459607143458196,0.7772681021324326
0.001490941036986968,0.07822427670386264,0.16459607143458196,0.7772681021324326
0.001490941036986968,0.07822427670386264,0.16459607143458196,0.7772681021324326
0.001490941036986968,0.07822427670386264,0.16459607143458196,0.7772681021324326
-0.0003690197654974878,0.07750258944408435,0.16380272127783865,0.7784880887832402
0.0030121508977836646,0.07887588025566108,0.16468746968526982,0.7755238628227384
0.003102231512759262,0.07847315151827682,0.16512985259886462,0.7758342335177931
0.003102231512759262,0.07847315151827682,0.16512985259886462,0.7758342335177931
0.003102231512759262,0.07847315151827682,0.16512985259886462,0.7758342335177931
0.002863788453985985,0.07795637363424379,0.1659268733157598,0.7753567514230503
0.002863788453985985,0.07795637363424379,0.1659268733157598,0.7753567514230503
0.002863788453985985,0.07795637363424379,0.1659268733157598,0.7753567514230503
0.002451339946385306,0.07824456743825081,0.1673517750968291,0.7751616680467488
0.002451339946385306,0.07824456743825081,0.1673517750968291,0.7751616680467488
0.002451339946385306,0.07824456743825081,0.1673517750968291,0.7751616680467488
0.002451339946385306,0.07824456743825081,0.1673517750968291,0.7751616680467488
0.002451339946385306,0.07824456743825081,0.1673517750968291,0.7751616680467488
0.002451339946385306,0.07824456743825081,0.1673517750968291,0.7751616680467488
0.0018105035384826163,0.07779354457567447,0.16406966200772632,0.7770391125416483
0.0018105035384826163,0.07779354457567447,0.16406966200772632,0.7770391125416483
0.0020010869078076203,0.07719680890274844,0.1621132124244804,0.7789255597164959
0.0020010869078076203,0.07719680890274844,0.1621132124244804,0.7789255597164959
0.0020010869078076203,0.07719680890274844,0.1621132124244804,0.7789255597164959
0.0020010869078076203,0.07719680890274844,0.1621132124244804,0.7789255597164959
0.0020010869078076203,0.07719680890274844,0.1621132124244804,0.7789255597164959
0.0020010869078076203,0.07719680890274844,0.1621132124244804,0.7789255597164959
0.0020010869078076203,0.07719680890274844,0.1621132124244804,0.7789255597164959
0.0022548862229125133,0.07747183918554001,0.16331182484044385,0.7780553674706054
0.0022548862229125133,0.07747183918554001,0.16331182484044385,0.7780553674706054
0.0022548862229125133,0.07747183918554001,0.16331182484044385,0.7780553674706054
0.0033255061829403345,0.07594178839741142,0.1629448972767026,0.7793631618145065
0.0033255061829403345,0.07594178839741142,0.1629448972767026,0.7793631618145065
0.0033255061829403345,0.07594178839741142,0.1629448972767026,0.7793631618145065
0.0029363894724024355,0.07467099898923077,0.1614860681486558,0.7826641986215555
0.0029363894724024355,0.07467099898923077,0.1614860681486558,0.7826641986215555
0.0029363894724024355,0.07467099898923077,0.1614860681486558,0.7826641986215555
0.0029363894724024355,0.07467099898923077,0.1614860681486558,0.7826641986215555
0.0029363894724024355,0.07467099898923077,0.1614860681486558,0.7826641986215555
0.0029363894724024355,0.07467099898923077,0.1614860681486558,0.7826641986215555
0.0029363894724024355,0.07467099898923077,0.1614860681486558,0.7826641986215555
0.0029363894724024355,0.07467099898923077,0.1614860681486558,0.7826641986215555
0.0029363894724024355,0.07467099898923077,0.1614860681486558,0.7826641986215555
0.0029363894724024355,0.07467099898923077,0.1614860681486558,0.7826641986215555
0.0029363894724024355,0.07467099898923077,0.1614860681486558,0.7826641986215555
0.0029363894724024355,0.07467099898923077,0.1614860681486558,0.7826641986215555
0.0029363894724024355,0.07467099898923077,0.1614860681486558,0.7826641986215555
0.0029363894724024355,0.07467099898923077,0.1614860681486558,0.7826641986215555
0.0029363894724024355,0.07467099898923077,0.1614860681486558,0.7826641986215555
0.0029363894724024355,0.07467099898923077,0.1614860681486558,0.7826641986215555
0.0018301838669450919,0.07400532208709858,0.16153719187808221,0.7833344433328229
0.0018301838669450919,0.07400532208709858,0.16153719187808221,0.7833344433328229
0.0018301838669450919,0.07400532208709858,0.16153719187808221,0.7833344433328229
0.003241800479160554,0.07496574548068533,0.16082216573644667,0.7824280339275468
0.002061919831768036,0.07335823333243846,0.16115022630380216,0.782796993472283
0.002061919831768036,0.07335823333243846,0.16115022630380216,0.782796993472283
0.002061919831768036,0.07335823333243846,0.16115022630380216,0.782796993472283
0.003423021217568969,0.07227543812060654,0.161029599765504,0.7842404125925857
0.001942298208521236,0.06962884782365793,0.16007242254247778,0.7874173416124804
0.001942298208521236,0.06962884782365793,0.16007242254247778,0.7874173416124804
0.003438038078989178,0.06958002888620718,0.1601763884256101,0.7867603953238953
0.004008485733805506,0.06988535375122111,0.15848109477128178,0.7892707721219475
0.004008485733805506,0.06988535375122111,0.15848109477128178,0.7892707721219475
0.006226188762796962,0.07132589915678275,0.15875992484916768,0.7882580013003244
0.006226188762796962,0.07132589915678275,0.15875992484916768,0.7882580013003244
0.006226188762796962,0.07132589915678275,0.15875992484916768,0.7882580013003244
0.007636222758188027,0.07182436804460407,0.15868884961381965,0.7873287135839884
0.007636222758188027,0.07182436804460407,0.15868884961381965,0.7873287135839884
0.007636222758188027,0.07182436804460407,0.15868884961381965,0.7873287135839884
0.007636222758188027,0.07182436804460407,0.15868884961381965,0.7873287135839884
0.007147806795770806,0.06989317265520033,0.1612997682274335,0.7866832336042685
0.007147806795770806,0.06989317265520033,0.1612997682274335,0.7866832336042685
0.007147806795770806,0.06989317265520033,0.1612997682274335,0.7866832336042685
0.007147806795770806,0.06989317265520033,0.1612997682274335,0.7866832336042685
0.006788931627755866,0.06982256528050709,0.16116735665409496,0.7881782699921414
0.0036887932491219784,0.07034718808707346,0.16229037415911757,0.7856078889129186
0.0036887932491219784,0.07034718808707346,0.16229037415911757,0.7856078889129186
0.0036887932491219784,0.07034718808707346,0.16229037415911757,0.7856078889129186
0.0036887932491219784,0.07034718808707346,0.16229037415911757,0.7856078889129186
0.0036887932491219784,0.07034718808707346,0.16229037415911757,0.7856078889129186
0.0022271744472746576,0.06981039263342156,0.1639013303883726,0.7854540392224196
0.0016508603532418146,0.0710755367714563,0.16464024819164144,0.7842425101176391
0.0016508603532418146,0.0710755367714563,0.16464024819164144,0.7842425101176391
0.0016508603532418146,0.0710755367714563,0.16464024819164144,0.7842425101176391
0.0032835099037020555,0.07116875594993313,0.1631076807632832,0.7839416483339058
0.0032835099037020555,0.07116875594993313,0.1631076807632832,0.7839416483339058
0.0032835099037020555,0.07116875594993313,0.1631076807632832,0.7839416483339058
0.00274506210504935,0.07047382007708462,0.1639647519635386,0.7838091064281426
0.00274506210504935,0.07047382007708462,0.1639647519635386,0.7838091064281426
0.002813093013693724,0.07169950310639406,0.16559765092978965,0.7833241608681887
0.002813093013693724,0.07169950310639406,0.16559765092978965,0.7833241608681887
0.002813093013693724,0.07169950310639406,0.16559765092978965,0.7833241608681887
0.0028504513035812625,0.07182646042009434,0.16376943672667965,0.783738551885143
0.0016077384451366845,0.07193219433279349,0.1630243157446781,0.7837560289133317
0.0016077384451366845,0.07193219433279349,0.1630243157446781,0.7837560289133317
0.0016077384451366845,0.07193219433279349,0.1630243157446781,0.7837560289133317
0.0016077384451366845,0.07193219433279349,0.1630243157446781,0.7837560289133317
0.0016077384451366845,0.07193219433279349,0.1630243157446781,0.7837560289133317
0.00011350894635589167,0.0745506294315811,0.1637374355258804,0.7815750614384188
0.00011350894635589167,0.0745506294315811,0.1637374355258804,0.7815750614384188
-0.001746311058762726,0.07338807124760383,0.1625555624416513,0.7816424068122052
-0.001746311058762726,0.07338807124760383,0.1625555624416513,0.7816424068122052
-0.001746311058762726,0.07338807124760383,0.1625555624416513,0.7816424068122052
-0.001746311058762726,0.07338807124760383,0.1625555624416513,0.7816424068122052
-0.001746311058762726,0.07338807124760383,0.1625555624416513,0.7816424068122052
-0.001746311058762726,0.07338807124760383,0.1625555624416513,0.7816424068122052
-0.001746311058762726,0.07338807124760383,0.1625555624416513,0.7816424068122052
-0.0013293668150310763,0.07258327850711863,0.16203688207990224,0.781584142983448
-0.0013293668150310763,0.07258327850711863,0.16203688207990224,0.781584142983448
0.0003673506434261299,0.07111888589298315,0.16394997369072853,0.7828231988126646
-0.0006444238428954558,0.07148159370245968,0.16347355194810154,0.7842760927779542
-0.0006444238428954558,0.07148159370245968,0.16347355194810154,0.7842760927779542
-0.0013680191633213086,0.07073476081436432,0.16521589898196878,0.7827087324512957
-0.0013680191633213086,0.07073476081436432,0.16521589898196878,0.7827087324512957
-0.0015362051213003243,0.07454730402054144,0.1660270760872559,0.7795408827955924
-0.0018722820701400815,0.07420244219992826,0.16557139283381095,0.7796766461928486
-0.0009887856349355935,0.07259792882508982,0.16447145543141287,0.7816101449075639
-0.0009887856349355935,0.07259792882508982,0.16447145543141287,0.7816101449075639
-0.0003019116025316809,0.07210067186046223,0.16350736429900342,0.7845327792331477
-0.0012960531577397064,0.07168870681115398,0.16293881232516644,0.7850210738519653
-0.00200710852657764,0.0730374793882036,0.16462449123725256,0.7812648719263807
-0.00200710852657764,0.0730374793882036,0.16462449123725256,0.7812648719263807
-0.00200710852657764,0.0730374793882036,0.16462449123725256,0.7812648719263807
-0.00200710852657764,0.0730374793882036,0.16462449123725256,0.7812648719263807
-0.00200710852657764,0.0730374793882036,0.16462449123725256,0.7812648719263807
-0.00200710852657764,0.0730374793882036,0.16462449123725256,0.7812648719263807
-0.00200710852657764,0.0730374793882036,0.16462449123725256,0.7812648719263807
-0.00200710852657764,0.0730374793882036,0.16462449123725256,0.7812648719263807
-0.001790651107541686,0.07303167802807428,0.1644166415555288,0.7823821520038949
-0.001790651107541686,0.07303167802807428,0.1644166415555288,0.7823821520038949
-0.002671869954767147,0.07315616331121269,0.16488285018129273,0.7810471452287373
-0.002671869954767147,0.07315616331121269,0.16488285018129273,0.7810471452287373
-0.002671869954767147,0.07315616331121269,0.16488285018129273,0.7810471452287373
-0.002671869954767147,0.07315616331121269,0.16488285018129273,0.7810471452287373
-0.002671869954767147,0.07315616331121269,0.16488285018129273,0.7810471452287373
-0.002671869954767147,0.07315616331121269,0.16488285018129273,0.7810471452287373
-0.002671869954767147,0.07315616331121269,0.16488285018129273,0.7810471452287373
-0.002671869954767147,0.07315616331121269,0.16488285018129273,0.7810471452287373
-0.0025839764871880993,0.07405881572343843,0.16389113165006988,0.7810960494892303
-0.0029809340575172633,0.07300592355358745,0.16546636570318488,0.7815254505307714
-0.003576232556536179,0.07474313139916082,0.16363090349409137,0.781162468858432
-0.003576232556536179,0.07474313139916082,0.16363090349409137,0.781162468858432
-0.0029101365940793758,0.07410320970885359,0.16399077961599767,0.7817237101659271
-0.0029101365940793758,0.07410320970885359,0.16399077961599767,0.7817237101659271
-0.0029101365940793758,0.07410320970885359,0.16399077961599767,0.7817237101659271
-0.0030573675867213803,0.07345079497873269,0.1652150517752684,0.7827271464221155
-0.0030573675867213803,0.07345079497873269,0.1652150517752684,0.7827271464221155
-0.0030573675867213803,0.07345079497873269,0.1652150517752684,0.7827271464221155
-0.001887479004489443,0.07187965744950481,0.16608921072247243,0.7827512579134166
-0.0029146135568125947,0.07185703920500733,0.16527740074309108,0.7829619997081723
-0.0029146135568125947,0.07185703920500733,0.16527740074309108,0.7829619997081723
-0.0029146135568125947,0.07185703920500733,0.16527740074309108,0.7829619997081723
-0.0026636849604777255,0.07131385407490841,0.16173317446561553,0.785178560356445
-0.0033135757690051348,0.07269150262389013,0.162463127425145,0.7844464184997381
-0.0033135757690051348,0.07269150262389013,0.162463127425145,0.7844464184997381
-0.0033135757690051348,0.07269150262389013,0.162463127425145,0.7844464184997381
-0.0033135757690051348,0.07269150262389013,0.162463127425145,0.7844464184997381
-0.0016467557729188918,0.0728030176488455,0.16356470388592922,0.781774604923001
-0.0016467557729188918,0.0728030176488455,0.16356470388592922,0.781774604923001
-0.0016467557729188918,0.0728030176488455,0.16356470388592922,0.781774604923001
-0.0016467557729188918,0.0728030176488455,0.16356470388592922,0.781774604923001
-0.0032135156031242234,0.07495294836027137,0.16421270098878007,0.7813324253846566
-0.0032135156031242234,0.07495294836027137,0.16421270098878007,0.7813324253846566
-0.0035242138283870963,0.07418424086463318,0.16296469720142273,0.782323593852906
-0.0008722749965415959,0.0733076089071569,0.16216586517242906,0.7817188209603647
-0.0011151188057336363,0.07341269364416049,0.16156914005462483,0.7819209765208036
-0.0011151188057336363,0.07341269364416049,0.16156914005462483,0.7819209765208036
-0.0016664127194266714,0.07301184644506739,0.16134269319137737,0.7834457667185939
-0.0018398207829234555,0.07384969301802138,0.16275491879934703,0.7833335941687811
-0.0016363214718920775,0.07504471973890817,0.16223239823201135,0.7805431852240461
-0.0019245920336699608,0.07363293894630166,0.16214841283088732,0.783071185090632
-0.0019245920336699608,0.07363293894630166,0.16214841283088732,0.783071185090632
-0.0019245920336699608,0.07363293894630166,0.16214841283088732,0.783071185090632
-0.0019245920336699608,0.07363293894630166,0.16214841283088732,0.783071185090632
-0.0019245920336699608,0.07363293894630166,0.16214841283088732,0.783071185090632
-0.0019245920336699608,0.07363293894630166,0.16214841283088732,0.783071185090632
-0.002610398519998575,0.07384148966221135,0.1615519397143277,0.7833499182833972
-0.002610398519998575,0.07384148966221135,0.1615519397143277,0.7833499182833972
-0.002610398519998575,0.07384148966221135,0.1615519397143277,0.7833499182833972
-0.0018154268156485797,0.0741707404545226,0.16193898636367277,0.7831955348577923
-0.0018154268156485797,0.0741707404545226,0.16193898636367277,0.7831955348577923
-0.001596967462989998,0.07218982421902016,0.15901243238303572,0.7859938851302828
-0.00028841931601208373,0.07233225114206807,0.16009343335896725,0.7865430446232734
-0.0008452396457857492,0.0717415542915479,0.1590283140091746,0.7863423685523365
-0.0008452396457857492,0.0717415542915479,0.1590283140091746,0.7863423685523365
-0.0008452396457857492,0.0717415542915479,0.1590283140091746,0.7863423685523365
-0.0008452396457857492,0.0717415542915479,0.1590283140091746,0.7863423685523365
-0.0008452396457857492,0.0717415542915479,0.1590283140091746,0.7863423685523365
-0.0008452396457857492,0.0717415542915479,0.1590283140091746,0.7863423685523365
-0.0008452396457857492,0.0717415542915479,0.1590283140091746,0.7863423685523365
-0.0008452396457857492,0.0717415542915479,0.1590283140091746,0.7863423685523365
-0.0008452396457857492,0.0717415542915479,0.1590283140091746,0.7863423685523365
0.0006066468124371105,0.07393121375160186,0.1592543993083499,0.7836430990328526
-0.000674809006650125,0.07515921830589638,0.15934572939755756,0.7828126257541373
0.0005912020595621798,0.07275938214675742,0.16074944570321703,0.7833651353436843
-0.0010610302320130066,0.07198979373606514,0.16180152197187225,0.7841716228399165
0.0016444138121970383,0.07157733862158613,0.16196135556403785,0.7856527899821103
0.0016444138121970383,0.07157733862158613,0.16196135556403785,0.7856527899821103
0.001770281758384037,0.0710324420033223,0.1641039551988922,0.7838510114458981
0.001770281758384037,0.0710324420033223,0.1641039551988922,0.7838510114458981
0.001770281758384037,0.0710324420033223,0.1641039551988922,0.7838510114458981
0.001999263924926599,0.07001413963899288,0.16082887147620095,0.7861166963412268
0.001999263924926599,0.07001413963899288,0.16082887147620095,0.7861166963412268
-0.0006651623155392401,0.0703772752985188,0.16204496446455383,0.7875600872345302
-0.0006651623155392401,0.0703772752985188,0.16204496446455383,0.7875600872345302
-0.0006651623155392401,0.0703772752985188,0.16204496446455383,0.7875600872345302
-0.0006651623155392401,0.0703772752985188,0.16204496446455383,0.7875600872345302
-0.0006651623155392401,0.0703772752985188,0.16204496446455383,0.7875600872345302
-0.0006651623155392401,0.0703772752985188,0.16204496446455383,0.7875600872345302
-0.0006651623155392401,0.0703772752985188,0.16204496446455383,0.7875600872345302
-0.0006651623155392401,0.0703772752985188,0.16204496446455383,0.7875600872345302
-0.0011149439954365467,0.06898833340843429,0.1613874256998515,0.7875193596623166
-0.0011149439954365467,0.06898833340843429,0.1613874256998515,0.7875193596623166
-0.0011149439954365467,0.06898833340843429,0.1613874256998515,0.7875193596623166
-0.0036953882386661454,0.07119705680731216,0.16394151607253016,0.7853417477248239
-0.0036953882386661454,0.07119705680731216,0.16394151607253016,0.7853417477248239
-0.003237109138817866,0.07203607532168382,0.16168664006014713,0.7861805508266786
-0.003237109138817866,0.07203607532168382,0.16168664006014713,0.7861805508266786
-0.003237109138817866,0.07203607532168382,0.16168664006014713,0.7861805508266786
-0.003237109138817866,0.07203607532168382,0.16168664006014713,0.7861805508266786
-0.003237109138817866,0.07203607532168382,0.16168664006014713,0.7861805508266786
-0.003237109138817866,0.07203607532168382,0.16168664006014713,0.7861805508266786
-0.003237109138817866,0.07203607532168382,0.16168664006014713,0.7861805508266786
-0.003398313512473246,0.07251392474770035,0.16086669871309361,0.7850594095128434
-0.0007375817016225025,0.07328786220685352,0.1606724070149899,0.784008073434932
-0.002381654807077388,0.07311023895620052,0.15919476400551946,0.7852127466378243
-0.002381654807077388,0.07311023895620052,0.15919476400551946,0.7852127466378243
-0.002381654807077388,0.07311023895620052,0.15919476400551946,0.7852127466378243
-0.00407158283530084,0.07472180396966922,0.16058902856202953,0.7839410043918434
-0.0034329511182937668,0.07504927154611721,0.16151554656742292,0.783456296394242
-0.003173643641711354,0.07369586128845619,0.16080948228016276,0.7850607318713269
-0.003173643641711354,0.07369586128845619,0.16080948228016276,0.7850607318713269
-0.003128249871905537,0.07213100096231705,0.15974195754411039,0.7875378320611571
-0.0028725659291375357,0.07128149022933855,0.15740316131719978,0.7884310568785284
-0.0028725659291375357,0.07128149022933855,0.15740316131719978,0.7884310568785284
-0.0028725659291375357,0.07128149022933855,0.15740316131719978,0.7884310568785284
-0.0028725659291375357,0.07128149022933855,0.15740316131719978,0.7884310568785284
-0.0037805872318888724,0.07320276641314244,0.15721065300582904,0.7871953555622477
-0.0037805872318888724,0.07320276641314244,0.15721065300582904,0.7871953555622477
-0.0037805872318888724,0.07320276641314244,0.15721065300582904,0.7871953555622477
-0.0037805872318888724,0.07320276641314244,0.15721065300582904,0.7871953555622477
-0.0037805872318888724,0.07320276641314244,0.15721065300582904,0.7871953555622477
-0.0027501136293963738,0.07139097242450518,0.1577516763607978,0.789336224792931
-0.004727875038368494,0.07111953332492994,0.1580584731003004,0.7877489812523608
-0.0026937394065651233,0.07257477847657295,0.15882377878093132,0.7867734949787232
-0.0026937394065651233,0.07257477847657295,0.15882377878093132,0.7867734949787232
-0.0007276593913919981,0.07224562476485939,0.15836123948341224,0.7863410883167149
-0.0007276593913919981,0.07224562476485939,0.15836123948341224,0.7863410883167149
-0.0007276593913919981,0.07224562476485939,0.15836123948341224,0.7863410883167149
-0.0006933827659845867,0.07272237318248463,0.15867518726900393,0.7874895000448442
0.001067891827675773,0.0718225404961256,0.16019807801653907,0.7869772227199393
0.0018793820126803903,0.06942293357167255,0.16332493928332348,0.7866926926584099
0.0018793820126803903,0.06942293357167255,0.16332493928332348,0.7866926926584099
0.0011386265435294738,0.06902453033594051,0.16285103991283587,0.7865554831483433
0.0011386265435294738,0.06902453033594051,0.16285103991283587,0.7865554831483433
0.0011386265435294738,0.06902453033594051,0.16285103991283587,0.7865554831483433
-0.0003519223382585314,0.07056755184944358,0.1628778494192099,0.7853802191246598
0.0012589253279644095,0.07161848295768412,0.16216508300603574,0.7851791819294669
0.0012589253279644095,0.07161848295768412,0.16216508300603574,0.7851791819294669
0.0012589253279644095,0.07161848295768412,0.16216508300603574,0.7851791819294669
0.0016933848808500355,0.07069214486764179,0.16040950984909283,0.785941742871017
0.0016933848808500355,0.07069214486764179,0.16040950984909283,0.785941742871017
0.0018666997558127111,0.07057668103754587,0.16333158480175383,0.7846386977014269
0.0018666997558127111,0.07057668103754587,0.16333158480175383,0.7846386977014269
0.0018666997558127111,0.07057668103754587,0.16333158480175383,0.7846386977014269
0.0018666997558127111,0.07057668103754587,0.16333158480175383,0.7846386977014269
0.0018666997558127111,0.07057668103754587,0.16333158480175383,0.7846386977014269
0.002397975983397432,0.07116535234106734,0.16395812102599305,0.7842384857032851
0.002397975983397432,0.07116535234106734,0.16395812102599305,0.7842384857032851
0.002397975983397432,0.07116535234106734,0.16395812102599305,0.7842384857032851
0.002397975983397432,0.07116535234106734,0.16395812102599305,0.7842384857032851
0.002397975983397432,0.07116535234106734,0.16395812102599305,0.7842384857032851
0.002397975983397432,0.07116535234106734,0.16395812102599305,0.7842384857032851
0.0023662647724477627,0.07050775413493934,0.16269544457279292,0.7841209671090215
0.0023662647724477627,0.07050775413493934,0.16269544457279292,0.7841209671090215
0.0023662647724477627,0.07050775413493934,0.16269544457279292,0.7841209671090215
0.0023662647724477627,0.07050775413493934,0.16269544457279292,0.7841209671090215
0.0023662647724477627,0.07050775413493934,0.16269544457279292,0.7841209671090215
0.00244189523179387,0.07022137454664167,0.16046088137776665,0.7869574950239897
0.00015836158607872818,0.0700441300865984,0.16364487132514008,0.7851149632272083
0.00015836158607872818,0.0700441300865984,0.16364487132514008,0.7851149632272083
0.00015836158607872818,0.0700441300865984,0.16364487132514008,0.7851149632272083
-0.0028952153177639385,0.07028624251084996,0.1630670002220039,0.7853200897605593
-0.0028952153177639385,0.07028624251084996,0.1630670002220039,0.7853200897605593
-0.0028952153177639385,0.07028624251084996,0.1630670002220039,0.7853200897605593
-0.002555703517214916,0.07143796618323199,0.16424563424513824,0.7826526333719077
-0.0032651864827103337,0.07342796912502134,0.16460989279755453,0.7825575790577195
-0.0032651864827103337,0.07342796912502134,0.16460989279755453,0.7825575790577195
-0.0032651864827103337,0.07342796912502134,0.16460989279755453,0.7825575790577195
-0.0033126425622105903,0.07246128011014635,0.16473502889436642,0.7832118221594625
-0.0033126425622105903,0.07246128011014635,0.16473502889436642,0.7832118221594625
-0.0033126425622105903,0.07246128011014635,0.16473502889436642,0.7832118221594625
-0.004066881720262125,0.07333966470429021,0.16386725459777116,0.7826893207428097
-0.004066881720262125,0.07333966470429021,0.16386725459777116,0.7826893207428097
-0.004066881720262125,0.07333966470429021,0.16386725459777116,0.7826893207428097
-0.004066881720262125,0.07333966470429021,0.16386725459777116,0.7826893207428097
-0.0027269692957358318,0.0712083964077135,0.16546168023325553,0.7830066779706748
-0.0019877406744979965,0.07136107000112911,0.1632952423527682,0.7835207847432318
-0.0016736770871283576,0.07254879685342361,0.16277679770189873,0.7824134173273889
-0.0016736770871283576,0.07254879685342361,0.16277679770189873,0.7824134173273889
-0.0016736770871283576,0.07254879685342361,0.16277679770189873,0.7824134173273889
-0.0008220052404248881,0.0730612851860478,0.1642167954402338,0.7815560724877011
-0.0008220052404248881,0.0730612851860478,0.1642167954402338,0.7815560724877011
-0.0004904066284981022,0.07238975779538381,0.16298795311851472,0.7831375938558056
0.0018118418219010956,0.07188642429865764,0.16211093680525082,0.7846876611062493
0.0018118418219010956,0.07188642429865764,0.16211093680525082,0.7846876611062493
0.0005822791349834537,0.07249773726688567,0.1609087311313613,0.7847899698831244
-0.000587016276669122,0.07371374476305825,0.1607623531660312,0.7840933107110034
-0.000587016276669122,0.07371374476305825,0.1607623531660312,0.7840933107110034
0.0012197299409531636,0.07440403688742478,0.16086898612880776,0.7834450685262762
0.0012197299409531636,0.07440403688742478,0.16086898612880776,0.7834450685262762
0.0012197299409531636,0.07440403688742478,0.16086898612880776,0.7834450685262762
0.0012197299409531636,0.07440403688742478,0.16086898612880776,0.7834450685262762
0.0012197299409531636,0.07440403688742478,0.16086898612880776,0.7834450685262762
0.0012197299409531636,0.07440403688742478,0.16086898612880776,0.7834450685262762
0.0016299798545106664,0.072634132230451,0.16156652111927758,0.7847476584059955
0.0016299798545106664,0.072634132230451,0.16156652111927758,0.7847476584059955
0.0016299798545106664,0.072634132230451,0.16156652111927758,0.7847476584059955
0.0017578041718537094,0.07395178523759312,0.1608748107122737,0.7837789886095697
0.0020843242642718408,0.07286948302339513,0.1599661773426942,0.7861213918176329
0.000938526213099529,0.07149774756061371,0.15968822264310042,0.7863528809877203
0.000938526213099529,0.07149774756061371,0.15968822264310042,0.7863528809877203
0.000938526213099529,0.07149774756061371,0.15968822264310042,0.7863528809877203
0.0010450152676542775,0.07183471995853435,0.15976441474156192,0.7865489903766334
0.0010450152676542775,0.07183471995853435,0.15976441474156192,0.7865489903766334
0.0010450152676542775,0.07183471995853435,0.15976441474156192,0.7865489903766334
-0.0018557155451126173,0.07378502110107532,0.16169703020308063,0.7841030835906836
0.0005070463312786414,0.07385204958619677,0.16245687591481311,0.7819590008626203
0.0005070463312786414,0.07385204958619677,0.16245687591481311,0.7819590008626203
-0.001335777385612239,0.07520498070078983,0.16348662958410162,0.7816389614024943
0.001046268944976002,0.07557789030767546,0.16480450667104896,0.7798747621027633
0.0012474389708268755,0.07380664564512134,0.16644252070458085,0.7805386438613171
0.0005417137638786249,0.07285602505343575,0.16579445763662365,0.7796222596459026
0.0005417137638786249,0.07285602505343575,0.16579445763662365,0.7796222596459026
-0.0005160338989680807,0.07418662620456472,0.16421941539058896,0.7825122134624294
-0.0015372168769796396,0.07135885439329279,0.1629917367977476,0.7836809305900969
-0.0015372168769796396,0.07135885439329279,0.1629917367977476,0.7836809305900969
-0.0011435206830636142,0.07178777062989154,0.16511623066034115,0.7824927699853063
-0.0011435206830636142,0.07178777062989154,0.16511623066034115,0.7824927699853063
-0.0011435206830636142,0.07178777062989154,0.16511623066034115,0.7824927699853063
-0.0023280232957540747,0.07068313651675573,0.16380676109168282,0.7846266722882302
-0.002693905889646864,0.0700220095684624,0.16580789180721064,0.7837579001624569
-0.002693905889646864,0.0700220095684624,0.16580789180721064,0.7837579001624569
-0.004048612184563271,0.06891855867839677,0.1614943357248212,0.7867628669602081
-0.004048612184563271,0.06891855867839677,0.1614943357248212,0.7867628669602081
-0.004048612184563271,0.06891855867839677,0.1614943357248212,0.7867628669602081
-0.004048612184563271,0.06891855867839677,0.1614943357248212,0.7867628669602081
-0.004048612184563271,0.06891855867839677,0.1614943357248212,0.7867628669602081
-0.004048612184563271,0.06891855867839677,0.1614943357248212,0.7867628669602081
-0.003952763007675885,0.0709010478465523,0.15959626681009398,0.7857219743649609
-0.003952763007675885,0.0709010478465523,0.15959626681009398,0.7857219743649609
-0.00569656254953449,0.07163597198452175,0.1614464508697617,0.785149541717028
-0.004940400108337049,0.07303259535051962,0.1602675677410763,0.784342492888595
-0.00321659875052857,0.07339537023711121,0.16225528517258905,0.7819714642983813
-0.0032364632397378266,0.07477821394117799,0.16512845805353818,0.7806604166892763
-0.0032364632397378266,0.07477821394117799,0.16512845805353818,0.7806604166892763
-0.004026857426276769,0.07360404143090753,0.16787608189200703,0.7788485952279622
-0.004918329880440817,0.07511587906389228,0.16606618128312278,0.7783300374929119
-0.004918329880440817,0.07511587906389228,0.16606618128312278,0.7783300374929119
-0.004918329880440817,0.07511587906389228,0.16606618128312278,0.7783300374929119
-0.004373148738603419,0.07391590789152255,0.16656358238594046,0.7786413964321125
-0.004373148738603419,0.07391590789152255,0.16656358238594046,0.7786413964321125
-0.004373148738603419,0.07391590789152255,0.16656358238594046,0.7786413964321125
-0.004373148738603419,0.07391590789152255,0.16656358238594046,0.7786413964321125
-0.004373148738603419,0.07391590789152255,0.16656358238594046,0.7786413964321125
-0.004373148738603419,0.07391590789152255,0.16656358238594046,0.7786413964321125
-0.0062466697088839045,0.0743478744493737,0.1670570900530062,0.7783428193947756
-0.0062466697088839045,0.0743478744493737,0.1670570900530062,0.7783428193947756
-0.0062466697088839045,0.0743478744493737,0.1670570900530062,0.7783428193947756
-0.0062466697088839045,0.0743478744493737,0.1670570900530062,0.7783428193947756
-0.006032676495867604,0.07453348255704924,0.1676736474621937,0.7772726242426954
-0.006032676495867604,0.07453348255704924,0.1676736474621937,0.7772726242426954
-0.005108235420206023,0.073177263613925,0.1667435546159037,0.7774094752622395
-0.005108235420206023,0.073177263613925,0.1667435546159037,0.7774094752622395
-0.005108235420206023,0.073177263613925,0.1667435546159037,0.7774094752622395
-0.006845832357662335,0.07399897797810566,0.16751903751828867,0.7767384739776226
-0.006596901718680621,0.07292500484796331,0.16815106446706565,0.7789862796152129
-0.003593757057701163,0.07408525177413183,0.16994232034677695,0.7774902517979395
-0.003593757057701163,0.07408525177413183,0.16994232034677695,0.7774902517979395
-0.003593757057701163,0.07408525177413183,0.16994232034677695,0.7774902517979395
-0.003593757057701163,0.07408525177413183,0.16994232034677695,0.7774902517979395
-0.003593757057701163,0.07408525177413183,0.16994232034677695,0.7774902517979395
-0.003593757057701163,0.07408525177413183,0.16994232034677695,0.7774902517979395
-0.0010340568199545793,0.07219915634848048,0.16841556102794952,0.7811173131747433
0.0005068710772676696,0.07104376140771268,0.1684535301157255,0.7806870808410271
0.0005068710772676696,0.07104376140771268,0.1684535301157255,0.7806870808410271
0.0007127110431310606,0.07048005716162302,0.16886757637070265,0.7816403305000322
0.0007127110431310606,0.07048005716162302,0.16886757637070265,0.7816403305000322
0.0007127110431310606,0.07048005716162302,0.16886757637070265,0.7816403305000322
0.0007127110431310606,0.07048005716162302,0.16886757637070265,0.7816403305000322
0.002239210542342286,0.06830433671090648,0.16536782044710785,0.7858119429987807
0.0027780366217481224,0.06852950843336571,0.16464819591288785,0.7846908699176138
0.0027780366217481224,0.06852950843336571,0.16464819591288785,0.7846908699176138
0.0027780366217481224,0.06852950843336571,0.16464819591288785,0.7846908699176138
0.0027780366217481224,0.06852950843336571,0.16464819591288785,0.7846908699176138
0.0027780366217481224,0.06852950843336571,0.16464819591288785,0.7846908699176138
0.002726221104688385,0.06869943049296942,0.1629750865864604,0.7870657295147698
0.002726221104688385,0.06869943049296942,0.1629750865864604,0.7870657295147698
0.0028312933959651143,0.07010722908475191,0.16085248597563975,0.7886452264344282
0.0028312933959651143,0.07010722908475191,0.16085248597563975,0.7886452264344282
0.0028312933959651143,0.07010722908475191,0.16085248597563975,0.7886452264344282
0.003177881126634834,0.07003505769747957,0.16024368449472862,0.7882457299216795
0.0032448957318682906,0.07030451638545145,0.15948261621099166,0.7882499355094726
0.003446780287487958,0.07184497885665518,0.1586475442795171,0.7880533000449156
0.0035689118946432927,0.07143223224976399,0.15923041636227722,0.7880004528623489
0.0035689118946432927,0.07143223224976399,0.15923041636227722,0.7880004528623489
0.0035689118946432927,0.07143223224976399,0.15923041636227722,0.7880004528623489
0.0035689118946432927,0.07143223224976399,0.15923041636227722,0.7880004528623489
0.0035689118946432927,0.07143223224976399,0.15923041636227722,0.7880004528623489
0.0035689118946432927,0.07143223224976399,0.15923041636227722,0.7880004528623489
0.0035689118946432927,0.07143223224976399,0.15923041636227722,0.7880004528623489
0.004870687520458122,0.07214657469511317,0.15950340596490806,0.7883744275890149
0.005254096081371401,0.07155388864918744,0.15769220679143053,0.7891701607938859
0.005437400119565871,0.07142130066471797,0.15821354831233367,0.7886108294689368
0.005437400119565871,0.07142130066471797,0.15821354831233367,0.7886108294689368
0.005437400119565871,0.07142130066471797,0.15821354831233367,0.7886108294689368
0.005437400119565871,0.07142130066471797,0.15821354831233367,0.7886108294689368
0.005437400119565871,0.07142130066471797,0.15821354831233367,0.7886108294689368
0.005437400119565871,0.07142130066471797,0.15821354831233367,0.7886108294689368
0.005437400119565871,0.07142130066471797,0.15821354831233367,0.7886108294689368
0.005303439940867299,0.07154452024238184,0.15822831418457095,0.7881899337135463
0.005303439940867299,0.07154452024238184,0.15822831418457095,0.7881899337135463
0.0032930873791558956,0.07323401662963079,0.1611576723476758,0.7837419606541364
0.0032930873791558956,0.07323401662963079,0.1611576723476758,0.7837419606541364
0.0032930873791558956,0.07323401662963079,0.1611576723476758,0.7837419606541364
0.0032930873791558956,0.07323401662963079,0.1611576723476758,0.7837419606541364
0.0032930873791558956,0.07323401662963079,0.1611576723476758,0.7837419606541364
0.0032930873791558956,0.07323401662963079,0.1611576723476758,0.7837419606541364
0.0032930873791558956,0.07323401662963079,0.1611576723476758,0.7837419606541364
0.0032930873791558956,0.07323401662963079,0.1611576723476758,0.7837419606541364
0.003560465586455076,0.07210035663336674,0.15979787261638828,0.7864229182211913
0.003560465586455076,0.07210035663336674,0.15979787261638828,0.7864229182211913
0.003560465586455076,0.07210035663336674,0.15979787261638828,0.7864229182211913
0.003560465586455076,0.07210035663336674,0.15979787261638828,0.7864229182211913
0.003560465586455076,0.07210035663336674,0.15979787261638828,0.7864229182211913
0.0016608308596423624,0.07204482115581579,0.1598205471366018,0.7851601721477734
0.0038960171087546085,0.07136751696121071,0.15929438988276495,0.7873079533157374
0.0038960171087546085,0.07136751696121071,0.15929438988276495,0.7873079533157374
0.0048314141447415365,0.07236167856274851,0.15993545463983627,0.7858740130239359
0.0048314141447415365,0.07236167856274851,0.15993545463983627,0.7858740130239359
0.003358367656232407,0.07393609082585456,0.16025925024629548,0.7837443917452542
0.003358367656232407,0.07393609082585456,0.16025925024629548,0.7837443917452542
0.0015954662256457996,0.07413522853706919,0.16123202318010021,0.7822303830593041
0.0015954662256457996,0.07413522853706919,0.16123202318010021,0.7822303830593041
0.0018300830302043496,0.07525691162096228,0.16219159209845596,0.7826393135391461
0.0018300830302043496,0.07525691162096228,0.16219159209845596,0.7826393135391461
-0.001304700526309416,0.07244244551520344,0.15936015117710348,0.7833903812729054
-0.0022757378029096467,0.0721384180938084,0.15770120085408218,0.7860287445041092
-0.0022757378029096467,0.0721384180938084,0.15770120085408218,0.7860287445041092
-0.0022757378029096467,0.0721384180938084,0.15770120085408218,0.7860287445041092
-0.002592890591087691,0.07437272273685351,0.15967377156164997,0.7844736236118427
-0.002592890591087691,0.07437272273685351,0.15967377156164997,0.7844736236118427
-0.002592890591087691,0.07437272273685351,0.15967377156164997,0.7844736236118427
-0.0023739695856888625,0.07428906655047919,0.16033221876787912,0.7846467023637468
-0.0023739695856888625,0.07428906655047919,0.16033221876787912,0.7846467023637468
-0.0016937469332546336,0.07336775167948359,0.16189078418173705,0.7828704056419521
-0.0016937469332546336,0.07336775167948359,0.16189078418173705,0.7828704056419521
-0.0016937469332546336,0.07336775167948359,0.16189078418173705,0.7828704056419521
-0.0016937469332546336,0.07336775167948359,0.16189078418173705,0.7828704056419521
-0.0006942607104776554,0.07206335773061397,0.16183834215268128,0.7850950070277566
-0.0006942607104776554,0.07206335773061397,0.16183834215268128,0.7850950070277566
-0.0006942607104776554,0.07206335773061397,0.16183834215268128,0.7850950070277566
0.002353278310009551,0.07186969049861618,0.15960608296515474,0.786633297379277
0.002353278310009551,0.07186969049861618,0.15960608296515474,0.786633297379277
0.002353278310009551,0.07186969049861618,0.15960608296515474,0.786633297379277
0.002353278310009551,0.07186969049861618,0.15960608296515474,0.786633297379277
0.002353278310009551,0.07186969049861618,0.15960608296515474,0.786633297379277
0.002353278310009551,0.07186969049861618,0.15960608296515474,0.786633297379277
0.002353278310009551,0.07186969049861618,0.15960608296515474,0.786633297379277
0.002353278310009551,0.07186969049861618,0.15960608296515474,0.786633297379277
0.002353278310009551,0.07186969049861618,0.15960608296515474,0.786633297379277
0.0029339603806143163,0.07139519155045287,0.16028394377480001,0.7860000238466617
0.0029339603806143163,0.07139519155045287,0.16028394377480001,0.7860000238466617
0.004451556147955323,0.0702364961453972,0.1592008862550783,0.787910280686381
0.004451556147955323,0.0702364961453972,0.1592008862550783,0.787910280686381
0.004451556147955323,0.0702364961453972,0.1592008862550783,0.787910280686381
0.002359678838637126,0.07054741904531782,0.15780401797837876,0.7900803724025781
0.002359678838637126,0.07054741904531782,0.15780401797837876,0.7900803724025781
0.002359678838637126,0.07054741904531782,0.15780401797837876,0.7900803724025781
0.002359678838637126,0.07054741904531782,0.15780401797837876,0.7900803724025781
0.002359678838637126,0.07054741904531782,0.15780401797837876,0.7900803724025781
0.002359678838637126,0.07054741904531782,0.15780401797837876,0.7900803724025781
0.002359678838637126,0.07054741904531782,0.15780401797837876,0.7900803724025781
0.002359678838637126,0.07054741904531782,0.15780401797837876,0.7900803724025781
0.002359678838637126,0.07054741904531782,0.15780401797837876,0.7900803724025781
0.002359678838637126,0.07054741904531782,0.15780401797837876,0.7900803724025781
0.002359678838637126,0.07054741904531782,0.15780401797837876,0.7900803724025781
0.002359678838637126,0.07054741904531782,0.15780401797837876,0.7900803724025781
0.0015607187603029445,0.07113131016543976,0.16027650091580278,0.7881221439173206
0.0010464252006456036,0.07236430509186555,0.16163917138107772,0.7866119802653169
0.0015938860284506412,0.07276451919631259,0.16086173566770048,0.7858248411961732
0.0015938860284506412,0.07276451919631259,0.16086173566770048,0.7858248411961732
0.0015938860284506412,0.07276451919631259,0.16086173566770048,0.7858248411961732
0.0015938860284506412,0.07276451919631259,0.16086173566770048,0.7858248411961732
0.0015938860284506412,0.07276451919631259,0.16086173566770048,0.7858248411961732
0.002126260244171731,0.07380255374460137,0.1609901592862959,0.7849281013533522
0.002126260244171731,0.07380255374460137,0.1609901592862959,0.7849281013533522
0.002126260244171731,0.07380255374460137,0.1609901592862959,0.7849281013533522
0.001264676206869245,0.07417704532033219,0.16122602751245074,0.7842040031934039
-0.0008929540175386104,0.07391401878699318,0.16111184798969405,0.7824680640368793
-0.0008929540175386104,0.07391401878699318,0.16111184798969405,0.7824680640368793
0.0014740554079156207,0.07467835418218781,0.16073957577042106,0.7826685620677304
0.0003640892943278099,0.07341513880379025,0.15994868212939137,0.7844675596432436
0.0003640892943278099,0.07341513880379025,0.15994868212939137,0.7844675596432436
0.0003640892943278099,0.07341513880379025,0.15994868212939137,0.7844675596432436
0.0003640892943278099,0.07341513880379025,0.15994868212939137,0.7844675596432436
-0.0008869295446657243,0.0707721049512845,0.1600799458531941,0.7865136206286257
-0.0008869295446657243,0.0707721049512845,0.1600799458531941,0.7865136206286257
-0.0008869295446657243,0.0707721049512845,0.1600799458531941,0.7865136206286257
-0.0018355354773867114,0.07243215646110471,0.1586859774778116,0.7865433722779454
-0.0018355354773867114,0.07243215646110471,0.1586859774778116,0.7865433722779454
-0.0021502572308745673,0.07354718534264759,0.15936349757426502,0.78479892365166
-0.0021502572308745673,0.07354718534264759,0.15936349757426502,0.78479892365166
-0.0021502572308745673,0.07354718534264759,0.15936349757426502,0.78479892365166
-0.0021502572308745673,0.07354718534264759,0.15936349757426502,0.78479892365166
-0.0021502572308745673,0.07354718534264759,0.15936349757426502,0.78479892365166
-0.0023125418414390534,0.07335602824219706,0.15879761932649494,0.7863563274636236
-0.0023125418414390534,0.07335602824219706,0.15879761932649494,0.7863563274636236
-0.0023125418414390534,0.07335602824219706,0.15879761932649494,0.7863563274636236
-0.0007222876697826116,0.07296607231739481,0.15947172628870387,0.7853792831656897
-0.0007222876697826116,0.07296607231739481,0.15947172628870387,0.7853792831656897
0.00036976464039143136,0.07423072793179594,0.15901136755240738,0.785330567375804
0.00036976464039143136,0.07423072793179594,0.15901136755240738,0.785330567375804
0.00036976464039143136,0.07423072793179594,0.15901136755240738,0.785330567375804
0.00036976464039143136,0.07423072793179594,0.15901136755240738,0.785330567375804
0.00036976464039143136,0.07423072793179594,0.15901136755240738,0.785330567375804
0.00036976464039143136,0.07423072793179594,0.15901136755240738,0.785330567375804
-0.0003263170702056407,0.07373081648477646,0.15863372717481414,0.7856984017658958
-0.0003263170702056407,0.07373081648477646,0.15863372717481414,0.7856984017658958
-0.0003263170702056407,0.07373081648477646,0.15863372717481414,0.7856984017658958
-0.0003263170702056407,0.07373081648477646,0.15863372717481414,0.7856984017658958
-0.0003263170702056407,0.07373081648477646,0.15863372717481414,0.7856984017658958
-0.0010361094744957657,0.07402928221006869,0.1567082321264282,0.7869624581443435
-0.0006951788276631156,0.07378204510155532,0.15712796522865566,0.7865803096387993
-0.00499216122459296,0.07444551654640476,0.16018652221309831,0.7844094825366167
-0.0038122403455279853,0.07487202447878719,0.1599491794571769,0.784199719219314
-0.0038122403455279853,0.07487202447878719,0.1599491794571769,0.784199719219314
-0.0038122403455279853,0.07487202447878719,0.1599491794571769,0.784199719219314
-0.0038122403455279853,0.07487202447878719,0.1599491794571769,0.784199719219314
-0.0038122403455279853,0.07487202447878719,0.1599491794571769,0.784199719219314
-0.0032499345137950515,0.07501960191457684,0.15704051501315658,0.7852829285352987
-0.0032499345137950515,0.07501960191457684,0.15704051501315658,0.7852829285352987
-0.0037294083570290236,0.07405883898109727,0.15673657770067162,0.7864575969659807
-0.0037294083570290236,0.07405883898109727,0.15673657770067162,0.7864575969659807
-0.004841766803093077,0.07406151656050426,0.1591824963051004,0.7859545172899436
-0.006650312505867179,0.07335275888113828,0.15967252273241034,0.7839125332814927
-0.006650312505867179,0.07335275888113828,0.15967252273241034,0.7839125332814927
-0.006650312505867179,0.07335275888113828,0.15967252273241034,0.7839125332814927
-0.003704838532550133,0.07381169768258132,0.1598774588314533,0.7830534753179509
-0.0024084238840551774,0.0734577482461499,0.1619084527259592,0.7815553163049184
-3.108231242785527e-05,0.07375993511309595,0.1598113345133661,0.7855236403388576
-3.108231242785527e-05,0.07375993511309595,0.1598113345133661,0.7855236403388576
-3.108231242785527e-05,0.07375993511309595,0.1598113345133661,0.7855236403388576
-3.108231242785527e-05,0.07375993511309595,0.1598113345133661,0.7855236403388576
0.0020945678680376716,0.0735688377573222,0.15810634832724524,0.7844207721267138
0.003189455553089891,0.07333509655988722,0.1599260962375235,0.783079247996698
0.002910325478522863,0.07372123909454636,0.16076052555411546,0.7832425196171144
0.004798555502227775,0.0722030146129032,0.1602377882417112,0.7849410952496892
0.004798555502227775,0.0722030146129032,0.1602377882417112,0.7849410952496892
0.004798555502227775,0.0722030146129032,0.1602377882417112,0.7849410952496892
0.002713739956673934,0.07336941472116336,0.16068094151724718,0.7856337898347456
0.002713739956673934,0.07336941472116336,0.16068094151724718,0.7856337898347456
0.002713739956673934,0.07336941472116336,0.16068094151724718,0.7856337898347456
0.0035509520075180786,0.07193947606940289,0.1601384839957853,0.7859438553846494
0.003617464409562555,0.0720364755952069,0.1593770182009813,0.7855583483757014
0.003617464409562555,0.0720364755952069,0.1593770182009813,0.7855583483757014
0.0038350728776138316,0.07173259428855776,0.15999885929764882,0.7868687606820111
0.0038350728776138316,0.07173259428855776,0.15999885929764882,0.7868687606820111
0.0038350728776138316,0.07173259428855776,0.15999885929764882,0.7868687606820111
0.0038350728776138316,0.07173259428855776,0.15999885929764882,0.7868687606820111
0.0038350728776138316,0.07173259428855776,0.15999885929764882,0.7868687606820111
0.0038350728776138316,0.07173259428855776,0.15999885929764882,0.7868687606820111
0.0018507263119185461,0.07085434894579283,0.15836707088825525,0.7882256400440302
0.0019277768308582127,0.07178854204307623,0.1580124356302288,0.7885902445911507
0.0019277768308582127,0.07178854204307623,0.1580124356302288,0.7885902445911507
0.0019277768308582127,0.07178854204307623,0.1580124356302288,0.7885902445911507
0.0019277768308582127,0.07178854204307623,0.1580124356302288,0.7885902445911507
0.0019277768308582127,0.07178854204307623,0.1580124356302288,0.7885902445911507
0.0019277768308582127,0.07178854204307623,0.1580124356302288,0.7885902445911507
0.003249576351076616,0.07064190117015495,0.15866635386490224,0.788515326282039
0.0009489812879870663,0.06897690981906857,0.1595560272752178,0.7895949865090915
0.0009489812879870663,0.06897690981906857,0.1595560272752178,0.7895949865090915
0.0009489812879870663,0.06897690981906857,0.1595560272752178,0.7895949865090915
0.0009489812879870663,0.06897690981906857,0.1595560272752178,0.7895949865090915
0.0009489812879870663,0.06897690981906857,0.1595560272752178,0.7895949865090915
0.0009489812879870663,0.06897690981906857,0.1595560272752178,0.7895949865090915
0.0013424405096683616,0.0697888040590421,0.16048473859415102,0.7894063803464292
0.002970434306443124,0.06966881893419066,0.16142405972793508,0.788283255562071
0.0001607962358739102,0.06974421110791734,0.16385186616390202,0.786441058494194
0.0001607962358739102,0.06974421110791734,0.16385186616390202,0.786441058494194
0.0021788855605572523,0.06969406851300668,0.1650503924316355,0.7857845991946991
0.0021788855605572523,0.06969406851300668,0.1650503924316355,0.7857845991946991
-0.0008169432371883311,0.06999571276276723,0.16610399878602536,0.7835038077958898
-0.0008169432371883311,0.06999571276276723,0.16610399878602536,0.7835038077958898
-0.0008169432371883311,0.06999571276276723,0.16610399878602536,0.7835038077958898
0.0010460788593600304,0.06947150083612942,0.16485661003937624,0.7858112967626507
0.0010460788593600304,0.06947150083612942,0.16485661003937624,0.7858112967626507
0.0010460788593600304,0.06947150083612942,0.16485661003937624,0.7858112967626507
0.0010460788593600304,0.06947150083612942,0.16485661003937624,0.7858112967626507
9.146924156501176e-05,0.06962334316627074,0.16120723805036197,0.7857334686458536
0.0010628881844158592,0.07094369974724297,0.1618888097244673,0.7870322509207448
0.0010628881844158592,0.07094369974724297,0.1618888097244673,0.7870322509207448
0.0010628881844158592,0.07094369974724297,0.1618888097244673,0.7870322509207448
-0.00270525453897288,0.0693806341456638,0.16158886045567755,0.7859218972265892
-0.0021243322922947557,0.07044080662296341,0.16443446010277865,0.7847993644269255
-0.0021243322922947557,0.07044080662296341,0.16443446010277865,0.7847993644269255
-0.0021243322922947557,0.07044080662296341,0.16443446010277865,0.7847993644269255
-0.0036839945639663627,0.07178760169171111,0.16482306688812837,0.783163807048571
-0.0036839945639663627,0.07178760169171111,0.16482306688812837,0.783163807048571
-0.0036839945639663627,0.07178760169171111,0.16482306688812837,0.783163807048571
-0.0033450937259216365,0.07083424860352854,0.16446601767215943,0.7846213516714178
-0.00310181593464109,0.07171461172009513,0.16611539246605986,0.7811477695001672
-0.0021062216241255318,0.07441975043901038,0.16367311293878684,0.7831278123260821
-0.0021062216241255318,0.07441975043901038,0.16367311293878684,0.7831278123260821
-0.0021062216241255318,0.07441975043901038,0.16367311293878684,0.7831278123260821
-0.0021062216241255318,0.07441975043901038,0.16367311293878684,0.7831278123260821
-0.0002277453989248334,0.07221494005040949,0.16309361358254365,0.7833816952645651
-0.0002277453989248334,0.07221494005040949,0.16309361358254365,0.7833816952645651
0.0017208440520414857,0.07144893804723654,0.16394357782183294,0.7827760731061636
0.0017208440520414857,0.07144893804723654,0.16394357782183294,0.7827760731061636
0.001198421134171024,0.07110569269269632,0.1637092230070982,0.7840953169403888
0.001198421134171024,0.07110569269269632,0.1637092230070982,0.7840953169403888
0.00225923433057798,0.07077394044800717,0.16160597499032284,0.7869403141788134
0.00225923433057798,0.07077394044800717,0.16160597499032284,0.7869403141788134
0.003439422852483171,0.07126114386178019,0.16004626177855288,0.7879482103638705
0.0016614367239381899,0.07147859822838609,0.1609664711951159,0.7867455747318458
-0.0006812285325780952,0.07333630836347056,0.1623042212414521,0.7846812101981078
-0.0006812285325780952,0.07333630836347056,0.1623042212414521,0.7846812101981078
-0.0016130475900857405,0.07247700306880604,0.16293606538083272,0.7840881636694111
-0.0015044038152229851,0.07380345122037285,0.16327230391548261,0.7824693781642267
-0.0015044038152229851,0.07380345122037285,0.16327230391548261,0.7824693781642267
-0.0018138353648384567,0.07359637478166021,0.16317218292332972,0.7820423768861788
-0.0018138353648384567,0.07359637478166021,0.16317218292332972,0.7820423768861788
-0.0018138353648384567,0.07359637478166021,0.16317218292332972,0.7820423768861788
-0.0018138353648384567,0.07359637478166021,0.16317218292332972,0.7820423768861788
-0.0018138353648384567,0.07359637478166021,0.16317218292332972,0.7820423768861788
-0.0018138353648384567,0.07359637478166021,0.16317218292332972,0.7820423768861788
-0.0018138353648384567,0.07359637478166021,0.16317218292332972,0.7820423768861788
-0.0018138353648384567,0.07359637478166021,0.16317218292332972,0.7820423768861788
-0.0018138353648384567,0.07359637478166021,0.16317218292332972,0.7820423768861788
-0.0018138353648384567,0.07359637478166021,0.16317218292332972,0.7820423768861788
-0.0018138353648384567,0.07359637478166021,0.16317218292332972,0.7820423768861788
-0.0018138353648384567,0.07359637478166021,0.16317218292332972,0.7820423768861788
0.000723623628206547,0.07300926823466503,0.16397967956320564,0.7821911910212276
-0.0015558661088745896,0.07474109143995426,0.16471887596226945,0.7807102575794256
-0.00039163037770643494,0.07357810622276677,0.16388641933920947,0.7810868798683783
-0.00039163037770643494,0.07357810622276677,0.16388641933920947,0.7810868798683783
-0.0009646941264866856,0.07473891982652923,0.16360197403178145,0.7809789007561246
-0.0009646941264866856,0.07473891982652923,0.16360197403178145,0.7809789007561246
-0.0009646941264866856,0.07473891982652923,0.16360197403178145,0.7809789007561246
0.0008674581222805895,0.07343622081696825,0.16102730921220004,0.7827690069323752
-0.0019241603119220059,0.0737741611284233,0.16194170625465096,0.7831222427012203
-0.0019241603119220059,0.0737741611284233,0.16194170625465096,0.7831222427012203
-0.001222716654533513,0.07552776588766424,0.16125322905084075,0.7825048220102504
-0.001222716654533513,0.07552776588766424,0.16125322905084075,0.7825048220102504
-0.001222716654533513,0.07552776588766424,0.16125322905084075,0.7825048220102504
-0.001222716654533513,0.07552776588766424,0.16125322905084075,0.7825048220102504
-0.0031728177785569907,0.07623360255999018,0.16219399821414135,0.7819468807702569
-0.004502308403234139,0.07671004710774856,0.16171729251097205,0.7805865407828636
-0.006338210957881247,0.0766503546101174,0.16092122357414274,0.7798647248952159
-0.006338210957881247,0.0766503546101174,0.16092122357414274,0.7798647248952159
-0.006338210957881247,0.0766503546101174,0.16092122357414274,0.7798647248952159
-0.006338210957881247,0.0766503546101174,0.16092122357414274,0.7798647248952159
-0.006338210957881247,0.0766503546101174,0.16092122357414274,0.7798647248952159
-0.006338210957881247,0.0766503546101174,0.16092122357414274,0.7798647248952159
-0.006338210957881247,0.0766503546101174,0.16092122357414274,0.7798647248952159
-0.006338210957881247,0.0766503546101174,0.16092122357414274,0.7798647248952159
-0.00707019061957172,0.07841791910062892,0.16090821956807247,0.7799447583513931
-0.00707019061957172,0.07841791910062892,0.16090821956807247,0.7799447583513931
-0.005432388191212161,0.07885580735722117,0.16324081759918657,0.7787564476159752
-0.0013842138635978222,0.07688923741935667,0.16182221785631828,0.7806749544758953
-0.0013842138635978222,0.07688923741935667,0.16182221785631828,0.7806749544758953
0.0001574257704707988,0.07732438575062402,0.15960591652552292,0.7814501378557979
0.0001574257704707988,0.07732438575062402,0.15960591652552292,0.7814501378557979
0.0001574257704707988,0.07732438575062402,0.15960591652552292,0.7814501378557979
0.0001574257704707988,0.07732438575062402,0.15960591652552292,0.7814501378557979
0.0001574257704707988,0.07732438575062402,0.15960591652552292,0.7814501378557979
0.0001574257704707988,0.07732438575062402,0.15960591652552292,0.7814501378557979
-0.001250637846503441,0.07718921605691713,0.16080809745321045,0.7824571607038632
-0.001250637846503441,0.07718921605691713,0.16080809745321045,0.7824571607038632
-0.001250637846503441,0.07718921605691713,0.16080809745321045,0.7824571607038632
-0.001250637846503441,0.07718921605691713,0.16080809745321045,0.7824571607038632
-0.001250637846503441,0.07718921605691713,0.16080809745321045,0.7824571607038632
-0.0021646000680168778,0.07820856443675128,0.15930504928927747,0.7824084981385698
-0.0021646000680168778,0.07820856443675128,0.15930504928927747,0.7824084981385698
0.0010214834662624966,0.07610884012499906,0.1594037958324264,0.7833473985320946
0.0010214834662624966,0.07610884012499906,0.1594037958324264,0.7833473985320946
0.0010214834662624966,0.07610884012499906,0.1594037958324264,0.7833473985320946
-0.0008620739961568309,0.0738618202367538,0.1602411479158836,0.7832516047106501
-0.00024625934890940915,0.07282619421788988,0.15774887267092016,0.7869491698748454
-0.00024625934890940915,0.07282619421788988,0.15774887267092016,0.7869491698748454
-0.00024625934890940915,0.07282619421788988,0.15774887267092016,0.7869491698748454
0.0004783586215499569,0.07121259965169784,0.15818134938570097,0.7879472100706282
0.0011374193730367653,0.07142555701548005,0.15908502912525588,0.7879491363395498
0.0011374193730367653,0.07142555701548005,0.15908502912525588,0.7879491363395498
0.0020252565221853666,0.07222670466645446,0.15719313728352166,0.7884860184041441
0.003967880087336806,0.07144615740994935,0.15650152877721163,0.7883951803897418
0.003967880087336806,0.07144615740994935,0.15650152877721163,0.7883951803897418
0.0047200915257922,0.07194417951575992,0.15814779631193554,0.7883300724086576
0.0047200915257922,0.07194417951575992,0.15814779631193554,0.7883300724086576
0.0047200915257922,0.07194417951575992,0.15814779631193554,0.7883300724086576
0.0047200915257922,0.07194417951575992,0.15814779631193554,0.7883300724086576
0.0047200915257922,0.07194417951575992,0.15814779631193554,0.7883300724086576
0.0047200915257922,0.07194417951575992,0.15814779631193554,0.7883300724086576
0.0047200915257922,0.07194417951575992,0.15814779631193554,0.7883300724086576
0.0047200915257922,0.07194417951575992,0.15814779631193554,0.7883300724086576
0.0047200915257922,0.07194417951575992,0.15814779631193554,0.7883300724086576
0.0020999678836140963,0.07209918096256536,0.15774068901239383,0.7885835887214454
-0.0010480448702311824,0.07288283845083533,0.15997757095660772,0.7865882338798724
-0.0022436559606842945,0.07372743818440314,0.15713552955522836,0.7864660394110603
-0.004488094602558117,0.07153124137439164,0.15788535468652792,0.7873074677461338
-0.004488094602558117,0.07153124137439164,0.15788535468652792,0.7873074677461338
-0.004070722431612447,0.07175768510965018,0.16034257277483416,0.7858568871277889
-0.0032754963003995743,0.07312201996293236,0.15910114041559198,0.7866372465078288
-0.004078258619244133,0.07423054529786544,0.15979188739292838,0.7847870434150421
-0.004078258619244133,0.07423054529786544,0.15979188739292838,0.7847870434150421
-0.004078258619244133,0.07423054529786544,0.15979188739292838,0.7847870434150421
-0.004078258619244133,0.07423054529786544,0.15979188739292838,0.7847870434150421
-0.00427495021099605,0.07477655114408857,0.16145759367497875,0.7839041329282945
-0.00427495021099605,0.07477655114408857,0.16145759367497875,0.7839041329282945
-0.00427495021099605,0.07477655114408857,0.16145759367497875,0.7839041329282945
-0.00427495021099605,0.07477655114408857,0.16145759367497875,0.7839041329282945
-0.00427495021099605,0.07477655114408857,0.16145759367497875,0.7839041329282945
-0.00383129701597717,0.07377705414217695,0.1601050920784099,0.7845424321093291
-0.005361821087051062,0.07404428993679063,0.16226395503401958,0.7822222486257662
-0.005361821087051062,0.07404428993679063,0.16226395503401958,0.7822222486257662
-0.005361821087051062,0.07404428993679063,0.16226395503401958,0.7822222486257662
-0.005361821087051062,0.07404428993679063,0.16226395503401958,0.7822222486257662
-0.005683209906127401,0.0729628732925323,0.16173108498371316,0.7835009394376843
-0.005683209906127401,0.0729628732925323,0.16173108498371316,0.7835009394376843
-0.0014563728247279552,0.07341978449038629,0.16240069293113713,0.783007972175709
-0.0014563728247279552,0.07341978449038629,0.16240069293113713,0.783007972175709
-0.0025439364354608203,0.07372855589733081,0.16255023681615896,0.7823025326599908
-0.0025439364354608203,0.07372855589733081,0.16255023681615896,0.7823025326599908
-0.0025439364354608203,0.07372855589733081,0.16255023681615896,0.7823025326599908
-0.0025439364354608203,0.07372855589733081,0.16255023681615896,0.7823025326599908
-0.0025439364354608203,0.07372855589733081,0.16255023681615896,0.7823025326599908
-0.0015105051839253997,0.07352675582941878,0.16296722567646899,0.7822736797973575
-0.0015105051839253997,0.07352675582941878,0.16296722567646899,0.7822736797973575
-0.0023629348299717486,0.0732102487131397,0.16410635337730758,0.7829460534557078
-0.0023629348299717486,0.0732102487131397,0.16410635337730758,0.7829460534557078
-0.0023629348299717486,0.0732102487131397,0.16410635337730758,0.7829460534557078
-0.0023629348299717486,0.0732102487131397,0.16410635337730758,0.7829460534557078
-0.003636994826560788,0.07195026690489653,0.16320376831684805,0.78345145419863
-0.003636994826560788,0.07195026690489653,0.16320376831684805,0.78345145419863
-0.0013603226136856433,0.07086276555010476,0.16159785091755857,0.7848860129143813
-0.0013603226136856433,0.07086276555010476,0.16159785091755857,0.7848860129143813
-0.005750301366533863,0.07298789679140565,0.1603846153886441,0.7838947713062902
-0.005750301366533863,0.07298789679140565,0.1603846153886441,0.7838947713062902
-0.005750301366533863,0.07298789679140565,0.1603846153886441,0.7838947713062902
-0.005750301366533863,0.07298789679140565,0.1603846153886441,0.7838947713062902
-0.005750301366533863,0.07298789679140565,0.1603846153886441,0.7838947713062902
-0.004878840205475901,0.07270209866154108,0.16079689171325018,0.7846668160229113
-0.004878840205475901,0.07270209866154108,0.16079689171325018,0.7846668160229113
-0.004878840205475901,0.07270209866154108,0.16079689171325018,0.7846668160229113
-0.004878840205475901,0.07270209866154108,0.16079689171325018,0.7846668160229113
-0.001658031431089293,0.07272950565695906,0.16060382676522025,0.7859460803779735
-0.0026660881382205787,0.07244438282221902,0.1610965670029017,0.7846472218053594
6.658569561785376e-05,0.0725832490250553,0.16154614450895263,0.7848909526857294
6.658569561785376e-05,0.0725832490250553,0.16154614450895263,0.7848909526857294
6.658569561785376e-05,0.0725832490250553,0.16154614450895263,0.7848909526857294
6.658569561785376e-05,0.0725832490250553,0.16154614450895263,0.7848909526857294
-0.0013108907591259811,0.07374868043955318,0.1601277459115769,0.7832653985962756
-0.0013108907591259811,0.07374868043955318,0.1601277459115769,0.7832653985962756
-0.002136412373135236,0.07350779840626818,0.16061411808694523,0.7845553799351075
-0.0023013245474758004,0.07332619743407165,0.16003769783218183,0.7838962892686085
-0.0037046343180039587,0.07510377553532074,0.16069946142841934,0.7841026327793409
-0.0037046343180039587,0.07510377553532074,0.16069946142841934,0.7841026327793409
-0.0037046343180039587,0.07510377553532074,0.16069946142841934,0.7841026327793409
-0.0037046343180039587,0.07510377553532074,0.16069946142841934,0.7841026327793409
-0.0037046343180039587,0.07510377553532074,0.16069946142841934,0.7841026327793409
-0.0037046343180039587,0.07510377553532074,0.16069946142841934,0.7841026327793409
-0.0016808618592923496,0.07477839377467548,0.1602530454452325,0.7840362474997725
-0.0016808618592923496,0.07477839377467548,0.1602530454452325,0.7840362474997725
-0.0009154191311551304,0.07663062094761272,0.15859651725299595,0.7834422619792797
-0.0009154191311551304,0.07663062094761272,0.15859651725299595,0.7834422619792797
-0.0023608531002487993,0.07384233672537084,0.1593189992848803,0.7828775135835102
-0.0016847973897279626,0.07428413702581992,0.16149928975180974,0.7832486938280615
-0.0016847973897279626,0.07428413702581992,0.16149928975180974,0.7832486938280615
-0.0015753281586160066,0.0750620872332719,0.16047471947809636,0.783114687708508
-0.0015753281586160066,0.0750620872332719,0.16047471947809636,0.783114687708508
-0.0015753281586160066,0.0750620872332719,0.16047471947809636,0.783114687708508
-0.0015753281586160066,0.0750620872332719,0.16047471947809636,0.783114687708508
-0.0015753281586160066,0.0750620872332719,0.16047471947809636,0.783114687708508
-0.0015753281586160066,0.0750620872332719,0.16047471947809636,0.783114687708508
-0.0015753281586160066,0.0750620872332719,0.16047471947809636,0.783114687708508
-0.0010202704929130517,0.07476891820172876,0.1614629968114545,0.781797209914665
-0.0010202704929130517,0.07476891820172876,0.1614629968114545,0.781797209914665
-0.0010202704929130517,0.07476891820172876,0.1614629968114545,0.781797209914665
-0.0010202704929130517,0.07476891820172876,0.1614629968114545,0.781797209914665
-0.0010202704929130517,0.07476891820172876,0.1614629968114545,0.781797209914665
-0.0010202704929130517,0.07476891820172876,0.1614629968114545,0.781797209914665
-0.0010202704929130517,0.07476891820172876,0.1614629968114545,0.781797209914665
-0.0014763659690126337,0.07437543995369797,0.16320523243851515,0.7809003073769011
-0.001719305771582703,0.0747269342404418,0.16209338496992953,0.7826557438983476
-0.0015770139146815815,0.07423659813094136,0.1605146055061422,0.7828068643463502
0.0004944079723234777,0.07227735084137579,0.15975447763487197,0.7835756669306393
-0.0008186448987917278,0.07202831288182229,0.161983037178708,0.7824036764423828
-0.0024134952760048135,0.07245973971071902,0.16307167496540728,0.7829753470190843
-0.0024134952760048135,0.07245973971071902,0.16307167496540728,0.7829753470190843
-0.0037555205488136794,0.07206333209903869,0.1638562466818587,0.7825896573687804
-0.0033679785075388805,0.07286930388809287,0.16427890518042057,0.7809186417285715
-0.0030568727155414316,0.07386675132231847,0.16397764486234193,0.7829137342714445
-0.004844410562183798,0.07372396650290461,0.16292740897545593,0.7839940671742035
-0.004703768645142932,0.07336270844841232,0.16071918024364287,0.7838802563326328
-0.004703768645142932,0.07336270844841232,0.16071918024364287,0.7838802563326328
-0.006175210826114122,0.07396415374670619,0.15913054311538471,0.7862309376470203
-0.0077579432396763055,0.07496743715064327,0.15914707371974418,0.7840206561125748
-0.0077579432396763055,0.07496743715064327,0.15914707371974418,0.7840206561125748
-0.0077579432396763055,0.07496743715064327,0.15914707371974418,0.7840206561125748
-0.007500620580837735,0.07475450980169479,0.15987948403523083,0.7842863595011064
-0.007500620580837735,0.07475450980169479,0.15987948403523083,0.7842863595011064
-0.007500620580837735,0.07475450980169479,0.15987948403523083,0.7842863595011064
-0.007895826515955438,0.07585446819857239,0.16007035171562,0.7827452693019511
-0.007895826515955438,0.07585446819857239,0.16007035171562,0.7827452693019511
-0.007895826515955438,0.07585446819857239,0.16007035171562,0.7827452693019511
-0.007895826515955438,0.07585446819857239,0.16007035171562,0.7827452693019511
-0.007895826515955438,0.07585446819857239,0.16007035171562,0.7827452693019511
-0.007895826515955438,0.07585446819857239,0.16007035171562,0.7827452693019511
-0.007895826515955438,0.07585446819857239,0.16007035171562,0.7827452693019511
-0.007870016926473919,0.07559037227792167,0.15886859248806803,0.7831062192467804
-0.007870016926473919,0.07559037227792167,0.15886859248806803,0.7831062192467804
-0.007588112537059775,0.07565433289859573,0.15745743877865181,0.7836706027903748
-0.007588112537059775,0.07565433289859573,0.15745743877865181,0.7836706027903748
-0.007588112537059775,0.07565433289859573,0.15745743877865181,0.7836706027903748
-0.005932319812152617,0.0740732618320258,0.15808838575010026,0.7841447226149014
-0.005932319812152617,0.0740732618320258,0.15808838575010026,0.7841447226149014
-0.005932319812152617,0.0740732618320258,0.15808838575010026,0.7841447226149014
-0.005932319812152617,0.0740732618320258,0.15808838575010026,0.7841447226149014
-0.005932319812152617,0.0740732618320258,0.15808838575010026,0.7841447226149014
-0.005007444818591672,0.07494312306901309,0.15915605930576426,0.7832676471082912
-0.003822162752632913,0.07470266473116532,0.16175046535471474,0.7814088723512453
-0.0023239191696288655,0.07537255150339038,0.16164140941605323,0.7801874623436093
-0.002721071678638833,0.07460271085514801,0.1604101185236578,0.7809382677240787
-0.00421743265709023,0.0742187544068087,0.16141361215210634,0.7823021203232773
-0.00421743265709023,0.0742187544068087,0.16141361215210634,0.7823021203232773
-0.004699306266581883,0.07373213200695602,0.1627491999376325,0.7825983732177837
-0.004699306266581883,0.07373213200695602,0.1627491999376325,0.7825983732177837
-0.004699306266581883,0.07373213200695602,0.1627491999376325,0.7825983732177837
-0.004699306266581883,0.07373213200695602,0.1627491999376325,0.7825983732177837
-0.004699306266581883,0.07373213200695602,0.1627491999376325,0.7825983732177837
-0.004699306266581883,0.07373213200695602,0.1627491999376325,0.7825983732177837
-0.004699306266581883,0.07373213200695602,0.1627491999376325,0.7825983732177837
-0.0024654081080315747,0.07398243566541286,0.16379784565254324,0.7829039618766678
-0.002132190759146543,0.07499836733865775,0.16222471659888982,0.7827422734790097
-0.002132190759146543,0.07499836733865775,0.16222471659888982,0.7827422734790097
-0.002132190759146543,0.07499836733865775,0.16222471659888982,0.7827422734790097
-0.002132190759146543,0.07499836733865775,0.16222471659888982,0.7827422734790097
-0.00219037048751836,0.07504723174751386,0.16021543159052462,0.7832197864753804
-0.002860808854965066,0.07603084435365436,0.15880475867346225,0.7824018555029977
-0.002860808854965066,0.07603084435365436,0.15880475867346225,0.7824018555029977
-0.004477224303937043,0.07711513488446195,0.15838676855442313,0.7814893913100446
-0.004477224303937043,0.07711513488446195,0.15838676855442313,0.7814893913100446
-0.004236824833421001,0.0750876734794438,0.1573718936156232,0.7835067232945221
-0.005685330543530861,0.07575144460787346,0.15864673094191947,0.7825628638428629
-0.005685330543530861,0.07575144460787346,0.15864673094191947,0.7825628638428629
-0.005685330543530861,0.07575144460787346,0.15864673094191947,0.7825628638428629
-0.005685330543530861,0.07575144460787346,0.15864673094191947,0.7825628638428629
-0.005685330543530861,0.07575144460787346,0.15864673094191947,0.7825628638428629
-0.005685330543530861,0.07575144460787346,0.15864673094191947,0.7825628638428629
-0.005685330543530861,0.07575144460787346,0.15864673094191947,0.7825628638428629
-0.005685330543530861,0.07575144460787346,0.15864673094191947,0.7825628638428629
-0.004250214796749086,0.0750667502520876,0.16097865025064534,0.7830673202465082
-0.004607878271318816,0.07480373757531068,0.15887194916227917,0.7844270255646014
-0.004607878271318816,0.07480373757531068,0.15887194916227917,0.7844270255646014
-0.0027639774815947974,0.07362739538136855,0.15983462548459534,0.7834840915183846
-0.0027639774815947974,0.07362739538136855,0.15983462548459534,0.7834840915183846
-0.001514682915573822,0.07307291497216589,0.16038203168085916,0.7850211489854193
-0.001514682915573822,0.07307291497216589,0.16038203168085916,0.7850211489854193
-0.001514682915573822,0.07307291497216589,0.16038203168085916,0.7850211489854193
-0.0006059834422311456,0.07188417600630324,0.15959936610267644,0.7863329730645778
-0.0006059834422311456,0.07188417600630324,0.15959936610267644,0.7863329730645778
-0.0017628850185487422,0.07197076814307007,0.15942707164891634,0.7873987680769327
-0.0017749733360827437,0.07007540533608006,0.16026774847130285,0.7880800308200749
-0.0017749733360827437,0.07007540533608006,0.16026774847130285,0.7880800308200749
-0.0017749733360827437,0.07007540533608006,0.16026774847130285,0.7880800308200749
-0.0017749733360827437,0.07007540533608006,0.16026774847130285,0.7880800308200749
-0.0017749733360827437,0.07007540533608006,0.16026774847130285,0.7880800308200749
-0.0030426790748767623,0.07093463370824267,0.15972371031688049,0.788169317410742
-0.0030426790748767623,0.07093463370824267,0.15972371031688049,0.788169317410742
-0.0030426790748767623,0.07093463370824267,0.15972371031688049,0.788169317410742
-0.0030426790748767623,0.07093463370824267,0.15972371031688049,0.788169317410742
-0.0030426790748767623,0.07093463370824267,0.15972371031688049,0.788169317410742
-0.0030426790748767623,0.07093463370824267,0.15972371031688049,0.788169317410742
8.700923117989498e-05,0.07115933346067914,0.15775281079461081,0.7898535390111339
8.700923117989498e-05,0.07115933346067914,0.15775281079461081,0.7898535390111339
8.700923117989498e-05,0.07115933346067914,0.15775281079461081,0.7898535390111339
8.700923117989498e-05,0.07115933346067914,0.15775281079461081,0.7898535390111339
0.0005750915180891821,0.07056217391648077,0.15792446376140865,0.7888256544436576
0.0005750915180891821,0.07056217391648077,0.15792446376140865,0.7888256544436576
0.0005750915180891821,0.07056217391648077,0.15792446376140865,0.7888256544436576
-0.0004945430513658549,0.07128213499297366,0.1584625319782323,0.7876107065040849
0.0010708719446587372,0.07142437363273678,0.15869986004619752,0.7867396542724299
0.0010708719446587372,0.07142437363273678,0.15869986004619752,0.7867396542724299
0.0010708719446587372,0.07142437363273678,0.15869986004619752,0.7867396542724299
0.0010708719446587372,0.07142437363273678,0.15869986004619752,0.7867396542724299
0.0010708719446587372,0.07142437363273678,0.15869986004619752,0.7867396542724299
0.0008006901699709706,0.07298504906713482,0.1593495480095065,0.7857585853257728
0.0008006901699709706,0.07298504906713482,0.1593495480095065,0.7857585853257728
0.0008006901699709706,0.07298504906713482,0.1593495480095065,0.7857585853257728
0.00014163572707606123,0.07286147862123331,0.16057866674009347,0.7852343362073693
0.0020749455030234466,0.07299858296863834,0.16212178640061808,0.7838642189492636
0.0011474352326978471,0.07178340763829855,0.1632172295066513,0.783365623695239
0.0011474352326978471,0.07178340763829855,0.1632172295066513,0.783365623695239
0.0011474352326978471,0.07178340763829855,0.1632172295066513,0.783365623695239
0.0011474352326978471,0.07178340763829855,0.1632172295066513,0.783365623695239
0.0011474352326978471,0.07178340763829855,0.1632172295066513,0.783365623695239
0.0033410361066047323,0.07198710879891784,0.16144178334688494,0.7841145803958204
0.004674686305794238,0.07223575816139355,0.1614830973170991,0.7846828789639164
0.0030860160909787614,0.07174594418132178,0.16186856989727283,0.7836238266369681
0.0030860160909787614,0.07174594418132178,0.16186856989727283,0.7836238266369681
0.0030860160909787614,0.07174594418132178,0.16186856989727283,0.7836238266369681
0.002779365007752077,0.0722312278138171,0.1632969035620238,0.7838934780806893
0.0017743875710719834,0.07324511017461192,0.16171359986613332,0.7826503228749702
0.0017743875710719834,0.07324511017461192,0.16171359986613332,0.7826503228749702
0.0017743875710719834,0.07324511017461192,0.16171359986613332,0.7826503228749702
0.0017743875710719834,0.07324511017461192,0.16171359986613332,0.7826503228749702
0.0017743875710719834,0.07324511017461192,0.16171359986613332,0.7826503228749702
0.0017743875710719834,0.07324511017461192,0.16171359986613332,0.7826503228749702
0.0017743875710719834,0.07324511017461192,0.16171359986613332,0.7826503228749702
0.0017743875710719834,0.07324511017461192,0.16171359986613332,0.7826503228749702
-0.0004787309970145776,0.07353212622773134,0.16087357915702924,0.7827978609933856
-0.0004787309970145776,0.07353212622773134,0.16087357915702924,0.7827978609933856
-0.0004787309970145776,0.07353212622773134,0.16087357915702924,0.7827978609933856
-0.0004787309970145776,0.07353212622773134,0.16087357915702924,0.7827978609933856
0.0008021960503673627,0.07439186807499575,0.15915403888356672,0.7833235525587763
0.0008021960503673627,0.07439186807499575,0.15915403888356672,0.7833235525587763
0.0006644036623071122,0.07512197410013859,0.15894022010754136,0.7848784688441279
0.0006644036623071122,0.07512197410013859,0.15894022010754136,0.7848784688441279
0.0006644036623071122,0.07512197410013859,0.15894022010754136,0.7848784688441279
0.0006644036623071122,0.07512197410013859,0.15894022010754136,0.7848784688441279
0.0006644036623071122,0.07512197410013859,0.15894022010754136,0.7848784688441279
-0.0006771092057871401,0.07549600245004756,0.15887978528523178,0.7839368201337016
-0.0006771092057871401,0.07549600245004756,0.15887978528523178,0.7839368201337016
-0.0030044127971124357,0.077331063898989,0.16104196677816354,0.7803772308090338
-0.0030044127971124357,0.077331063898989,0.16104196677816354,0.7803772308090338
-0.0025022828209132356,0.0757564412879638,0.16199108554076055,0.7798886520433903
-0.0025022828209132356,0.0757564412879638,0.16199108554076055,0.7798886520433903
-0.0025022828209132356,0.0757564412879638,0.16199108554076055,0.7798886520433903
-0.0036051444721779593,0.07545158390063159,0.16242426923881137,0.7809358574863516
-0.0036051444721779593,0.07545158390063159,0.16242426923881137,0.7809358574863516
-0.0036051444721779593,0.07545158390063159,0.16242426923881137,0.7809358574863516
-0.0036051444721779593,0.07545158390063159,0.16242426923881137,0.7809358574863516
-0.0036051444721779593,0.07545158390063159,0.16242426923881137,0.7809358574863516
-0.004101532102948304,0.07523253013989903,0.16171778187340283,0.7805814981763068
-0.005432202469526607,0.07535342598708375,0.16126694798500105,0.781831490134256
-0.005432202469526607,0.07535342598708375,0.16126694798500105,0.781831490134256
-0.0050672867192141785,0.07390510255247697,0.16144558995263764,0.7822739638957842
-0.005014300486900756,0.07406301883597002,0.16119833524546545,0.782895846910547
-0.005014300486900756,0.07406301883597002,0.16119833524546545,0.782895846910547
-0.003591243258841502,0.07331612233574003,0.16255120558088568,0.7829605466149788
-0.003591243258841502,0.07331612233574003,0.16255120558088568,0.7829605466149788
-0.004249303378962444,0.07375153916562728,0.1647824166578573,0.7791262151531995
-0.004249303378962444,0.07375153916562728,0.1647824166578573,0.7791262151531995
-0.00657489077308299,0.07463123931738312,0.16571601186771825,0.7788736672112077
-0.0066780636289097,0.07754738838678259,0.16436787248090404,0.7778875925225368
-0.007304011732116602,0.07638957571905161,0.16493122979186317,0.7781818857187651
-0.007304011732116602,0.07638957571905161,0.16493122979186317,0.7781818857187651
-0.007304011732116602,0.07638957571905161,0.16493122979186317,0.7781818857187651
-0.005279607785092238,0.07478325328396708,0.16496678789804844,0.7781439594721824
-0.005279607785092238,0.07478325328396708,0.16496678789804844,0.7781439594721824
-0.005279607785092238,0.07478325328396708,0.16496678789804844,0.7781439594721824
-0.007007565050689074,0.07590568863799194,0.16556353718799327,0.7767061517686996
-0.0050297040410701,0.07586409941156663,0.16868440675755642,0.77430129538311
-0.006161846531927745,0.07814982348881647,0.16837241253105822,0.7727123868467282
-0.006161846531927745,0.07814982348881647,0.16837241253105822,0.7727123868467282
-0.0050604423063770635,0.07775952863666487,0.16831579007182498,0.7731826537190857
-0.0050604423063770635,0.07775952863666487,0.16831579007182498,0.7731826537190857
-0.0050604423063770635,0.07775952863666487,0.16831579007182498,0.7731826537190857
-0.0050604423063770635,0.07775952863666487,0.16831579007182498,0.7731826537190857
-0.005566827040745443,0.07845664168531084,0.17051762658417477,0.7725410760275983
-0.005566827040745443,0.07845664168531084,0.17051762658417477,0.7725410760275983
-0.005566827040745443,0.07845664168531084,0.17051762658417477,0.7725410760275983
-0.005566827040745443,0.07845664168531084,0.17051762658417477,0.7725410760275983
-0.005566827040745443,0.07845664168531084,0.17051762658417477,0.7725410760275983
-0.005659365480977888,0.07721772431116973,0.16737940884262248,0.7756705826589099
-0.005659365480977888,0.07721772431116973,0.16737940884262248,0.7756705826589099
-0.005659365480977888,0.07721772431116973,0.16737940884262248,0.7756705826589099
-0.005659365480977888,0.07721772431116973,0.16737940884262248,0.7756705826589099
-0.005659365480977888,0.07721772431116973,0.16737940884262248,0.7756705826589099
-0.005659365480977888,0.07721772431116973,0.16737940884262248,0.7756705826589099
-0.005659365480977888,0.07721772431116973,0.16737940884262248,0.7756705826589099
-0.005659365480977888,0.07721772431116973,0.16737940884262248,0.7756705826589099
-0.0022255575371918465,0.07645264109149784,0.16689679939529978,0.7755058986105137
-0.0028652361783551407,0.07854593472406318,0.16933716564317397,0.7725125491812551
-0.0028652361783551407,0.07854593472406318,0.16933716564317397,0.7725125491812551
-0.0028652361783551407,0.07854593472406318,0.16933716564317397,0.7725125491812551
-0.0028652361783551407,0.07854593472406318,0.16933716564317397,0.7725125491812551
-0.002074498460331006,0.07690959441633051,0.17080136185516448,0.773058895777371
-0.003543514649274841,0.07832177599114457,0.17225304849149248,0.7706878621863402
-0.003543514649274841,0.07832177599114457,0.17225304849149248,0.7706878621863402
-0.001614962458323054,0.07797473433827844,0.16977866967386648,0.7724839960337121
-0.001614962458323054,0.07797473433827844,0.16977866967386648,0.7724839960337121
-0.0013830108898332846,0.07706755345781408,0.16960050478982153,0.7746164371714186
0.0007353887733650788,0.07568909390366199,0.17026968122209615,0.7756606079920846
-0.001983400579605137,0.07676257100967279,0.16861562594665047,0.7758196512983634
-0.001983400579605137,0.07676257100967279,0.16861562594665047,0.7758196512983634
-0.0015963510321144062,0.07610001036155889,0.16617320323353252,0.7761253781922168
-0.004232267526567939,0.07584747915916333,0.16704052874023684,0.7757307631990612
-0.004232267526567939,0.07584747915916333,0.16704052874023684,0.7757307631990612
-0.004232267526567939,0.07584747915916333,0.16704052874023684,0.7757307631990612
-0.0036571613489146744,0.07640869339938812,0.1694362802907644,0.7744331081731954
-0.0036571613489146744,0.07640869339938812,0.1694362802907644,0.7744331081731954
-0.0036571613489146744,0.07640869339938812,0.1694362802907644,0.7744331081731954
-0.0002929384721054645,0.07364404666329119,0.16838295617231622,0.7770703797434356
-0.0002929384721054645,0.07364404666329119,0.16838295617231622,0.7770703797434356
-0.0002929384721054645,0.07364404666329119,0.16838295617231622,0.7770703797434356
0.001281581505219599,0.07417576250432946,0.1685217811484711,0.776235792741407
0.001281581505219599,0.07417576250432946,0.1685217811484711,0.776235792741407
0.001281581505219599,0.07417576250432946,0.1685217811484711,0.776235792741407
0.001281581505219599,0.07417576250432946,0.1685217811484711,0.776235792741407
-0.001025036327535063,0.07466355086020895,0.17110508400923,0.7766053273859151
-0.001025036327535063,0.07466355086020895,0.17110508400923,0.7766053273859151
-0.001025036327535063,0.07466355086020895,0.17110508400923,0.7766053273859151
-0.001025036327535063,0.07466355086020895,0.17110508400923,0.7766053273859151
-0.001025036327535063,0.07466355086020895,0.17110508400923,0.7766053273859151
-0.001025036327535063,0.07466355086020895,0.17110508400923,0.7766053273859151
-0.0007769021251643793,0.07354326591094079,0.17222324916595083,0.7763402135667185
-0.002460640093858459,0.0751695237485351,0.17011673164467145,0.7774702812698545
-0.002460640093858459,0.0751695237485351,0.17011673164467145,0.7774702812698545
-0.001493981907710861,0.07445441599469413,0.1700386850548383,0.7764862295157015
-0.001493981907710861,0.07445441599469413,0.1700386850548383,0.7764862295157015
-0.001493981907710861,0.07445441599469413,0.1700386850548383,0.7764862295157015
0.0009230865349313055,0.07476317375763707,0.16941358505288268,0.7756836424960546
0.0009230865349313055,0.07476317375763707,0.16941358505288268,0.7756836424960546
0.004089671005501999,0.07416857516604658,0.16635235150128286,0.7786127062326949
0.004089671005501999,0.07416857516604658,0.16635235150128286,0.7786127062326949
0.004089671005501999,0.07416857516604658,0.16635235150128286,0.7786127062326949
0.004089671005501999,0.07416857516604658,0.16635235150128286,0.7786127062326949
0.00484551683647991,0.07223205926579268,0.16288755409454267,0.7814880963203468
0.00484551683647991,0.07223205926579268,0.16288755409454267,0.7814880963203468
0.004800898464370483,0.07250087242905837,0.16594844243523332,0.7789846307252131
0.003938179851875336,0.07358902027883134,0.16369119088936263,0.78098080332254
0.003938179851875336,0.07358902027883134,0.16369119088936263,0.78098080332254
0.003938179851875336,0.07358902027883134,0.16369119088936263,0.78098080332254
0.003938179851875336,0.07358902027883134,0.16369119088936263,0.78098080332254
0.003938179851875336,0.07358902027883134,0.16369119088936263,0.78098080332254
0.003938179851875336,0.07358902027883134,0.16369119088936263,0.78098080332254
0.003938179851875336,0.07358902027883134,0.16369119088936263,0.78098080332254
0.00024885920984253195,0.07384954498488312,0.16467054222821223,0.7805290243396975
0.00024885920984253195,0.07384954498488312,0.16467054222821223,0.7805290243396975
0.00024885920984253195,0.07384954498488312,0.16467054222821223,0.7805290243396975
0.00024885920984253195,0.07384954498488312,0.16467054222821223,0.7805290243396975
3.213207581819128e-05,0.0739210933101279,0.16608577119269224,0.7801189479896568
3.213207581819128e-05,0.0739210933101279,0.16608577119269224,0.7801189479896568
3.213207581819128e-05,0.0739210933101279,0.16608577119269224,0.7801189479896568
3.213207581819128e-05,0.0739210933101279,0.16608577119269224,0.7801189479896568
3.213207581819128e-05,0.0739210933101279,0.16608577119269224,0.7801189479896568
0.0018879432939862047,0.07252993194065353,0.16422085089322863,0.7809734453187412
0.0018879432939862047,0.07252993194065353,0.16422085089322863,0.7809734453187412
0.0018879432939862047,0.07252993194065353,0.16422085089322863,0.7809734453187412
0.0018879432939862047,0.07252993194065353,0.16422085089322863,0.7809734453187412
0.0015058002572874195,0.07278554825021616,0.16138648023694865,0.7827750291574289
0.0015058002572874195,0.07278554825021616,0.16138648023694865,0.7827750291574289
0.0008656549265516235,0.06952024534934075,0.16094501268829353,0.788285869497296
-0.0017248683184389675,0.06998798924833007,0.16241305502079456,0.7866379671713564
-0.0017248683184389675,0.06998798924833007,0.16241305502079456,0.7866379671713564
-0.0017248683184389675,0.06998798924833007,0.16241305502079456,0.7866379671713564
-0.0006931552093269182,0.0703377527854588,0.1635767473007397,0.7859499519424856
-0.0012581059809895906,0.06956638277451645,0.1643290448444322,0.7858671070662667
-0.0012581059809895906,0.06956638277451645,0.1643290448444322,0.7858671070662667
-0.0012581059809895906,0.06956638277451645,0.1643290448444322,0.7858671070662667
-0.00251864398520421,0.07004513521438513,0.16357636839858186,0.7854679969034537
-0.00251864398520421,0.07004513521438513,0.16357636839858186,0.7854679969034537
-0.00251864398520421,0.07004513521438513,0.16357636839858186,0.7854679969034537
-0.0007683454493343307,0.07026819248032025,0.1639405975068505,0.7842084102356396
-0.001699352326338186,0.07230408514768644,0.16398132299139515,0.7835884245344631
-0.001699352326338186,0.07230408514768644,0.16398132299139515,0.7835884245344631
-0.001699352326338186,0.07230408514768644,0.16398132299139515,0.7835884245344631
-0.001699352326338186,0.07230408514768644,0.16398132299139515,0.7835884245344631
-0.001699352326338186,0.07230408514768644,0.16398132299139515,0.7835884245344631
-0.001699352326338186,0.07230408514768644,0.16398132299139515,0.7835884245344631
-0.0012521492302339306,0.07361866580714446,0.1615458252308034,0.7840497556587369
-0.0036458871405428707,0.07371458583424302,0.16201653260795051,0.782895861681084
-0.0036458871405428707,0.07371458583424302,0.16201653260795051,0.782895861681084
-0.002182197929070224,0.07352798538565004,0.16485146135144926,0.7819235885172937
-0.0001767998588250632,0.0709043135828417,0.16465384979325323,0.7830873003533911
-0.0001767998588250632,0.0709043135828417,0.16465384979325323,0.7830873003533911
-0.0025181059984782828,0.07210775449857981,0.16418213396578132,0.7826851628860795
-0.0025181059984782828,0.07210775449857981,0.16418213396578132,0.7826851628860795
-0.0025181059984782828,0.07210775449857981,0.16418213396578132,0.7826851628860795
-0.0042036681818690014,0.07195601107205685,0.16399245235876178,0.7829707596392229
-0.0028952637875041304,0.07059059862173828,0.16291176075277516,0.785936746381579
-0.0017195805885268662,0.07015496957521013,0.15874874750649995,0.7883769044650051
-0.0017195805885268662,0.07015496957521013,0.15874874750649995,0.7883769044650051
-0.0017195805885268662,0.07015496957521013,0.15874874750649995,0.7883769044650051
-0.0017195805885268662,0.07015496957521013,0.15874874750649995,0.7883769044650051
-0.0017195805885268662,0.07015496957521013,0.15874874750649995,0.7883769044650051
-0.000640446810591147,0.06854746491169295,0.15936600887944863,0.7904858292277716
-0.000640446810591147,0.06854746491169295,0.15936600887944863,0.7904858292277716
0.00012664041344975644,0.07032017965353121,0.15869721794024896,0.7893842807635333
0.00012664041344975644,0.07032017965353121,0.15869721794024896,0.7893842807635333
0.0009048786508575468,0.06855979728184984,0.15974165464031118,0.7894407359650308
0.0009048786508575468,0.06855979728184984,0.15974165464031118,0.7894407359650308
-0.0012287810906291509,0.06920439850764122,0.1583344008249143,0.78890300463001
-0.0007490688646376335,0.06981135245506306,0.15786235366916718,0.7900529135379291
-0.0007490688646376335,0.06981135245506306,0.15786235366916718,0.7900529135379291
-0.0007490688646376335,0.06981135245506306,0.15786235366916718,0.7900529135379291
-0.0007490688646376335,0.06981135245506306,0.15786235366916718,0.7900529135379291
-0.0007490688646376335,0.06981135245506306,0.15786235366916718,0.7900529135379291
-0.0005738762495396556,0.06950604267160959,0.15794375245245634,0.7899752609068671
0.0003900358777407494,0.07071389909558523,0.1602901780038734,0.7880995602871838
0.0003900358777407494,0.07071389909558523,0.1602901780038734,0.7880995602871838
0.0003900358777407494,0.07071389909558523,0.1602901780038734,0.7880995602871838
0.0003900358777407494,0.07071389909558523,0.1602901780038734,0.7880995602871838
0.0003900358777407494,0.07071389909558523,0.1602901780038734,0.7880995602871838
0.0003900358777407494,0.07071389909558523,0.1602901780038734,0.7880995602871838
-0.0023934384807550984,0.07025468273324742,0.16221380540925834,0.785699243163205
-0.0028739160541893707,0.07038697025949721,0.1632409628522596,0.785205415377109
-0.0028739160541893707,0.07038697025949721,0.1632409628522596,0.785205415377109
-0.0028739160541893707,0.07038697025949721,0.1632409628522596,0.785205415377109
-0.0030250150706577633,0.07029926949612328,0.16422904574349453,0.7843480441358073
-0.0016435563914269284,0.06895027992653704,0.1636891933693281,0.784735300764384
-0.0016435563914269284,0.06895027992653704,0.1636891933693281,0.784735300764384
0.0004075201010641952,0.06822154845414846,0.16295721531230004,0.7860778343168309
0.0004075201010641952,0.06822154845414846,0.16295721531230004,0.7860778343168309
-0.001208251921496023,0.06889502616271578,0.16455286765961954,0.78687365863855
-0.0011206550701988738,0.06748115067311032,0.16187555817443086,0.7874315752898668
-0.0011206550701988738,0.06748115067311032,0.16187555817443086,0.7874315752898668
-0.0011206550701988738,0.06748115067311032,0.16187555817443086,0.7874315752898668
-0.0011206550701988738,0.06748115067311032,0.16187555817443086,0.7874315752898668
-0.0008096233458558734,0.06705882566324635,0.16364263108925242,0.7878884639810869
-0.0008096233458558734,0.06705882566324635,0.16364263108925242,0.7878884639810869
-0.0008096233458558734,0.06705882566324635,0.16364263108925242,0.7878884639810869
-0.0005872097992665778,0.0675054649754284,0.1622397290119125,0.787617070138603
0.0024565952638492526,0.06853649825540939,0.16399183428538358,0.7868463290607645
0.0024565952638492526,0.06853649825540939,0.16399183428538358,0.7868463290607645
0.0009090695213153208,0.06835375741961829,0.165936543519225,0.7861368942279908
0.0009090695213153208,0.06835375741961829,0.165936543519225,0.7861368942279908
0.0009090695213153208,0.06835375741961829,0.165936543519225,0.7861368942279908
0.0009090695213153208,0.06835375741961829,0.165936543519225,0.7861368942279908
-0.0005270647234730385,0.06977166577332529,0.1635745360673957,0.7834554736528285
-0.0013496323045410368,0.07056403309304503,0.1645727938134769,0.7837211818420295
-0.0033822043919835895,0.07239986468654068,0.16199118636609042,0.7836781931981252
-0.0013944667401509865,0.07327755715279716,0.16272005704561868,0.7821776263374952
-0.0013944667401509865,0.07327755715279716,0.16272005704561868,0.7821776263374952
-0.0013944667401509865,0.07327755715279716,0.16272005704561868,0.7821776263374952
-0.0013944667401509865,0.07327755715279716,0.16272005704561868,0.7821776263374952
-0.0010699077076775974,0.07383463620678145,0.16429745490267852,0.7816315538224494
-0.0007926044201282683,0.07230797712732565,0.16372077575843602,0.7824273084846842
0.00038582360534930127,0.07237436003115885,0.1621988724736676,0.7833470579579759
0.00036695254582509625,0.07489565414456832,0.161986838008316,0.7810781447737469
0.00036695254582509625,0.07489565414456832,0.161986838008316,0.7810781447737469
0.00036695254582509625,0.07489565414456832,0.161986838008316,0.7810781447737469
0.00036695254582509625,0.07489565414456832,0.161986838008316,0.7810781447737469
0.00036695254582509625,0.07489565414456832,0.161986838008316,0.7810781447737469
0.00036695254582509625,0.07489565414456832,0.161986838008316,0.7810781447737469
0.00036695254582509625,0.07489565414456832,0.161986838008316,0.7810781447737469
0.00036695254582509625,0.07489565414456832,0.161986838008316,0.7810781447737469
0.00036695254582509625,0.07489565414456832,0.161986838008316,0.7810781447737469
0.00036695254582509625,0.07489565414456832,0.161986838008316,0.7810781447737469
0.00036695254582509625,0.07489565414456832,0.161986838008316,0.7810781447737469
0.0005758559752007631,0.07657740486628692,0.16049039031471382,0.7812509896921077
0.0005758559752007631,0.07657740486628692,0.16049039031471382,0.7812509896921077
0.0005758559752007631,0.07657740486628692,0.16049039031471382,0.7812509896921077
0.0005758559752007631,0.07657740486628692,0.16049039031471382,0.7812509896921077
-0.0011359927828358501,0.07730190523275794,0.1610899102261154,0.7805422400453992
-0.0022488416325135707,0.07686904133916277,0.16173998192113037,0.7798259373504245
-0.0022488416325135707,0.07686904133916277,0.16173998192113037,0.7798259373504245
-0.004874475895286334,0.07638264639147042,0.16213103615333646,0.7792705039380238
-0.004763198521869842,0.0751494080846466,0.16233273955430258,0.7818178551185537
-0.004763198521869842,0.0751494080846466,0.16233273955430258,0.7818178551185537
-0.004763198521869842,0.0751494080846466,0.16233273955430258,0.7818178551185537
-0.004763198521869842,0.0751494080846466,0.16233273955430258,0.7818178551185537
-0.004892894010554144,0.07466394749894233,0.16392596452685623,0.780107204123072
-0.004892894010554144,0.07466394749894233,0.16392596452685623,0.780107204123072
-0.004892894010554144,0.07466394749894233,0.16392596452685623,0.780107204123072
-0.002413727006752221,0.07521879149608318,0.16399790593653937,0.7814891985996061
-0.0019533756369250646,0.07666104154206456,0.16129149302579693,0.7797925481414699
-0.0007589000041899514,0.07443573948451174,0.1603502520704816,0.7827126851277043
2.234372582115543e-05,0.07328974609471793,0.160380920613832,0.7840323818483955
2.234372582115543e-05,0.07328974609471793,0.160380920613832,0.7840323818483955
2.234372582115543e-05,0.07328974609471793,0.160380920613832,0.7840323818483955
2.234372582115543e-05,0.07328974609471793,0.160380920613832,0.7840323818483955
2.234372582115543e-05,0.07328974609471793,0.160380920613832,0.7840323818483955
2.234372582115543e-05,0.07328974609471793,0.160380920613832,0.7840323818483955
2.234372582115543e-05,0.07328974609471793,0.160380920613832,0.7840323818483955
2.234372582115543e-05,0.07328974609471793,0.160380920613832,0.7840323818483955
-0.0011459370765648882,0.07402528448245653,0.16202181360144136,0.782580271338417
-0.0011459370765648882,0.07402528448245653,0.16202181360144136,0.782580271338417
-0.0011459370765648882,0.07402528448245653,0.16202181360144136,0.782580271338417
-0.0001801492622792774,0.07240061552653916,0.1609707026037803,0.7831114150070255
-0.0003917485351476879,0.07324784367750369,0.16037188363252128,0.7852379483098634
-0.0003917485351476879,0.07324784367750369,0.16037188363252128,0.7852379483098634
-0.0003917485351476879,0.07324784367750369,0.16037188363252128,0.7852379483098634
-0.0009325489807714458,0.07210593839781002,0.1617410168747336,0.7845764372287832
0.0019991623363937302,0.07126346459022777,0.16217778206832548,0.7853242276596502
0.0019991623363937302,0.07126346459022777,0.16217778206832548,0.7853242276596502
0.0019991623363937302,0.07126346459022777,0.16217778206832548,0.7853242276596502
0.00011369304797424263,0.07200987930319784,0.16243333366488066,0.7843163147414691
0.00011369304797424263,0.07200987930319784,0.16243333366488066,0.7843163147414691
0.00011369304797424263,0.07200987930319784,0.16243333366488066,0.7843163147414691
0.00011369304797424263,0.07200987930319784,0.16243333366488066,0.7843163147414691
0.00011369304797424263,0.07200987930319784,0.16243333366488066,0.7843163147414691
0.0009337556675831245,0.074010887907829,0.1647540653553322,0.7796396073396809
0.0009337556675831245,0.074010887907829,0.1647540653553322,0.7796396073396809
-0.0023318730781465985,0.07412516705096091,0.16448060848783855,0.7800024300695984
-0.001630900090127868,0.07465067402241404,0.16532490706197794,0.7793137761578838
-0.001630900090127868,0.07465067402241404,0.16532490706197794,0.7793137761578838
-0.001630900090127868,0.07465067402241404,0.16532490706197794,0.7793137761578838
-0.0009265523120934678,0.0726352285889378,0.1648980992179002,0.7810534831493974
-0.0009265523120934678,0.0726352285889378,0.1648980992179002,0.7810534831493974
-0.0009265523120934678,0.0726352285889378,0.1648980992179002,0.7810534831493974
-0.0009265523120934678,0.0726352285889378,0.1648980992179002,0.7810534831493974
-0.0009265523120934678,0.0726352285889378,0.1648980992179002,0.7810534831493974
-0.0005611413402837954,0.07473304774095649,0.16495165491265415,0.7807431954934819
-0.0005611413402837954,0.07473304774095649,0.16495165491265415,0.7807431954934819
-7.829848610827318e-05,0.07264649143291141,0.16634635029218728,0.7812887449523724
-0.0010857400195639607,0.07285148538120133,0.16774967524241324,0.7799358058151143
-0.0028784226341859558,0.07415706225653498,0.1663558039107294,0.7811240746465977
-0.004567142120811836,0.07458719504391842,0.16645535646403267,0.7792334384493632
-0.004567142120811836,0.07458719504391842,0.16645535646403267,0.7792334384493632
-0.004567142120811836,0.07458719504391842,0.16645535646403267,0.7792334384493632
-0.004567142120811836,0.07458719504391842,0.16645535646403267,0.7792334384493632
-0.003027379442851098,0.07548594893094365,0.16642065038142065,0.7778198914947988
-0.003027379442851098,0.07548594893094365,0.16642065038142065,0.7778198914947988
-0.0018678702370677472,0.07607231728079625,0.1672114757137823,0.7776252230062023
-0.0016513028529010984,0.07647610312922562,0.16468906505913297,0.7785266356062563
-0.0016513028529010984,0.07647610312922562,0.16468906505913297,0.7785266356062563
-0.0016513028529010984,0.07647610312922562,0.16468906505913297,0.7785266356062563
-0.0016513028529010984,0.07647610312922562,0.16468906505913297,0.7785266356062563
-0.0007146227937378044,0.07459769674278419,0.16426404588898674,0.7789271575115838
-0.000719973619754998,0.07473752651574893,0.1640405748275472,0.7794416134749992
-0.000719973619754998,0.07473752651574893,0.1640405748275472,0.7794416134749992
-0.000719973619754998,0.07473752651574893,0.1640405748275472,0.7794416134749992
0.001009178083678566,0.07434998341027493,0.16166233261678165,0.7831162848714089
0.001009178083678566,0.07434998341027493,0.16166233261678165,0.7831162848714089
0.001009178083678566,0.07434998341027493,0.16166233261678165,0.7831162848714089
0.001009178083678566,0.07434998341027493,0.16166233261678165,0.7831162848714089
0.001009178083678566,0.07434998341027493,0.16166233261678165,0.7831162848714089
0.001009178083678566,0.07434998341027493,0.16166233261678165,0.7831162848714089
0.001009178083678566,0.07434998341027493,0.16166233261678165,0.7831162848714089
0.002267632276048783,0.07344064918124017,0.16094135019562175,0.7840397602220361
0.0024727336946183884,0.07201067056846337,0.16200182947955852,0.7836360620345952
0.002418041093504214,0.07250227614815488,0.1645078071018597,0.7824903001482364
0.002418041093504214,0.07250227614815488,0.1645078071018597,0.7824903001482364
0.002418041093504214,0.07250227614815488,0.1645078071018597,0.7824903001482364
0.0010440291517315307,0.07208998435542557,0.16443537437054245,0.7823301073620501
0.0021100379727181104,0.07377036227287762,0.16148446104790978,0.7830690405646978
0.0021100379727181104,0.07377036227287762,0.16148446104790978,0.7830690405646978
0.0021100379727181104,0.07377036227287762,0.16148446104790978,0.7830690405646978
0.0021100379727181104,0.07377036227287762,0.16148446104790978,0.7830690405646978
0.0021100379727181104,0.07377036227287762,0.16148446104790978,0.7830690405646978
0.0021100379727181104,0.07377036227287762,0.16148446104790978,0.7830690405646978
0.0021100379727181104,0.07377036227287762,0.16148446104790978,0.7830690405646978
0.0021100379727181104,0.07377036227287762,0.16148446104790978,0.7830690405646978
0.0025800818314672363,0.07528093879474745,0.16294784597813705,0.7820139460138008
0.0025800818314672363,0.07528093879474745,0.16294784597813705,0.7820139460138008
0.0025800818314672363,0.07528093879474745,0.16294784597813705,0.7820139460138008
0.0025800818314672363,0.07528093879474745,0.16294784597813705,0.7820139460138008
0.0028177273497162108,0.07440208136622908,0.16496365929207377,0.7788667498144735
0.004059694696702443,0.07399413860592652,0.16349393458263,0.7810962814376629
0.003020469742115964,0.07490554486800062,0.161089356364124,0.782652555348995
0.003020469742115964,0.07490554486800062,0.161089356364124,0.782652555348995
0.003020469742115964,0.07490554486800062,0.161089356364124,0.782652555348995
0.003020469742115964,0.07490554486800062,0.161089356364124,0.782652555348995
0.003020469742115964,0.07490554486800062,0.161089356364124,0.782652555348995
0.003020469742115964,0.07490554486800062,0.161089356364124,0.782652555348995
0.003020469742115964,0.07490554486800062,0.161089356364124,0.782652555348995
0.003020469742115964,0.07490554486800062,0.161089356364124,0.782652555348995
0.003020469742115964,0.07490554486800062,0.161089356364124,0.782652555348995
0.003020469742115964,0.07490554486800062,0.161089356364124,0.782652555348995
0.003020469742115964,0.07490554486800062,0.161089356364124,0.782652555348995
0.001182665133880997,0.0738930858284743,0.1623359436849595,0.7815917191595297
0.001182665133880997,0.0738930858284743,0.1623359436849595,0.7815917191595297
-0.0003830813673302083,0.0724358341250439,0.16237235669365405,0.783506320775373
-0.0003830813673302083,0.0724358341250439,0.16237235669365405,0.783506320775373
0.0007926586456238867,0.07407668231768731,0.16199541642877302,0.7827936837165087
-0.0014328181412074158,0.07560404126028354,0.1627539851312546,0.7819628760621656
-0.0009575207316924066,0.0730111422730139,0.1621581436629981,0.7834105383974319
-0.00035251137705202156,0.07495393072522356,0.16384565461913178,0.7804726170681866
-0.0015255203581956704,0.07587525228476767,0.16563290774180087,0.7785127400436522
-0.00043113316098581734,0.07497756055613206,0.16622107145038334,0.7772831213954577
-0.00043113316098581734,0.07497756055613206,0.16622107145038334,0.7772831213954577
-0.0012641629133006422,0.076108592578693,0.16634746497487943,0.7774335906154022
-0.0012641629133006422,0.076108592578693,0.16634746497487943,0.7774335906154022
-0.0012641629133006422,0.076108592578693,0.16634746497487943,0.7774335906154022
0.0006367658286105236,0.07599798467309837,0.16614050799012603,0.777662877978908
0.000457160907540995,0.07635140924789374,0.16727057012817645,0.7764335099493721
-0.00028533316093050723,0.0777017156429701,0.1677248110824677,0.7751417560775101
-0.00028533316093050723,0.0777017156429701,0.1677248110824677,0.7751417560775101
-0.0014331803397798042,0.07955825558745223,0.16592649053161357,0.7744343115089098
-0.0014331803397798042,0.07955825558745223,0.16592649053161357,0.7744343115089098
-0.0014331803397798042,0.07955825558745223,0.16592649053161357,0.7744343115089098
-0.0014331803397798042,0.07955825558745223,0.16592649053161357,0.7744343115089098
0.001334423323706797,0.07779627567459273,0.164164836322296,0.778578103708922
0.0017843153968519518,0.07679810589980489,0.1652011620661447,0.7785244553920138
0.0017843153968519518,0.07679810589980489,0.1652011620661447,0.7785244553920138
0.0017843153968519518,0.07679810589980489,0.1652011620661447,0.7785244553920138
0.0018710936485704843,0.0756659496726353,0.16318962862659725,0.7800645993803554
0.0014279761822450253,0.07454536395166117,0.16248256989265064,0.7817145164265784
0.0014279761822450253,0.07454536395166117,0.16248256989265064,0.7817145164265784
0.0015021569801535939,0.07449419034493604,0.1608087320096126,0.7824355847024735
0.0031312006918309304,0.07331773678337503,0.16024424238937646,0.7849243966774296
0.004003101157035052,0.07442806470727256,0.15980401235092884,0.7843088137209596
0.004003101157035052,0.07442806470727256,0.15980401235092884,0.7843088137209596
0.0017295734198399895,0.07407272924379325,0.160859610351817,0.782875209708247
0.0017295734198399895,0.07407272924379325,0.160859610351817,0.782875209708247
0.0017295734198399895,0.07407272924379325,0.160859610351817,0.782875209708247
0.0017295734198399895,0.07407272924379325,0.160859610351817,0.782875209708247
0.0017295734198399895,0.07407272924379325,0.160859610351817,0.782875209708247
0.004523133143117012,0.07319871165382255,0.15976724493466027,0.786191594039531
0.004729077366662308,0.07350779699748027,0.15893370986452474,0.7849791952659081
0.004729077366662308,0.07350779699748027,0.15893370986452474,0.7849791952659081
0.004518574545688512,0.07453492334629756,0.1598950600369781,0.7844577226612961
0.004183904644695574,0.07339044300617707,0.1590118229641365,0.7856505579587216
0.004183904644695574,0.07339044300617707,0.1590118229641365,0.7856505579587216
0.004183904644695574,0.07339044300617707,0.1590118229641365,0.7856505579587216
0.004183904644695574,0.07339044300617707,0.1590118229641365,0.7856505579587216
0.004183904644695574,0.07339044300617707,0.1590118229641365,0.7856505579587216
0.004183904644695574,0.07339044300617707,0.1590118229641365,0.7856505579587216
0.0007201160467172007,0.07389267179771992,0.1617550009647709,0.7846641385942967
0.0009397564806134843,0.07644684169669809,0.1613029325812095,0.782159112240606
-0.0013227946702129597,0.07463611376776845,0.1610007965055645,0.7836682829261487
-0.0018243235718478298,0.07513726046157258,0.16065026339598248,0.7826598701690836
-0.000928234012011052,0.07458429457916399,0.16149383799674905,0.7821802134713328
-0.0022140602568051356,0.07415620705151836,0.16397639603626124,0.7815751638379063
-0.0022140602568051356,0.07415620705151836,0.16397639603626124,0.7815751638379063
-0.0022140602568051356,0.07415620705151836,0.16397639603626124,0.7815751638379063
-0.0022140602568051356,0.07415620705151836,0.16397639603626124,0.7815751638379063
-0.0006965264719120262,0.07456988894144886,0.1636075826658769,0.7815460260315066
-0.0006965264719120262,0.07456988894144886,0.1636075826658769,0.7815460260315066
0.0003083155153454163,0.0753675250330313,0.16378840379709594,0.7801996393627808
0.0003083155153454163,0.0753675250330313,0.16378840379709594,0.7801996393627808
-7.491711635903794e-05,0.07674771343292766,0.1639979481099795,0.7789765949309618
-0.0020837613468128085,0.07594961459209484,0.1636810485753722,0.7805604826739865
-0.0020837613468128085,0.07594961459209484,0.1636810485753722,0.7805604826739865
-0.003381786647656997,0.07598703389805711,0.1643114961217072,0.7799223711553197
-0.003434399196464065,0.07418080310702867,0.16531989341486958,0.7798687019505306
-0.003434399196464065,0.07418080310702867,0.16531989341486958,0.7798687019505306
-0.003434399196464065,0.07418080310702867,0.16531989341486958,0.7798687019505306
-0.003434399196464065,0.07418080310702867,0.16531989341486958,0.7798687019505306
-0.0019521583378876361,0.07427083007768384,0.16439554649195157,0.7813748764558127
-0.0017463328884060392,0.07429041138133355,0.1643618723285237,0.7813947909777287
-0.0017302619041951336,0.07351080167631112,0.16537867077338372,0.7800732240746039
-0.0017302619041951336,0.07351080167631112,0.16537867077338372,0.7800732240746039
-0.0017302619041951336,0.07351080167631112,0.16537867077338372,0.7800732240746039
-0.0002441492829769645,0.07229129301151105,0.1646417949911632,0.7829063301510377
-0.0002441492829769645,0.07229129301151105,0.1646417949911632,0.7829063301510377
-0.0002441492829769645,0.07229129301151105,0.1646417949911632,0.7829063301510377
-0.0002441492829769645,0.07229129301151105,0.1646417949911632,0.7829063301510377
-0.00098648701864838,0.07010230275163896,0.16269343896502303,0.7860993782558187
-0.00098648701864838,0.07010230275163896,0.16269343896502303,0.7860993782558187
0.0002382904749040351,0.07078304441435998,0.1619515055754265,0.7852734302630551
0.0002382904749040351,0.07078304441435998,0.1619515055754265,0.7852734302630551
0.0002382904749040351,0.07078304441435998,0.1619515055754265,0.7852734302630551
0.0002382904749040351,0.07078304441435998,0.1619515055754265,0.7852734302630551
0.0002382904749040351,0.07078304441435998,0.1619515055754265,0.7852734302630551
-0.0003227113808347339,0.07158641858716266,0.16254127977294455,0.7844193777515542
-0.0003227113808347339,0.07158641858716266,0.16254127977294455,0.7844193777515542
0.0017900111845787175,0.07151026943028861,0.16079882286532662,0.7849452763189692
0.000648731243720168,0.07181332457408182,0.16202759765386707,0.783380686682749
0.000478375259729428,0.07185249215417482,0.16017528921623697,0.7857616228040387
-9.722381567244838e-05,0.07059882827619565,0.15744995058801559,0.7883022674017831
-9.722381567244838e-05,0.07059882827619565,0.15744995058801559,0.7883022674017831
-9.722381567244838e-05,0.07059882827619565,0.15744995058801559,0.7883022674017831
-9.722381567244838e-05,0.07059882827619565,0.15744995058801559,0.7883022674017831
-9.722381567244838e-05,0.07059882827619565,0.15744995058801559,0.7883022674017831
-9.722381567244838e-05,0.07059882827619565,0.15744995058801559,0.7883022674017831
-0.00038219336279727407,0.07184564047650026,0.15604095542741278,0.7879133857271196
0.0021590320180793123,0.07177200980738731,0.15585582161854758,0.7892700049648514
0.002157437582267127,0.07199278819126818,0.15579174598425527,0.7901314738242117
0.002157437582267127,0.07199278819126818,0.15579174598425527,0.7901314738242117
0.002157437582267127,0.07199278819126818,0.15579174598425527,0.7901314738242117
0.002157437582267127,0.07199278819126818,0.15579174598425527,0.7901314738242117
0.002157437582267127,0.07199278819126818,0.15579174598425527,0.7901314738242117
0.0019146893858587605,0.07154773832612904,0.15663330342653414,0.7894636527264844
0.0019146893858587605,0.07154773832612904,0.15663330342653414,0.7894636527264844
0.0019146893858587605,0.07154773832612904,0.15663330342653414,0.7894636527264844
0.0019146893858587605,0.07154773832612904,0.15663330342653414,0.7894636527264844
0.0019146893858587605,0.07154773832612904,0.15663330342653414,0.7894636527264844
0.0019146893858587605,0.07154773832612904,0.15663330342653414,0.7894636527264844
0.0019146893858587605,0.07154773832612904,0.15663330342653414,0.7894636527264844
0.0014545968059189271,0.07310224244016435,0.16013460665570187,0.784861125485749
0.0014545968059189271,0.07310224244016435,0.16013460665570187,0.784861125485749
0.0014545968059189271,0.07310224244016435,0.16013460665570187,0.784861125485749
0.0014545968059189271,0.07310224244016435,0.16013460665570187,0.784861125485749
0.0009782371508128822,0.07307738815708632,0.15878334898092142,0.787758786769704
0.0004771930409505833,0.07361889796237493,0.15923727857789305,0.7874595021533352
-0.0006146496927093969,0.07386306192747522,0.15914210873775045,0.7843036498435164
-0.0006146496927093969,0.07386306192747522,0.15914210873775045,0.7843036498435164
-0.0020357876803419883,0.07507561050901566,0.15833190306896058,0.7851983311829491
-0.00041593030787089925,0.07337295539585643,0.16010020856301843,0.7844677471957472
0.00016810582318070686,0.07178310396619518,0.15635982198557033,0.7885011308312784
0.0006959602878931669,0.07270170565005354,0.15706893293240842,0.787154980105902
0.0006959602878931669,0.07270170565005354,0.15706893293240842,0.787154980105902
0.0006959602878931669,0.07270170565005354,0.15706893293240842,0.787154980105902
0.0006959602878931669,0.07270170565005354,0.15706893293240842,0.787154980105902
0.0006959602878931669,0.07270170565005354,0.15706893293240842,0.787154980105902
0.002167456254320718,0.07263336673864838,0.15640329347078125,0.7889890657115105
0.0024217592114394028,0.0711988934024042,0.1557390224744682,0.7896439652227119
0.0024217592114394028,0.0711988934024042,0.1557390224744682,0.7896439652227119
-0.0005153790720065711,0.07362008513507724,0.15845900692182718,0.7852406562245683
-0.001400094182272982,0.07333650079141235,0.15800586372563927,0.786249616181376
-0.001400094182272982,0.07333650079141235,0.15800586372563927,0.786249616181376
-0.001400094182272982,0.07333650079141235,0.15800586372563927,0.786249616181376
-0.001400094182272982,0.07333650079141235,0.15800586372563927,0.786249616181376
-0.0016843711277227495,0.0753565226239471,0.16020917804610577,0.7834229462676328
-0.0016843711277227495,0.0753565226239471,0.16020917804610577,0.7834229462676328
-0.0019679129949593515,0.07619345718230011,0.16033045279287597,0.7822006441597499
-0.004117872930010162,0.07580911057451648,0.16202726626569014,0.7805896229670993
-0.004117872930010162,0.07580911057451648,0.16202726626569014,0.7805896229670993
-0.004777610751310004,0.07610598129829711,0.161284332669456,0.7805353263145293
-0.005225580099339813,0.07692033745760095,0.1616103622032092,0.7803287072477249
-0.005225580099339813,0.07692033745760095,0.1616103622032092,0.7803287072477249
-0.005225580099339813,0.07692033745760095,0.1616103622032092,0.7803287072477249
-0.003403375700755499,0.07746919602334211,0.16163817491663587,0.7796091805586194
-0.0028690609070954557,0.07759332140360646,0.1604357551646217,0.7795713114302901
-0.00323828162370042,0.0770972638808676,0.159104513359654,0.7812465373269639
-0.00323828162370042,0.0770972638808676,0.159104513359654,0.7812465373269639
-0.00323828162370042,0.0770972638808676,0.159104513359654,0.7812465373269639
-0.00323828162370042,0.0770972638808676,0.159104513359654,0.7812465373269639
-0.00323828162370042,0.0770972638808676,0.159104513359654,0.7812465373269639
-0.0022223041561316996,0.07827436948944298,0.1612746119445231,0.7785735817942702
-0.0022223041561316996,0.07827436948944298,0.1612746119445231,0.7785735817942702
-0.00017186185267344068,0.07752516986258826,0.16383463453500935,0.7783719586735572
5.104773406576347e-05,0.07839872511085993,0.1649858034661062,0.7768049179833836
5.104773406576347e-05,0.07839872511085993,0.1649858034661062,0.7768049179833836
5.104773406576347e-05,0.07839872511085993,0.1649858034661062,0.7768049179833836
-0.00025843744849565883,0.07879906886687116,0.16428153243577895,0.7771964739338942
-0.00025843744849565883,0.07879906886687116,0.16428153243577895,0.7771964739338942
-0.00025843744849565883,0.07879906886687116,0.16428153243577895,0.7771964739338942
-0.00025843744849565883,0.07879906886687116,0.16428153243577895,0.7771964739338942
-0.00025843744849565883,0.07879906886687116,0.16428153243577895,0.7771964739338942
0.0004572348597520812,0.07848101121890043,0.16289812957259428,0.7778294637103021
0.0004572348597520812,0.07848101121890043,0.16289812957259428,0.7778294637103021
-0.00030595486187714397,0.07813594527500053,0.1657346292832202,0.7769726442991521
-0.0007443457173358167,0.07824005405840875,0.163572314227843,0.7769911881152642
-0.0007443457173358167,0.07824005405840875,0.163572314227843,0.7769911881152642
-0.0007443457173358167,0.07824005405840875,0.163572314227843,0.7769911881152642
-0.0007443457173358167,0.07824005405840875,0.163572314227843,0.7769911881152642
-0.0007443457173358167,0.07824005405840875,0.163572314227843,0.7769911881152642
0.0015469859330108351,0.07733248835224522,0.1622166891407812,0.7796381864102775
0.0003385417371366561,0.07596066750801136,0.16354555363185555,0.778286638795933
0.0003385417371366561,0.07596066750801136,0.16354555363185555,0.778286638795933
0.0001857524180091702,0.07694506511229769,0.16466467197805354,0.7785834098424895
0.0001857524180091702,0.07694506511229769,0.16466467197805354,0.7785834098424895
0.003502974298915208,0.07713790424480385,0.1658512115476839,0.7780757956589952
0.003502974298915208,0.07713790424480385,0.1658512115476839,0.7780757956589952
0.004453260861169098,0.07483822712223084,0.16482955892535206,0.7797859961272683
0.004453260861169098,0.07483822712223084,0.16482955892535206,0.7797859961272683
0.004453260861169098,0.07483822712223084,0.16482955892535206,0.7797859961272683
0.004453260861169098,0.07483822712223084,0.16482955892535206,0.7797859961272683
0.004453260861169098,0.07483822712223084,0.16482955892535206,0.7797859961272683
0.004453260861169098,0.07483822712223084,0.16482955892535206,0.7797859961272683
0.002065887426779752,0.07401554646437955,0.16590576950220676,0.7785954805638681
0.00011080202259192628,0.07467669154136883,0.16689572637939146,0.7770733461791794
0.00011080202259192628,0.07467669154136883,0.16689572637939146,0.7770733461791794
0.00011080202259192628,0.07467669154136883,0.16689572637939146,0.7770733461791794
0.00011080202259192628,0.07467669154136883,0.16689572637939146,0.7770733461791794
-0.0014915406217513487,0.07332157282597931,0.16629901601527547,0.7789848705204822
-0.0014915406217513487,0.07332157282597931,0.16629901601527547,0.7789848705204822
-0.0014915406217513487,0.07332157282597931,0.16629901601527547,0.7789848705204822
-0.004312308431281545,0.07450409833413524,0.16521625455403435,0.7803792968453436
-0.004312308431281545,0.07450409833413524,0.16521625455403435,0.7803792968453436
-0.004312308431281545,0.07450409833413524,0.16521625455403435,0.7803792968453436
-0.005147133135464974,0.07453801961910812,0.16547798326495192,0.779787623444206
-0.005147133135464974,0.07453801961910812,0.16547798326495192,0.779787623444206
-0.005489273356128735,0.07468730567659032,0.16567438279923585,0.7804887384004442
-0.006246576416957717,0.07469551620029914,0.1633282036402615,0.781561715534401
-0.006246576416957717,0.07469551620029914,0.1633282036402615,0.781561715534401
-0.007577503959663126,0.07361774099502137,0.15894115280579837,0.785718266365912
-0.007577503959663126,0.07361774099502137,0.15894115280579837,0.785718266365912
-0.0032791414341569,0.07195799856718055,0.15529645016829774,0.7890132062451914
-0.0032791414341569,0.07195799856718055,0.15529645016829774,0.7890132062451914
-0.0032791414341569,0.07195799856718055,0.15529645016829774,0.7890132062451914
-0.0032791414341569,0.07195799856718055,0.15529645016829774,0.7890132062451914
-0.0032791414341569,0.07195799856718055,0.15529645016829774,0.7890132062451914
-0.0030879219896604443,0.0732652560132454,0.15537874811380592,0.7880119272498269
-0.0030879219896604443,0.0732652560132454,0.15537874811380592,0.7880119272498269
-0.0019548636873434203,0.07306927432820749,0.15458779087726732,0.7893508710948027
-0.0020636499670509344,0.07497695698817065,0.15611860454659154,0.7872047561870046
-0.0020636499670509344,0.07497695698817065,0.15611860454659154,0.7872047561870046
-0.0020636499670509344,0.07497695698817065,0.15611860454659154,0.7872047561870046
-0.0020636499670509344,0.07497695698817065,0.15611860454659154,0.7872047561870046
0.0004848265140857751,0.07459126483840715,0.15558169196678404,0.7872423761534211
-0.0008342605220939112,0.07306377884052662,0.15740742769548952,0.7889985164821114
-0.0008342605220939112,0.07306377884052662,0.15740742769548952,0.7889985164821114
0.0006133007917386642,0.07315360689009678,0.1576141086944216,0.7886614923819001
0.002520964665021887,0.07298766646991824,0.15515635925457982,0.7890798863186043
0.002520964665021887,0.07298766646991824,0.15515635925457982,0.7890798863186043
0.002520964665021887,0.07298766646991824,0.15515635925457982,0.7890798863186043
0.001775429655509457,0.07413025424726706,0.15876900422982893,0.7858310648997916
0.001775429655509457,0.07413025424726706,0.15876900422982893,0.7858310648997916
0.001775429655509457,0.07413025424726706,0.15876900422982893,0.7858310648997916
0.001775429655509457,0.07413025424726706,0.15876900422982893,0.7858310648997916
0.0031143178486805027,0.07483703514474346,0.15776754021172504,0.7865039122873612
0.0031143178486805027,0.07483703514474346,0.15776754021172504,0.7865039122873612
0.0031143178486805027,0.07483703514474346,0.15776754021172504,0.7865039122873612
0.0031011607283867016,0.07407187806737309,0.158629097162459,0.7869548591195925
0.003122627044270898,0.07081623048509705,0.15884734960692048,0.7883246240947187
0.0016653629782417039,0.07147330257035014,0.1605036176352357,0.7865671660606935
0.0006196276372883132,0.07096807243455613,0.16245035821056153,0.7860163349444131
0.0006196276372883132,0.07096807243455613,0.16245035821056153,0.7860163349444131
0.0006196276372883132,0.07096807243455613,0.16245035821056153,0.7860163349444131
-0.001331719536286089,0.07150562335667447,0.16358357195287132,0.783533437871691
-0.001331719536286089,0.07150562335667447,0.16358357195287132,0.783533437871691
-0.001331719536286089,0.07150562335667447,0.16358357195287132,0.783533437871691
-0.001331719536286089,0.07150562335667447,0.16358357195287132,0.783533437871691
-0.0014261399408317728,0.07195654411579337,0.1621795112721539,0.7837035020845317
1.3703906786963118e-05,0.07265780647304085,0.16276184403795693,0.7829693793263902
-0.0005964490547472837,0.07419406974018951,0.16311059650534498,0.7814099079803656
-0.0005964490547472837,0.07419406974018951,0.16311059650534498,0.7814099079803656
-0.0005964490547472837,0.07419406974018951,0.16311059650534498,0.7814099079803656
-0.0005964490547472837,0.07419406974018951,0.16311059650534498,0.7814099079803656
-0.0005964490547472837,0.07419406974018951,0.16311059650534498,0.7814099079803656
-0.0005964490547472837,0.07419406974018951,0.16311059650534498,0.7814099079803656
-9.861866377464644e-05,0.07331478661189536,0.16215132046617503,0.782418671408757
0.001079367985787446,0.07508905626365812,0.1651048981346114,0.7802583333613412
0.0030111719966767225,0.0753512454883545,0.16873778403580122,0.7770196295269284
0.0030111719966767225,0.0753512454883545,0.16873778403580122,0.7770196295269284
0.0019961478197385333,0.07432843155299912,0.16698323295723028,0.7789908260925218
7.333982748918499e-05,0.07510616204356564,0.16499904575832353,0.7795384564900788
7.333982748918499e-05,0.07510616204356564,0.16499904575832353,0.7795384564900788
0.0015949812835657278,0.07600658544469946,0.16460123979832414,0.7782575978078552
0.0015949812835657278,0.07600658544469946,0.16460123979832414,0.7782575978078552
0.001970483332411226,0.07413350175382281,0.16524390585853269,0.7798910971726062
0.001970483332411226,0.07413350175382281,0.16524390585853269,0.7798910971726062
0.0025355377534866186,0.07309539649877994,0.16330526150342922,0.7840462236204826
0.002164082643428829,0.07270156607156732,0.16422950780134785,0.7830111765599342
0.002164082643428829,0.07270156607156732,0.16422950780134785,0.7830111765599342
0.001512147468311284,0.07415067040385259,0.1650132861340131,0.7811958509926
0.001512147468311284,0.07415067040385259,0.1650132861340131,0.7811958509926
0.0014006444769233536,0.07358083378756594,0.16648742620056745,0.7803193368924466
0.0014006444769233536,0.07358083378756594,0.16648742620056745,0.7803193368924466
-0.0007421296745396301,0.07415806481781609,0.1668213917310774,0.7797834113148776
-0.0006715720743160916,0.07520393413515689,0.16507706642034395,0.7797250726407297
-0.0005832054462348586,0.07501485808104504,0.16763184877141504,0.7778460980333591
-0.00036926499673851,0.07389904333002809,0.1651974122633163,0.7815799940466129
0.0004274500335206561,0.0740768195463179,0.1635097924803192,0.7824220757124218
0.0004274500335206561,0.0740768195463179,0.1635097924803192,0.7824220757124218
0.0027205273763081495,0.07338532091586644,0.16264222166399328,0.7826855879938387
0.0027674621800227333,0.07220815468253433,0.16067732747453062,0.7856143444337595
0.003415179326600438,0.07185572324803305,0.16267708089219654,0.7845056102450632
0.0008225016101321859,0.0720231762408652,0.16256453419914854,0.784120492637338
-0.0006524354685904395,0.07112047049150992,0.16292467507536018,0.7834217268563994
-0.0011696117304626744,0.07260818488152719,0.16251931688295937,0.7827509363739138
-0.0011696117304626744,0.07260818488152719,0.16251931688295937,0.7827509363739138
-0.0011696117304626744,0.07260818488152719,0.16251931688295937,0.7827509363739138
5.157752238613405e-06,0.07129847046084092,0.16264117226857247,0.7841970010131316
5.157752238613405e-06,0.07129847046084092,0.16264117226857247,0.7841970010131316
5.157752238613405e-06,0.07129847046084092,0.16264117226857247,0.7841970010131316
5.157752238613405e-06,0.07129847046084092,0.16264117226857247,0.7841970010131316
5.157752238613405e-06,0.07129847046084092,0.16264117226857247,0.7841970010131316
-0.0025099505978184006,0.07087112267467745,0.1609845920120516,0.7855309578314503
-0.0023583854408111096,0.07234878995607794,0.16108301234946154,0.7843719419964671
-0.0023583854408111096,0.07234878995607794,0.16108301234946154,0.7843719419964671
-0.0023583854408111096,0.07234878995607794,0.16108301234946154,0.7843719419964671
-0.0023583854408111096,0.07234878995607794,0.16108301234946154,0.7843719419964671
-0.0034072098756005344,0.07320197397586749,0.1610798443006967,0.7830332831964911
-0.0038021211081495365,0.07587670864343264,0.16209786284421204,0.7812762202745817
-0.0032005320158880286,0.07476400067614883,0.16019155146478772,0.7839259822938932
-0.0012072410510656027,0.07332092756382103,0.16046041848807746,0.7841160740218729
-0.0012072410510656027,0.07332092756382103,0.16046041848807746,0.7841160740218729
-0.0017189486835658663,0.07029677603241759,0.16026865086116762,0.7859757236474856
-0.0017189486835658663,0.07029677603241759,0.16026865086116762,0.7859757236474856
-0.002458852840184716,0.07122598769833875,0.15975464553882246,0.7851515873587993
-0.0011331130336347368,0.07318675599507289,0.1579911384925935,0.7857981236251528
-0.0011331130336347368,0.07318675599507289,0.1579911384925935,0.7857981236251528
-0.0011331130336347368,0.07318675599507289,0.1579911384925935,0.7857981236251528
-0.0011331130336347368,0.07318675599507289,0.1579911384925935,0.7857981236251528
-0.0011331130336347368,0.07318675599507289,0.1579911384925935,0.7857981236251528
-0.0004687418867222582,0.07499044484689296,0.1606074589471008,0.7830217275949645
-4.511158504065521e-05,0.0741890768305927,0.16114474851406496,0.7837532849224581
-0.0029959074697676865,0.07546901958665048,0.1623737724903229,0.7821704072291191
-0.0029959074697676865,0.07546901958665048,0.1623737724903229,0.7821704072291191
0.0004565356934887622,0.07528262075729893,0.16199325631554992,0.7810675113361407
0.0007682087133183502,0.07539128628930432,0.16363917460393668,0.7808867335879817
0.00046368283260184775,0.07569517343389297,0.1608067129279306,0.7826192443517006
0.0018748494152452091,0.07544245739239304,0.16160775057079363,0.7821931573559684
0.0018748494152452091,0.07544245739239304,0.16160775057079363,0.7821931573559684
0.0018748494152452091,0.07544245739239304,0.16160775057079363,0.7821931573559684
0.0018748494152452091,0.07544245739239304,0.16160775057079363,0.7821931573559684
0.0018748494152452091,0.07544245739239304,0.16160775057079363,0.7821931573559684
0.0019523617944982882,0.07308750836284336,0.1595152026650072,0.7853123386937284
0.0019523617944982882,0.07308750836284336,0.1595152026650072,0.7853123386937284
-0.00045244474866162096,0.07476234154557784,0.1601123850049715,0.7823892948720335
-0.002009267055244019,0.07602305469628295,0.16236324060220306,0.7794454842882905
-0.0013017741183833482,0.0748568268869154,0.16333692083323995,0.7804339174445288
-0.0029853540708490605,0.07640334700540433,0.1640785441727839,0.7784529800540639
-0.0029853540708490605,0.07640334700540433,0.1640785441727839,0.7784529800540639
-0.0029853540708490605,0.07640334700540433,0.1640785441727839,0.7784529800540639
-0.0029853540708490605,0.07640334700540433,0.1640785441727839,0.7784529800540639
-0.0029853540708490605,0.07640334700540433,0.1640785441727839,0.7784529800540639
-0.0029853540708490605,0.07640334700540433,0.1640785441727839,0.7784529800540639
-0.0029853540708490605,0.07640334700540433,0.1640785441727839,0.7784529800540639
-0.0029853540708490605,0.07640334700540433,0.1640785441727839,0.7784529800540639
-0.0031050681202888144,0.07715506010396687,0.1634675328638082,0.7776872563322091
-0.001762673232317654,0.07727656126094055,0.16342741116311557,0.7766025278725469
-0.0022081364801523635,0.07897696308581764,0.16234649576679785,0.7768424114478407
-0.0022081364801523635,0.07897696308581764,0.16234649576679785,0.7768424114478407
-0.0022081364801523635,0.07897696308581764,0.16234649576679785,0.7768424114478407
-0.003248534676647788,0.07648743950852169,0.16559750790072347,0.7775145427307679
-0.003248534676647788,0.07648743950852169,0.16559750790072347,0.7775145427307679
-0.003248534676647788,0.07648743950852169,0.16559750790072347,0.7775145427307679
-0.003248534676647788,0.07648743950852169,0.16559750790072347,0.7775145427307679
-0.003248534676647788,0.07648743950852169,0.16559750790072347,0.7775145427307679
-0.003248534676647788,0.07648743950852169,0.16559750790072347,0.7775145427307679
-0.003248534676647788,0.07648743950852169,0.16559750790072347,0.7775145427307679
-0.0040275933311023195,0.0760575476698788,0.1649304775781738,0.7782762256821727
-0.0040275933311023195,0.0760575476698788,0.1649304775781738,0.7782762256821727
-0.0040275933311023195,0.0760575476698788,0.1649304775781738,0.7782762256821727
-0.0040275933311023195,0.0760575476698788,0.1649304775781738,0.7782762256821727
-0.0040275933311023195,0.0760575476698788,0.1649304775781738,0.7782762256821727
-0.0040275933311023195,0.0760575476698788,0.1649304775781738,0.7782762256821727
-0.0040275933311023195,0.0760575476698788,0.1649304775781738,0.7782762256821727
-0.0023737353348419763,0.07696701269933365,0.16382352733463068,0.7783743779786564
-0.0023737353348419763,0.07696701269933365,0.16382352733463068,0.7783743779786564
-0.0023737353348419763,0.07696701269933365,0.16382352733463068,0.7783743779786564
-0.0027766359508107847,0.07701918472775438,0.1669982137755995,0.777433014076268
-0.0027766359508107847,0.07701918472775438,0.1669982137755995,0.777433014076268
-0.0027766359508107847,0.07701918472775438,0.1669982137755995,0.777433014076268
-0.0026940114834969296,0.0777428072767741,0.16743857596095083,0.7757322953610496
-0.0026940114834969296,0.0777428072767741,0.16743857596095083,0.7757322953610496
-0.0005556891962722314,0.0774884258298659,0.16674898415139422,0.7774852372858108
-0.0005556891962722314,0.0774884258298659,0.16674898415139422,0.7774852372858108
-0.0005556891962722314,0.0774884258298659,0.16674898415139422,0.7774852372858108
-0.0005556891962722314,0.0774884258298659,0.16674898415139422,0.7774852372858108
0.00192061468210513,0.07516494258526271,0.16388793342251573,0.7796737888675325
0.00192061468210513,0.07516494258526271,0.16388793342251573,0.7796737888675325
0.00192061468210513,0.07516494258526271,0.16388793342251573,0.7796737888675325
0.00192061468210513,0.07516494258526271,0.16388793342251573,0.7796737888675325
0.00192061468210513,0.07516494258526271,0.16388793342251573,0.7796737888675325
0.0022628161931685965,0.07242275090353947,0.16463766545401645,0.78231663336594
0.0010436371653911357,0.07152527546708017,0.16111959879094065,0.7862858775050494
-0.002392119780148275,0.07307069838717029,0.16245840580962306,0.7836049927330664
-0.002392119780148275,0.07307069838717029,0.16245840580962306,0.7836049927330664
-0.0016602377227912383,0.07325715724534197,0.16172342439715934,0.7845364223452241
-0.0016602377227912383,0.07325715724534197,0.16172342439715934,0.7845364223452241
3.882961347590765e-05,0.07317320319401394,0.16223170208696533,0.7827482616499172
-0.0015215937451022463,0.07321272076558002,0.16104039296771636,0.7831486093142784
-0.0018885280807364145,0.07395369003721072,0.15868383202591435,0.7842307931882444
-0.0018885280807364145,0.07395369003721072,0.15868383202591435,0.7842307931882444
-0.0018885280807364145,0.07395369003721072,0.15868383202591435,0.7842307931882444
-0.0018885280807364145,0.07395369003721072,0.15868383202591435,0.7842307931882444
-0.0018885280807364145,0.07395369003721072,0.15868383202591435,0.7842307931882444
-0.0018885280807364145,0.07395369003721072,0.15868383202591435,0.7842307931882444
-0.0018885280807364145,0.07395369003721072,0.15868383202591435,0.7842307931882444
-0.0018885280807364145,0.07395369003721072,0.15868383202591435,0.7842307931882444
-0.0018885280807364145,0.07395369003721072,0.15868383202591435,0.7842307931882444
-0.0018885280807364145,0.07395369003721072,0.15868383202591435,0.7842307931882444
-0.0018885280807364145,0.07395369003721072,0.15868383202591435,0.7842307931882444
-0.0014113621241211164,0.07360796210860102,0.15947995408338814,0.7833240339381137
-0.0014113621241211164,0.07360796210860102,0.15947995408338814,0.7833240339381137
-0.0017541955747584033,0.07601383547951715,0.16030179109364723,0.7807369849969644
-0.0009189983787338141,0.07628104374795125,0.1601653750733288,0.7820852762425282
-0.0009189983787338141,0.07628104374795125,0.1601653750733288,0.7820852762425282
0.0005960910776852471,0.07628533259893024,0.15925732159740627,0.7821414132199974
0.0018085443851326543,0.0751431293010362,0.1585181176412216,0.7839524795412316
0.0018085443851326543,0.0751431293010362,0.1585181176412216,0.7839524795412316
0.0018085443851326543,0.0751431293010362,0.1585181176412216,0.7839524795412316
0.0033400982914551175,0.07568206576757283,0.16153045514847664,0.7819346563614508
0.0033400982914551175,0.07568206576757283,0.16153045514847664,0.7819346563614508
0.0033400982914551175,0.07568206576757283,0.16153045514847664,0.7819346563614508
0.0033400982914551175,0.07568206576757283,0.16153045514847664,0.7819346563614508
0.0033400982914551175,0.07568206576757283,0.16153045514847664,0.7819346563614508
0.0049719487501114455,0.07403804917447972,0.16140445130716988,0.7828708793679315
0.005588139793618432,0.07124697759182715,0.16157825060058048,0.784179833587748
0.006321450978614411,0.07171254340813157,0.1627148148918008,0.7841125901822826
0.0057635855942506494,0.07357895852075251,0.16109521919879166,0.7849267392094753
0.0057635855942506494,0.07357895852075251,0.16109521919879166,0.7849267392094753
0.0057635855942506494,0.07357895852075251,0.16109521919879166,0.7849267392094753
0.0057635855942506494,0.07357895852075251,0.16109521919879166,0.7849267392094753
0.005364876248736503,0.07482592478897236,0.16117476815543239,0.7818270693151225
0.005364876248736503,0.07482592478897236,0.16117476815543239,0.7818270693151225
0.005364876248736503,0.07482592478897236,0.16117476815543239,0.7818270693151225
0.005364876248736503,0.07482592478897236,0.16117476815543239,0.7818270693151225
0.005364876248736503,0.07482592478897236,0.16117476815543239,0.7818270693151225
0.003344559448445129,0.07388845842853514,0.1611417495719846,0.7819942944868332
0.003344559448445129,0.07388845842853514,0.1611417495719846,0.7819942944868332
0.00011381498034031354,0.07523336779097242,0.16088922107829567,0.7808492822830206
0.0013093531071780267,0.07545347157429143,0.16215085625150646,0.7810171560880304
0.0013093531071780267,0.07545347157429143,0.16215085625150646,0.7810171560880304
0.0014847729366179283,0.07593315541743186,0.16248947272699155,0.7813925686997789
0.0014847729366179283,0.07593315541743186,0.16248947272699155,0.7813925686997789
0.003299150434509967,0.07505654933725821,0.16259205279455294,0.782771899570587
0.004300708275797531,0.07302270864551068,0.16301488368797398,0.7838669895097593
0.006424080853812059,0.07397092656556131,0.16343586969483342,0.7826466452218969
0.005511233090615531,0.0728778706030023,0.1624055343209258,0.7848281855674417
0.003255007052367709,0.07359153597633712,0.16147933772859888,0.7853134980823117
0.003255007052367709,0.07359153597633712,0.16147933772859888,0.7853134980823117
0.003255007052367709,0.07359153597633712,0.16147933772859888,0.7853134980823117
0.003255007052367709,0.07359153597633712,0.16147933772859888,0.7853134980823117
0.004169539808506262,0.07205047317782136,0.15927898201614427,0.7876099264508053
0.004169539808506262,0.07205047317782136,0.15927898201614427,0.7876099264508053
0.0022501636655866963,0.07401803470892318,0.16021828142478756,0.7857203372281557
0.0020945188506662086,0.0735765361256961,0.1606216769851726,0.7860140798397312
0.0021022398814529394,0.07271242609291008,0.15831621565914294,0.7874022437353693
0.0008330162548189754,0.07439571097625632,0.15943756386421862,0.7864789030946329
0.0006209697797510854,0.07454803716144809,0.16003917368200887,0.7860925209901177
0.0021278352746211667,0.07580375852543363,0.15793193843025854,0.7856885615567395
0.0021278352746211667,0.07580375852543363,0.15793193843025854,0.7856885615567395
0.00375044376081127,0.07335557401110604,0.1571645312082033,0.7881094624439957
0.00375044376081127,0.07335557401110604,0.1571645312082033,0.7881094624439957
0.00375044376081127,0.07335557401110604,0.1571645312082033,0.7881094624439957
0.00375044376081127,0.07335557401110604,0.1571645312082033,0.7881094624439957
0.00375044376081127,0.07335557401110604,0.1571645312082033,0.7881094624439957
0.004411823807055208,0.07200512345017503,0.15609708614443746,0.7878167912609831
0.0030213761997435165,0.07037340701136431,0.15769108048109884,0.786709228625401
0.0030213761997435165,0.07037340701136431,0.15769108048109884,0.786709228625401
0.0030213761997435165,0.07037340701136431,0.15769108048109884,0.786709228625401
0.005470508255208565,0.07146091316144357,0.15609654912647,0.788401914526166
0.005470508255208565,0.07146091316144357,0.15609654912647,0.788401914526166
0.005470508255208565,0.07146091316144357,0.15609654912647,0.788401914526166
0.005417185420137197,0.07050906241328599,0.15636432964915312,0.7891278325468575
0.006622172410613092,0.07074147605124093,0.15904131653828885,0.7868643651183035
0.007777455499858086,0.06901694119155702,0.16089096464894256,0.7883855634580781
0.007777455499858086,0.06901694119155702,0.16089096464894256,0.7883855634580781
0.00816098411374221,0.06820935256546015,0.16122782109743178,0.7887204267524739
0.0062789141621703,0.0678298611237235,0.162985775666551,0.7874904535956099
0.0062789141621703,0.0678298611237235,0.162985775666551,0.7874904535956099
0.0033273492695861514,0.06807293546184323,0.16477687956520073,0.7874005399277896
0.0033273492695861514,0.06807293546184323,0.16477687956520073,0.7874005399277896
0.0033273492695861514,0.06807293546184323,0.16477687956520073,0.7874005399277896
0.0002587614135225935,0.06805379175070993,0.1653803207105871,0.7860382421816842
0.0002587614135225935,0.06805379175070993,0.1653803207105871,0.7860382421816842
0.0002587614135225935,0.06805379175070993,0.1653803207105871,0.7860382421816842
0.0002587614135225935,0.06805379175070993,0.1653803207105871,0.7860382421816842
0.0002587614135225935,0.06805379175070993,0.1653803207105871,0.7860382421816842
0.0002587614135225935,0.06805379175070993,0.1653803207105871,0.7860382421816842
0.0002587614135225935,0.06805379175070993,0.1653803207105871,0.7860382421816842
0.0004042557539270282,0.06895755679591137,0.166301046038724,0.785470777028641
0.0004042557539270282,0.06895755679591137,0.166301046038724,0.785470777028641
-0.001772855418024567,0.06895202155581436,0.16844683290312235,0.7826019314047606
-0.001772855418024567,0.06895202155581436,0.16844683290312235,0.7826019314047606
-0.001772855418024567,0.06895202155581436,0.16844683290312235,0.7826019314047606
-0.001772855418024567,0.06895202155581436,0.16844683290312235,0.7826019314047606
-0.004450928133902477,0.07040124916305081,0.1662099686082086,0.7827539642562189
-0.005784327982398352,0.07151484671485678,0.16352350012437628,0.7846406961244712
-0.005784327982398352,0.07151484671485678,0.16352350012437628,0.7846406961244712
-0.005740312188343317,0.0727749831442482,0.1646044391351818,0.7817533906191987
-0.005365307062939873,0.07504422458671799,0.1624111356066634,0.7810723727512162
-0.005365307062939873,0.07504422458671799,0.1624111356066634,0.7810723727512162
-0.005365307062939873,0.07504422458671799,0.1624111356066634,0.7810723727512162
-0.005365307062939873,0.07504422458671799,0.1624111356066634,0.7810723727512162
-0.005365307062939873,0.07504422458671799,0.1624111356066634,0.7810723727512162
-0.0037695852049785925,0.07616301363842283,0.1624041979541625,0.778976235612546
-0.002359133144966207,0.07632416252474178,0.16495276621615204,0.779901908408156
-0.0020847878096683678,0.07678099295668613,0.16616759401344983,0.7778435777988545
-0.0025996532015607416,0.0763374879555725,0.166671472034155,0.7758706282428832
-0.0025996532015607416,0.0763374879555725,0.166671472034155,0.7758706282428832
-0.0025996532015607416,0.0763374879555725,0.166671472034155,0.7758706282428832
-0.0025996532015607416,0.0763374879555725,0.166671472034155,0.7758706282428832
-0.003414876299473511,0.07577043641014537,0.1670551151212999,0.7758573776852573
-0.003414876299473511,0.07577043641014537,0.1670551151212999,0.7758573776852573
-0.006072565119732376,0.07654033601390138,0.16806197318484578,0.7754144030945189
-0.006072565119732376,0.07654033601390138,0.16806197318484578,0.7754144030945189
-0.004132291508291837,0.0742752562430736,0.16315541150014923,0.7802994581713447
-0.004132291508291837,0.0742752562430736,0.16315541150014923,0.7802994581713447
-0.004132291508291837,0.0742752562430736,0.16315541150014923,0.7802994581713447
-0.004132291508291837,0.0742752562430736,0.16315541150014923,0.7802994581713447
-0.0023135019707427166,0.07277140563800988,0.16314189778825397,0.7827065912741537
-0.0023135019707427166,0.07277140563800988,0.16314189778825397,0.7827065912741537
-0.0002940004470441404,0.0721753946142955,0.16187903093501024,0.7842418299820331
-0.0002940004470441404,0.0721753946142955,0.16187903093501024,0.7842418299820331
-0.0002940004470441404,0.0721753946142955,0.16187903093501024,0.7842418299820331
-0.0002940004470441404,0.0721753946142955,0.16187903093501024,0.7842418299820331
-0.0002940004470441404,0.0721753946142955,0.16187903093501024,0.7842418299820331
-0.00037531689880760207,0.07372397126039691,0.16169603427433268,0.7843711283057978
-0.00037531689880760207,0.07372397126039691,0.16169603427433268,0.7843711283057978
-0.00037531689880760207,0.07372397126039691,0.16169603427433268,0.7843711283057978
-0.0033021446683969393,0.0727297800738423,0.16366448604199693,0.7841395548592192
-0.0033021446683969393,0.0727297800738423,0.16366448604199693,0.7841395548592192
-0.0019129187719314098,0.07135697227716789,0.16326176731156866,0.7854544092239778
-0.0019129187719314098,0.07135697227716789,0.16326176731156866,0.7854544092239778
-0.0019129187719314098,0.07135697227716789,0.16326176731156866,0.7854544092239778
-0.0019129187719314098,0.07135697227716789,0.16326176731156866,0.7854544092239778
-0.0019129187719314098,0.07135697227716789,0.16326176731156866,0.7854544092239778
-0.0019129187719314098,0.07135697227716789,0.16326176731156866,0.7854544092239778
-0.0024362127277591655,0.07149461477865125,0.1644281452284618,0.7839254268668462
-0.0003598290708692318,0.06986570658851418,0.1638751498156408,0.7840623056294759
-1.2402973122412465e-05,0.06956539942122526,0.16310876992277806,0.7861356724811436
-1.2402973122412465e-05,0.06956539942122526,0.16310876992277806,0.7861356724811436
-1.2402973122412465e-05,0.06956539942122526,0.16310876992277806,0.7861356724811436
0.0012231077020518366,0.07083728112419439,0.1607614136560938,0.7876413715498674
0.0012231077020518366,0.07083728112419439,0.1607614136560938,0.7876413715498674
0.0012231077020518366,0.07083728112419439,0.1607614136560938,0.7876413715498674
0.0012231077020518366,0.07083728112419439,0.1607614136560938,0.7876413715498674
7.875337570063833e-05,0.06954493406860865,0.16340127392654352,0.7878431432515552
7.875337570063833e-05,0.06954493406860865,0.16340127392654352,0.7878431432515552
-0.002059831994260607,0.06919406148289553,0.16454103724320407,0.7860094056603897
-0.004395887094294771,0.0701072749896797,0.16484555979570825,0.7845574943403467
-0.004395887094294771,0.0701072749896797,0.16484555979570825,0.7845574943403467
-0.003522603230610105,0.07073663507719465,0.1633848061134214,0.784262759965508
-0.003522603230610105,0.07073663507719465,0.1633848061134214,0.784262759965508
-0.003522603230610105,0.07073663507719465,0.1633848061134214,0.784262759965508
-0.003522603230610105,0.07073663507719465,0.1633848061134214,0.784262759965508
-0.003522603230610105,0.07073663507719465,0.1633848061134214,0.784262759965508
-0.0008894108380776249,0.06926689164549832,0.16140549699119383,0.7859758243845995
-0.0008894108380776249,0.06926689164549832,0.16140549699119383,0.7859758243845995
-0.002477160318984711,0.07126872708896079,0.16152322342396833,0.7837630771368379
-0.002477160318984711,0.07126872708896079,0.16152322342396833,0.7837630771368379
-0.0027232068092826064,0.07096556920852279,0.16200850605564637,0.7848653219228192
-0.0015628170741861516,0.07064489744759254,0.16499222670178645,0.7842581764813673
0.0005223049307029922,0.06760240539386216,0.1611556947819762,0.7892959568841349
0.0005223049307029922,0.06760240539386216,0.1611556947819762,0.7892959568841349
0.0005223049307029922,0.06760240539386216,0.1611556947819762,0.7892959568841349
0.0005223049307029922,0.06760240539386216,0.1611556947819762,0.7892959568841349
-1.0872715478934657e-05,0.0720529772142786,0.16012367365034014,0.7859655237513027
0.0022621623683985845,0.07330229320787433,0.15997361343595815,0.7857925883582082
0.0022621623683985845,0.07330229320787433,0.15997361343595815,0.7857925883582082
-0.0006753528332931829,0.07471229402254138,0.16079382564294123,0.7841408734146299
-0.0019298059944894712,0.07242671354291155,0.159646624482181,0.7865467794930955
-0.0019298059944894712,0.07242671354291155,0.159646624482181,0.7865467794930955
-0.0021389775574804522,0.07209428009075461,0.1609217342671461,0.7846625382127297
-0.0021389775574804522,0.07209428009075461,0.1609217342671461,0.7846625382127297
-0.003158792482631476,0.07221307004289632,0.16373223719725086,0.7835511213456654
-0.0013319256493805557,0.06939850512018372,0.16207600269931668,0.7874836113372158
-0.0007448908749612855,0.07029956478837303,0.16442271300075748,0.784981052754564
-0.0007448908749612855,0.07029956478837303,0.16442271300075748,0.784981052754564
-0.000991043357920953,0.0714784724466511,0.15895018482252438,0.7872410156140854
-0.000991043357920953,0.0714784724466511,0.15895018482252438,0.7872410156140854
-0.000991043357920953,0.0714784724466511,0.15895018482252438,0.7872410156140854
-0.000991043357920953,0.0714784724466511,0.15895018482252438,0.7872410156140854
-0.000991043357920953,0.0714784724466511,0.15895018482252438,0.7872410156140854
-0.000991043357920953,0.0714784724466511,0.15895018482252438,0.7872410156140854
-0.0010480399947423431,0.07135858884790196,0.15875671998355864,0.7873798062819213
-0.0010480399947423431,0.07135858884790196,0.15875671998355864,0.7873798062819213
-0.0010480399947423431,0.07135858884790196,0.15875671998355864,0.7873798062819213
-0.0010480399947423431,0.07135858884790196,0.15875671998355864,0.7873798062819213
-0.0024268972518276593,0.07166710889815314,0.15736793330031615,0.7897522389615695
-0.0024268972518276593,0.07166710889815314,0.15736793330031615,0.7897522389615695
0.00013895098631358342,0.0721049920314651,0.1577723758275403,0.7879058743977799
0.00013895098631358342,0.0721049920314651,0.1577723758275403,0.7879058743977799
0.00013895098631358342,0.0721049920314651,0.1577723758275403,0.7879058743977799
0.0021857150809261395,0.0716148538251365,0.15945079343869575,0.7867837723351939
0.0021857150809261395,0.0716148538251365,0.15945079343869575,0.7867837723351939
0.0024433769611093836,0.07208946570529189,0.16002387008181196,0.7867054519826997
0.0024433769611093836,0.07208946570529189,0.16002387008181196,0.7867054519826997
0.0024433769611093836,0.07208946570529189,0.16002387008181196,0.7867054519826997
0.004004414453825314,0.07182304563470208,0.16039848463010478,0.7856805444693458
0.004221652014981727,0.07094172827037155,0.16180208932737242,0.7861988066839065
0.004329095249791704,0.07277219952529598,0.16179140035611744,0.785423117490817
0.004952396408602739,0.07390178318354398,0.15928455299037705,0.7865207104102665
0.004952396408602739,0.07390178318354398,0.15928455299037705,0.7865207104102665
0.003299859415805761,0.07390793365397628,0.1597515369275521,0.7866292929869587
0.0032666427494494844,0.07402475801930768,0.15929434366293563,0.7851966492673953
0.0032666427494494844,0.07402475801930768,0.15929434366293563,0.7851966492673953
0.0008559392182417021,0.07428702367753102,0.15990789748156312,0.7854706179463092
0.0014943395569633612,0.07309645633797605,0.15956624277516238,0.7873295054149548
-0.001211159681315981,0.073509701040833,0.15853952409881902,0.7869368758346644
1.222057984492605e-05,0.07291403935647503,0.15754762225441446,0.7874290413922801
1.222057984492605e-05,0.07291403935647503,0.15754762225441446,0.7874290413922801
1.222057984492605e-05,0.07291403935647503,0.15754762225441446,0.7874290413922801
1.222057984492605e-05,0.07291403935647503,0.15754762225441446,0.7874290413922801
1.222057984492605e-05,0.07291403935647503,0.15754762225441446,0.7874290413922801
1.222057984492605e-05,0.07291403935647503,0.15754762225441446,0.7874290413922801
1.222057984492605e-05,0.07291403935647503,0.15754762225441446,0.7874290413922801
1.222057984492605e-05,0.07291403935647503,0.15754762225441446,0.7874290413922801
-0.0007711453396046395,0.07198497092878171,0.1578165007316516,0.7890721019574402
-0.0007711453396046395,0.07198497092878171,0.1578165007316516,0.7890721019574402
0.0006718103716223539,0.07270224676403361,0.15817060172888017,0.7879760727538185
0.0017468264762280383,0.07138290939924609,0.15907055229749298,0.7881674871499517
0.0017468264762280383,0.07138290939924609,0.15907055229749298,0.7881674871499517
-0.0005213053343536013,0.07069115391379233,0.16122001669861896,0.7858150685354599
-0.001689723508137283,0.06796816451733415,0.16124010023007204,0.7870854608831673
-0.001689723508137283,0.06796816451733415,0.16124010023007204,0.7870854608831673
-0.001689723508137283,0.06796816451733415,0.16124010023007204,0.7870854608831673
-0.001689723508137283,0.06796816451733415,0.16124010023007204,0.7870854608831673
-0.001689723508137283,0.06796816451733415,0.16124010023007204,0.7870854608831673
-0.0008493017489284496,0.06901115763650174,0.16064833566144812,0.7863711839588859
-0.0009010182439928695,0.0693456812779577,0.16045751950598247,0.7892621193703948
-0.0009010182439928695,0.0693456812779577,0.16045751950598247,0.7892621193703948
-0.0009010182439928695,0.0693456812779577,0.16045751950598247,0.7892621193703948
-0.0009010182439928695,0.0693456812779577,0.16045751950598247,0.7892621193703948
-0.0009010182439928695,0.0693456812779577,0.16045751950598247,0.7892621193703948
-0.0009010182439928695,0.0693456812779577,0.16045751950598247,0.7892621193703948
-0.0009010182439928695,0.0693456812779577,0.16045751950598247,0.7892621193703948
-0.0031421698082161435,0.07130852203857722,0.16130867825933037,0.7870685986074644
-0.0031421698082161435,0.07130852203857722,0.16130867825933037,0.7870685986074644
-0.0016500837113423465,0.07054169055252607,0.1632836073922975,0.7863433144215505
-0.0013941781326972501,0.07063933706099257,0.16343697291228207,0.7855926533139933
-0.0013941781326972501,0.07063933706099257,0.16343697291228207,0.7855926533139933
-0.0005734326185225505,0.0702064014753855,0.16537906237285624,0.7843908119030549
-0.0005734326185225505,0.0702064014753855,0.16537906237285624,0.7843908119030549
0.000277225569145081,0.07048564541722843,0.16545301623449046,0.7825299350004612
0.000277225569145081,0.07048564541722843,0.16545301623449046,0.7825299350004612
0.000277225569145081,0.07048564541722843,0.16545301623449046,0.7825299350004612
-0.001865729838228123,0.06985114383811322,0.1660782470138435,0.7835515689410498
-0.001865729838228123,0.06985114383811322,0.1660782470138435,0.7835515689410498
-0.001865729838228123,0.06985114383811322,0.1660782470138435,0.7835515689410498
-0.001865729838228123,0.06985114383811322,0.1660782470138435,0.7835515689410498
-0.001865729838228123,0.06985114383811322,0.1660782470138435,0.7835515689410498
-0.001865729838228123,0.06985114383811322,0.1660782470138435,0.7835515689410498
-0.001865729838228123,0.06985114383811322,0.1660782470138435,0.7835515689410498
-0.003054285900750775,0.07051919553854982,0.16367194932926843,0.7823010668118424
-0.003054285900750775,0.07051919553854982,0.16367194932926843,0.7823010668118424
-0.003054285900750775,0.07051919553854982,0.16367194932926843,0.7823010668118424
-0.0028650524084218596,0.07052161357324825,0.1630411138621167,0.7824138901962326
-0.0028650524084218596,0.07052161357324825,0.1630411138621167,0.7824138901962326
-0.002751306786700481,0.0724308317258498,0.16615268756243495,0.7827482581283208
-0.0063412926217219865,0.07222530598349747,0.16516106874213637,0.782654436738743
-0.00530214091187877,0.07374745356035231,0.16554671492946887,0.7816641137897432
-0.0029947659981899534,0.0737640659410318,0.16388653929819832,0.7823553010171925
-0.001162576460903634,0.07315729537666879,0.16360106622701323,0.7812420310142758
-0.001162576460903634,0.07315729537666879,0.16360106622701323,0.7812420310142758
-0.001162576460903634,0.07315729537666879,0.16360106622701323,0.7812420310142758
-0.002575324577854011,0.07218758501070738,0.16460012406072153,0.7828351757344151
-0.002306975840071967,0.07153510789774131,0.16443388793350164,0.7830702179072605
-0.00408452793222729,0.0734967805498078,0.16300259684770438,0.7814953861630223
-0.00408452793222729,0.0734967805498078,0.16300259684770438,0.7814953861630223
-0.00408452793222729,0.0734967805498078,0.16300259684770438,0.7814953861630223
-0.003372471548690028,0.0719045475073028,0.16507870848945602,0.7822029318951718
-0.003372471548690028,0.0719045475073028,0.16507870848945602,0.7822029318951718
-0.0038741473011381705,0.07316012372253884,0.16454062947443615,0.7799179634143527
-0.0024674138883787446,0.07609338340711606,0.16693462978875778,0.7785080483818028
-0.0024674138883787446,0.07609338340711606,0.16693462978875778,0.7785080483818028
-0.0025382083045407764,0.07631393532969985,0.16873953647741627,0.7754616648574977
-0.0018219253337333216,0.07558079319731027,0.1679962249459609,0.7750905696132964
-0.003064876814745707,0.07578806423474924,0.1701317329027675,0.775726822077815
-0.003064876814745707,0.07578806423474924,0.1701317329027675,0.775726822077815
-0.003064876814745707,0.07578806423474924,0.1701317329027675,0.775726822077815
-0.003064876814745707,0.07578806423474924,0.1701317329027675,0.775726822077815
-0.003064876814745707,0.07578806423474924,0.1701317329027675,0.775726822077815
-0.0003344941766525557,0.07483564703627744,0.16905211640592097,0.7777550854985478
-0.0003344941766525557,0.07483564703627744,0.16905211640592097,0.7777550854985478
-0.0003344941766525557,0.07483564703627744,0.16905211640592097,0.7777550854985478
-0.0003344941766525557,0.07483564703627744,0.16905211640592097,0.7777550854985478
-0.0003344941766525557,0.07483564703627744,0.16905211640592097,0.7777550854985478
-2.3820395296465834e-06,0.07847964120729613,0.17076996538297412,0.7726697232006843
0.0010170604832118483,0.07872930290409379,0.17019036130797865,0.7726747722762766
0.0010170604832118483,0.07872930290409379,0.17019036130797865,0.7726747722762766
0.0010170604832118483,0.07872930290409379,0.17019036130797865,0.7726747722762766
0.0010170604832118483,0.07872930290409379,0.17019036130797865,0.7726747722762766
0.002185065877331596,0.07897961148294712,0.1687664117389976,0.7732825574697196
0.002185065877331596,0.07897961148294712,0.1687664117389976,0.7732825574697196
0.002940379015106202,0.0784247349554782,0.1677468769924714,0.7745510482921903
0.002940379015106202,0.0784247349554782,0.1677468769924714,0.7745510482921903
0.004085513184717502,0.07782723106691826,0.16646025929019723,0.7768079219378947
0.004085513184717502,0.07782723106691826,0.16646025929019723,0.7768079219378947
0.002487374110654466,0.07940184174821892,0.1669031087977405,0.7745874147788203
0.002487374110654466,0.07940184174821892,0.1669031087977405,0.7745874147788203
0.004258834340327875,0.0764584218406742,0.16603041207516334,0.7758388642900967
0.004853165684323263,0.07581790352445099,0.16581086931933514,0.7768058609435854
0.005562298902897454,0.07567618265659892,0.16438535725476627,0.7783732235990614
0.005562298902897454,0.07567618265659892,0.16438535725476627,0.7783732235990614
0.005562298902897454,0.07567618265659892,0.16438535725476627,0.7783732235990614
0.005562298902897454,0.07567618265659892,0.16438535725476627,0.7783732235990614
0.005562298902897454,0.07567618265659892,0.16438535725476627,0.7783732235990614
0.005562298902897454,0.07567618265659892,0.16438535725476627,0.7783732235990614
0.005562298902897454,0.07567618265659892,0.16438535725476627,0.7783732235990614
0.0022656393621520447,0.07683290233470383,0.16058310223391375,0.7798151607943917
0.001188539098597866,0.0755928175605702,0.1600304280246888,0.7812937109695599
0.0017646445329580292,0.07516614620240034,0.15816607384006856,0.7849950889911739
0.0017646445329580292,0.07516614620240034,0.15816607384006856,0.7849950889911739
0.0017646445329580292,0.07516614620240034,0.15816607384006856,0.7849950889911739
0.0017646445329580292,0.07516614620240034,0.15816607384006856,0.7849950889911739
0.00410222110404543,0.07450712774394427,0.15912462969068147,0.7843733236763122
0.00410222110404543,0.07450712774394427,0.15912462969068147,0.7843733236763122
0.00410222110404543,0.07450712774394427,0.15912462969068147,0.7843733236763122
0.0037749570743957784,0.07314662790094564,0.15716247365964056,0.7866025398409815
0.0026473721928312872,0.07193684633755434,0.1566840843138157,0.7876759428263116
0.0015085713410299363,0.07145802250807073,0.1562056754115551,0.78870016590997
0.0015085713410299363,0.07145802250807073,0.1562056754115551,0.78870016590997
0.00015810749729236787,0.07152908221089724,0.1581071212829231,0.787323444890612
-0.0009584256037106589,0.07150890198218962,0.15589700959049096,0.7901701614804941
0.001332885808397243,0.07287938143939147,0.15807367844728237,0.7882588548883287
0.002936133228581298,0.07159538124280652,0.15802675983698358,0.7874368890888583
0.0034241423272772056,0.07365800119154782,0.15913845541700725,0.7847718092624024
0.0034241423272772056,0.07365800119154782,0.15913845541700725,0.7847718092624024
0.0034241423272772056,0.07365800119154782,0.15913845541700725,0.7847718092624024
0.004373250797656688,0.0740423002560955,0.15759594091036747,0.7849575802132026
0.004373250797656688,0.0740423002560955,0.15759594091036747,0.7849575802132026
0.004373250797656688,0.0740423002560955,0.15759594091036747,0.7849575802132026
0.004373250797656688,0.0740423002560955,0.15759594091036747,0.7849575802132026
0.0030982245763840604,0.07494152898331731,0.1585754374838105,0.7833456805012547
0.0030982245763840604,0.07494152898331731,0.1585754374838105,0.7833456805012547
0.004239446554146927,0.07432086566272915,0.15895539408084572,0.7843537391352114
0.004756340195945851,0.0748862836338988,0.15982098687310792,0.7841243724380469
0.004422106204953357,0.07691935189631004,0.16113300512349116,0.7804246603405547
0.002889314129390948,0.07690896415767624,0.16152592987551176,0.7803689608694906
0.002889314129390948,0.07690896415767624,0.16152592987551176,0.7803689608694906
0.002889314129390948,0.07690896415767624,0.16152592987551176,0.7803689608694906
0.003063628508194558,0.07664245738131194,0.1595692655305585,0.7826609988313559
0.0027468168775901802,0.07526047042603787,0.15861538264346203,0.783807919667406
0.0027468168775901802,0.07526047042603787,0.15861538264346203,0.783807919667406
0.0027468168775901802,0.07526047042603787,0.15861538264346203,0.783807919667406
0.0027468168775901802,0.07526047042603787,0.15861538264346203,0.783807919667406
0.002176819221588474,0.07586258783778851,0.1592457040250184,0.7839258735487122
0.002176819221588474,0.07586258783778851,0.1592457040250184,0.7839258735487122
0.002176819221588474,0.07586258783778851,0.1592457040250184,0.7839258735487122
0.002176819221588474,0.07586258783778851,0.1592457040250184,0.7839258735487122
0.002176819221588474,0.07586258783778851,0.1592457040250184,0.7839258735487122
0.002176819221588474,0.07586258783778851,0.1592457040250184,0.7839258735487122
0.002620791965397717,0.07573793147514658,0.1613811745025404,0.7816089192632214
0.002620791965397717,0.07573793147514658,0.1613811745025404,0.7816089192632214
0.002620791965397717,0.07573793147514658,0.1613811745025404,0.7816089192632214
0.0023562871409827995,0.07378639165035901,0.16035318571796917,0.7823606957833772
0.0023562871409827995,0.07378639165035901,0.16035318571796917,0.7823606957833772
0.001219689589915408,0.07482350721165439,0.1601055202086301,0.7827952878499406
0.001219689589915408,0.07482350721165439,0.1601055202086301,0.7827952878499406
0.0007429908174179205,0.07463335435583213,0.15989200638895792,0.7839161092399849
0.0009483041878103912,0.07542599622344584,0.16144241633583037,0.7829211393821701
-0.001210079730379309,0.07425113832147749,0.16235149984793176,0.7821394591533987
-0.001210079730379309,0.07425113832147749,0.16235149984793176,0.7821394591533987
-0.001210079730379309,0.07425113832147749,0.16235149984793176,0.7821394591533987
-0.001243701198317631,0.07457153709273459,0.16700348704297052,0.7769266958168665
-0.001243701198317631,0.07457153709273459,0.16700348704297052,0.7769266958168665
-0.001243701198317631,0.07457153709273459,0.16700348704297052,0.7769266958168665
0.0003796435560871872,0.0752248034059015,0.16724450804290888,0.7765986523786382
0.0003796435560871872,0.0752248034059015,0.16724450804290888,0.7765986523786382
0.0003796435560871872,0.0752248034059015,0.16724450804290888,0.7765986523786382
0.0006762215109462486,0.07819453081878258,0.1651835844005999,0.7769735141390226
0.0006762215109462486,0.07819453081878258,0.1651835844005999,0.7769735141390226
0.0005718386834307793,0.07951283124487134,0.1652761105104678,0.7753255123530597
-0.0014203412762965654,0.07825029932633566,0.16765484796904756,0.7753879155217304
0.0013541325871689416,0.0767095869271337,0.16975945668027434,0.7747344406649843
0.0013541325871689416,0.0767095869271337,0.16975945668027434,0.7747344406649843
0.0013541325871689416,0.0767095869271337,0.16975945668027434,0.7747344406649843
0.0013541325871689416,0.0767095869271337,0.16975945668027434,0.7747344406649843
0.002044857106828653,0.07717946794907875,0.17024719239191535,0.7730114617759345
0.0008907902781412607,0.07582504839980102,0.16951533457437767,0.7745616421074286
0.0008907902781412607,0.07582504839980102,0.16951533457437767,0.7745616421074286
-0.0013018764587971552,0.0758641822027807,0.170145216766023,0.7745801012207478
-0.0013018764587971552,0.0758641822027807,0.170145216766023,0.7745801012207478
-0.0013018764587971552,0.0758641822027807,0.170145216766023,0.7745801012207478
-0.0013018764587971552,0.0758641822027807,0.170145216766023,0.7745801012207478
-0.0013018764587971552,0.0758641822027807,0.170145216766023,0.7745801012207478
-0.0013343196346751246,0.07598200602613377,0.16993991620585255,0.7740736099455356
-0.0013343196346751246,0.07598200602613377,0.16993991620585255,0.7740736099455356
-0.000815127367632298,0.07502401274657039,0.16514915212971581,0.7774252876653451
-0.000815127367632298,0.07502401274657039,0.16514915212971581,0.7774252876653451
-0.000815127367632298,0.07502401274657039,0.16514915212971581,0.7774252876653451
0.0031510477913566097,0.07611289451120978,0.16501621133260094,0.7777282243412974
0.0031510477913566097,0.07611289451120978,0.16501621133260094,0.7777282243412974
0.0045031702107188945,0.07534403053017899,0.16537228426975606,0.7787338229850287
0.004835556348821016,0.0747455656398572,0.16525785364705003,0.7798621385115823
0.0053437459203772505,0.07369329822847101,0.16410074149871337,0.7798435214975171
0.0053437459203772505,0.07369329822847101,0.16410074149871337,0.7798435214975171
0.003285060906306257,0.07175189370896036,0.16547451024615678,0.7814658227816698
0.003285060906306257,0.07175189370896036,0.16547451024615678,0.7814658227816698
0.003150939612286439,0.07347884857677571,0.16297337528594427,0.7823069085127785
0.0035273527543703688,0.07270175222298492,0.1619695777937781,0.7829423182132095
0.0035273527543703688,0.07270175222298492,0.1619695777937781,0.7829423182132095
0.002910496479715477,0.07413724527084492,0.16261223085190407,0.7815112984700516
0.002910496479715477,0.07413724527084492,0.16261223085190407,0.7815112984700516
0.0020859708068322654,0.07400013114393723,0.16162335329014696,0.784147865507491
0.0020859708068322654,0.07400013114393723,0.16162335329014696,0.784147865507491
0.0018453818283197079,0.073280095659909,0.1607678767273534,0.7847451933643549
0.0012259922533638915,0.07177843965391682,0.1616551857751952,0.7847382801453495
0.0012259922533638915,0.07177843965391682,0.1616551857751952,0.7847382801453495
0.000812453085938326,0.07163791479561964,0.1635954531304318,0.7854591950326315
0.000812453085938326,0.07163791479561964,0.1635954531304318,0.7854591950326315
0.0019197494181690607,0.07221210695133048,0.16219567288321246,0.7862292543732409
0.0019197494181690607,0.07221210695133048,0.16219567288321246,0.7862292543732409
0.0019197494181690607,0.07221210695133048,0.16219567288321246,0.7862292543732409
0.0013171860452540563,0.07130421144599586,0.16248482948374735,0.7842569464643028
0.0013171860452540563,0.07130421144599586,0.16248482948374735,0.7842569464643028
0.0037695026211781164,0.07545689329060512,0.16317068262612494,0.7789557204548209
0.0037695026211781164,0.07545689329060512,0.16317068262612494,0.7789557204548209
0.0037695026211781164,0.07545689329060512,0.16317068262612494,0.7789557204548209
0.0024701247579898633,0.07449152241331225,0.15909298221993376,0.7837406024715211
0.0024701247579898633,0.07449152241331225,0.15909298221993376,0.7837406024715211
0.0024701247579898633,0.07449152241331225,0.15909298221993376,0.7837406024715211
0.0024701247579898633,0.07449152241331225,0.15909298221993376,0.7837406024715211
0.0024701247579898633,0.07449152241331225,0.15909298221993376,0.7837406024715211
0.0024701247579898633,0.07449152241331225,0.15909298221993376,0.7837406024715211
0.0024701247579898633,0.07449152241331225,0.15909298221993376,0.7837406024715211
0.0024701247579898633,0.07449152241331225,0.15909298221993376,0.7837406024715211
0.0008788274759868912,0.07576774225035521,0.15853833193929634,0.7841219562611387
0.0008788274759868912,0.07576774225035521,0.15853833193929634,0.7841219562611387
0.0008788274759868912,0.07576774225035521,0.15853833193929634,0.7841219562611387
0.0008788274759868912,0.07576774225035521,0.15853833193929634,0.7841219562611387
0.0008788274759868912,0.07576774225035521,0.15853833193929634,0.7841219562611387
0.0014491433521650733,0.07349111316839665,0.15769524143566602,0.78673973257267
0.0014491433521650733,0.07349111316839665,0.15769524143566602,0.78673973257267
0.0014491433521650733,0.07349111316839665,0.15769524143566602,0.78673973257267
0.0009130555193872624,0.07437678980372053,0.1592116534514419,0.7839379457330035
-0.0027225483095321542,0.07272004950173039,0.16314538174455212,0.7842465742402152
-0.002510290074346162,0.07105033367794593,0.1617225895573806,0.7856209199243438
-0.002510290074346162,0.07105033367794593,0.1617225895573806,0.7856209199243438
-0.002510290074346162,0.07105033367794593,0.1617225895573806,0.7856209199243438
-0.002510290074346162,0.07105033367794593,0.1617225895573806,0.7856209199243438
-0.0024168099929273708,0.07079098238882828,0.15942073343985969,0.7872653604677923
-0.0024168099929273708,0.07079098238882828,0.15942073343985969,0.7872653604677923
-0.00042545687991997613,0.0698118600568106,0.15850548271607828,0.7905975499275951
-0.00042545687991997613,0.0698118600568106,0.15850548271607828,0.7905975499275951
-0.00245564243179991,0.070863946543953,0.16073491016753635,0.7872783159209712
-0.00245564243179991,0.070863946543953,0.16073491016753635,0.7872783159209712
-0.0018658347063905622,0.07029845397732709,0.16033253813190132,0.7879077300391772
-0.0018658347063905622,0.07029845397732709,0.16033253813190132,0.7879077300391772
-0.001919799704640066,0.07061408382929754,0.16036209870862406,0.7865059260106375
-0.001919799704640066,0.07061408382929754,0.16036209870862406,0.7865059260106375
-0.0017669090907075833,0.07271177178016935,0.1627533915000347,0.7819295762429411
-0.0006281326099673728,0.07361677167653354,0.1613221079978973,0.7824397640296927
-0.00045277597456801113,0.07392140154323565,0.16126509290587723,0.7829029530523551
-0.0003693839005806124,0.0734876895156461,0.16067569873661094,0.7836664985985408
-0.0003693839005806124,0.0734876895156461,0.16067569873661094,0.7836664985985408
-0.0022126592968016207,0.07229786219381834,0.16300558297973347,0.7823490303223575
-0.0028138841368071216,0.07478331566799995,0.16463799042777522,0.780957845412868
-0.0038492847928443628,0.07146056101744512,0.16265360525254974,0.7834999293296887
-0.0038492847928443628,0.07146056101744512,0.16265360525254974,0.7834999293296887
-0.0038492847928443628,0.07146056101744512,0.16265360525254974,0.7834999293296887
-0.003247049510648496,0.07134121153188315,0.16269784911979704,0.7835946392635618
-0.003247049510648496,0.07134121153188315,0.16269784911979704,0.7835946392635618
-0.004720788465598762,0.07233308991542958,0.16307974092233343,0.7830860745513748
-0.004720788465598762,0.07233308991542958,0.16307974092233343,0.7830860745513748
-0.004720788465598762,0.07233308991542958,0.16307974092233343,0.7830860745513748
-0.004720788465598762,0.07233308991542958,0.16307974092233343,0.7830860745513748
-0.003989797226719419,0.0716161133978409,0.16336901096369075,0.7835540672955372
-0.003989797226719419,0.0716161133978409,0.16336901096369075,0.7835540672955372
-0.002509730701145437,0.07005503021431839,0.1650181473463376,0.7848210302874181
-0.002509730701145437,0.07005503021431839,0.1650181473463376,0.7848210302874181
-0.002509730701145437,0.07005503021431839,0.1650181473463376,0.7848210302874181
-0.002509730701145437,0.07005503021431839,0.1650181473463376,0.7848210302874181
-0.002509730701145437,0.07005503021431839,0.1650181473463376,0.7848210302874181
-0.002509730701145437,0.07005503021431839,0.1650181473463376,0.7848210302874181
-0.002509730701145437,0.07005503021431839,0.1650181473463376,0.7848210302874181
-0.002211787310801381,0.0701620039021787,0.16355398426872253,0.7847133175849268
-0.002211787310801381,0.0701620039021787,0.16355398426872253,0.7847133175849268
-0.002211787310801381,0.0701620039021787,0.16355398426872253,0.7847133175849268
0.0021543791656966176,0.07237457917935676,0.16619483816255007,0.7827260058117398
0.0017517659453436833,0.07143484285229067,0.16631024432323935,0.7836066762620065
0.0017517659453436833,0.07143484285229067,0.16631024432323935,0.7836066762620065
0.0025716887466364995,0.07192864227654835,0.16637765022505577,0.7832926492161922
0.0025716887466364995,0.07192864227654835,0.16637765022505577,0.7832926492161922
0.0034776652840466963,0.07058773609520043,0.16639981471997717,0.78133180737009
0.001843456850474345,0.06991296152047222,0.16465280038569152,0.7828743302745825
0.0019379138787436923,0.0715625239963178,0.16665200497329138,0.7815953729311281
-3.587603534489954e-05,0.06894536560344973,0.16434354529003617,0.7854296422818104
-3.587603534489954e-05,0.06894536560344973,0.16434354529003617,0.7854296422818104
-0.0011942036108264005,0.06999487838322264,0.16612444463426768,0.7838216696888947
-0.0024591117191914828,0.07222692111778053,0.16372019290231155,0.7839174067278565
-0.0024591117191914828,0.07222692111778053,0.16372019290231155,0.7839174067278565
-0.0024591117191914828,0.07222692111778053,0.16372019290231155,0.7839174067278565
-0.003498448728676609,0.07238939734307355,0.1609063482405875,0.784673826035868
-0.003498448728676609,0.07238939734307355,0.1609063482405875,0.784673826035868
-0.003014052429171345,0.07479953737837677,0.16401195492497458,0.7794429806683065
-0.003014052429171345,0.07479953737837677,0.16401195492497458,0.7794429806683065
-0.003014052429171345,0.07479953737837677,0.16401195492497458,0.7794429806683065
-0.003014052429171345,0.07479953737837677,0.16401195492497458,0.7794429806683065
-0.003014052429171345,0.07479953737837677,0.16401195492497458,0.7794429806683065
-0.003014052429171345,0.07479953737837677,0.16401195492497458,0.7794429806683065
-0.002903792943843118,0.07489581828470408,0.1667444352221029,0.77847065542943
-0.002903792943843118,0.07489581828470408,0.1667444352221029,0.77847065542943
-0.002903792943843118,0.07489581828470408,0.1667444352221029,0.77847065542943
-0.0029582104604054466,0.07323762821096293,0.1678542244233111,0.7802587614497497
-0.0005433900966672432,0.07481550855800508,0.16735057461443426,0.779493804653725
-0.0005433900966672432,0.07481550855800508,0.16735057461443426,0.779493804653725
-0.00323797635305682,0.07625094575634238,0.16570757458013452,0.778813947218303
-0.00451095178644469,0.0769497141622086,0.16455314255705666,0.7772541145846276
-0.00451095178644469,0.0769497141622086,0.16455314255705666,0.7772541145846276
-0.00451095178644469,0.0769497141622086,0.16455314255705666,0.7772541145846276
-0.00451095178644469,0.0769497141622086,0.16455314255705666,0.7772541145846276
-0.00451095178644469,0.0769497141622086,0.16455314255705666,0.7772541145846276
-0.005439030580197749,0.07596058584126299,0.16428347314469505,0.7784860843878277
-0.006631683384137433,0.07600696828593538,0.16552604333340387,0.7782268981443967
-0.006631683384137433,0.07600696828593538,0.16552604333340387,0.7782268981443967
-0.006631683384137433,0.07600696828593538,0.16552604333340387,0.7782268981443967
-0.006631683384137433,0.07600696828593538,0.16552604333340387,0.7782268981443967
-0.006479942850308657,0.07549577020672932,0.16835736333131668,0.7768626786053263
-0.006479942850308657,0.07549577020672932,0.16835736333131668,0.7768626786053263
-0.006479942850308657,0.07549577020672932,0.16835736333131668,0.7768626786053263
-0.006479942850308657,0.07549577020672932,0.16835736333131668,0.7768626786053263
-0.006479942850308657,0.07549577020672932,0.16835736333131668,0.7768626786053263
-0.0055262614058767465,0.07552250300125883,0.16450679334158486,0.7784091768274802
-0.0055262614058767465,0.07552250300125883,0.16450679334158486,0.7784091768274802
-0.0055262614058767465,0.07552250300125883,0.16450679334158486,0.7784091768274802
-0.0045779645016963575,0.0747943573865893,0.16337184725730997,0.7790283294288343
-0.0033844536607984055,0.07733737804712315,0.16189056371923544,0.7780510140982123
-0.0033844536607984055,0.07733737804712315,0.16189056371923544,0.7780510140982123
-0.004053207448409417,0.07590177409380466,0.16233588421113315,0.7788067379112507
-0.004053207448409417,0.07590177409380466,0.16233588421113315,0.7788067379112507
-0.005468637726566094,0.0760646746240544,0.16497277427630622,0.7802017326297722
-0.005468637726566094,0.0760646746240544,0.16497277427630622,0.7802017326297722
-0.005468637726566094,0.0760646746240544,0.16497277427630622,0.7802017326297722
-0.00404648464969129,0.07479191243378563,0.16112123430122555,0.7828115427481218
-0.004589106814387142,0.07477301297548736,0.16003613382654822,0.782888722860845
-0.004589106814387142,0.07477301297548736,0.16003613382654822,0.782888722860845
-0.0023513574285774367,0.07496316279678884,0.15996382984099375,0.7830126952236554
-0.0023513574285774367,0.07496316279678884,0.15996382984099375,0.7830126952236554
-0.0023513574285774367,0.07496316279678884,0.15996382984099375,0.7830126952236554
-0.0023513574285774367,0.07496316279678884,0.15996382984099375,0.7830126952236554
-0.001107581645395042,0.07590740880413321,0.1625353143982198,0.7822208604989309
-0.0018372738506756752,0.07703730521396875,0.1619960895266095,0.7813466161687164
-0.0018372738506756752,0.07703730521396875,0.1619960895266095,0.7813466161687164
-0.0018372738506756752,0.07703730521396875,0.1619960895266095,0.7813466161687164
-0.0025178059155126224,0.0765460706616556,0.16177250241617974,0.7813899388987737
-0.002926978407167873,0.07727795546307265,0.1608810116075367,0.7795727643176044
-0.005032175648668714,0.07808188157382236,0.16430546899133366,0.7777749813343717
-0.005032175648668714,0.07808188157382236,0.16430546899133366,0.7777749813343717
-0.005198101704534161,0.07552163620703803,0.16407949860879664,0.7788502219432869
-0.005198101704534161,0.07552163620703803,0.16407949860879664,0.7788502219432869
-0.005198101704534161,0.07552163620703803,0.16407949860879664,0.7788502219432869
-0.005198101704534161,0.07552163620703803,0.16407949860879664,0.7788502219432869
-0.005198101704534161,0.07552163620703803,0.16407949860879664,0.7788502219432869
-0.005521550491933638,0.07440719637137386,0.1650322051381467,0.7791456301796007
-0.0067627266978257695,0.07458693426676258,0.1616839276330956,0.7818446120283795
-0.0067627266978257695,0.07458693426676258,0.1616839276330956,0.7818446120283795
-0.0067627266978257695,0.07458693426676258,0.1616839276330956,0.7818446120283795
-0.0069240385196004724,0.07294932829140093,0.1619338598947574,0.7830600075721669
-0.0069240385196004724,0.07294932829140093,0.1619338598947574,0.7830600075721669
-0.003805660980748389,0.07264764560890513,0.15994391529872518,0.7841205622092502
-0.003805660980748389,0.07264764560890513,0.15994391529872518,0.7841205622092502
-0.003805660980748389,0.07264764560890513,0.15994391529872518,0.7841205622092502
-0.003356968645771572,0.07586752484149627,0.15985199169805028,0.7816398839186783
-0.003356968645771572,0.07586752484149627,0.15985199169805028,0.7816398839186783
-0.003356968645771572,0.07586752484149627,0.15985199169805028,0.7816398839186783
-0.003356968645771572,0.07586752484149627,0.15985199169805028,0.7816398839186783
-0.0012927556165921784,0.07350865137170365,0.16105032395485727,0.7833603223880318
-0.0012927556165921784,0.07350865137170365,0.16105032395485727,0.7833603223880318
-0.0012927556165921784,0.07350865137170365,0.16105032395485727,0.7833603223880318
-0.0012927556165921784,0.07350865137170365,0.16105032395485727,0.7833603223880318
0.0022367740309319215,0.07068727288900235,0.16074464710163344,0.7856262114877282
0.0023673401628158237,0.07277725983270322,0.1596697148414071,0.7848209803300968
0.0014046519938029274,0.07276478188769792,0.16048721361369753,0.786132289495803
0.0014046519938029274,0.07276478188769792,0.16048721361369753,0.786132289495803
0.0013951393626676911,0.07122257057551447,0.16426001404336787,0.7838577510848765
0.0013951393626676911,0.07122257057551447,0.16426001404336787,0.7838577510848765
0.0013951393626676911,0.07122257057551447,0.16426001404336787,0.7838577510848765
-0.0004408286514925642,0.0703560320305322,0.1629190105934006,0.7869989083776107
0.00020693185780676024,0.06932645546815633,0.16070167652147369,0.7880063549474408
0.00020693185780676024,0.06932645546815633,0.16070167652147369,0.7880063549474408
0.002792265785668398,0.06717445538103409,0.1638096158812437,0.7880589638895739
0.00272488621844261,0.06839763162475898,0.16532657892794886,0.7865057017506988
0.00272488621844261,0.06839763162475898,0.16532657892794886,0.7865057017506988
0.00272488621844261,0.06839763162475898,0.16532657892794886,0.7865057017506988
0.005313158681463956,0.06865125073646555,0.16325868100572286,0.7879820888429085
0.005313158681463956,0.06865125073646555,0.16325868100572286,0.7879820888429085
0.005313158681463956,0.06865125073646555,0.16325868100572286,0.7879820888429085
0.005088856528804013,0.06832620355702557,0.1613297701074346,0.7881364244941663
0.005088856528804013,0.06832620355702557,0.1613297701074346,0.7881364244941663
0.006848391301209172,0.06743430518583031,0.1614685733483319,0.7887752313679187
0.006848391301209172,0.06743430518583031,0.1614685733483319,0.7887752313679187
0.006848391301209172,0.06743430518583031,0.1614685733483319,0.7887752313679187
0.006848391301209172,0.06743430518583031,0.1614685733483319,0.7887752313679187
0.006848391301209172,0.06743430518583031,0.1614685733483319,0.7887752313679187
0.005031490634040724,0.06732923465096119,0.16085203253263622,0.7911812429353807
0.005031490634040724,0.06732923465096119,0.16085203253263622,0.7911812429353807
0.005031490634040724,0.06732923465096119,0.16085203253263622,0.7911812429353807
0.005108456410075136,0.0676672884409683,0.16057855627555156,0.7915028536545561
0.005108456410075136,0.0676672884409683,0.16057855627555156,0.7915028536545561
0.005108456410075136,0.0676672884409683,0.16057855627555156,0.7915028536545561
0.005108456410075136,0.0676672884409683,0.16057855627555156,0.7915028536545561
0.0032901616054312726,0.06692467648273431,0.16270532523744768,0.7907871318376372
0.00022758037941566925,0.06811827980535433,0.16204466921438362,0.7891852806793264
0.00022758037941566925,0.06811827980535433,0.16204466921438362,0.7891852806793264
0.00022758037941566925,0.06811827980535433,0.16204466921438362,0.7891852806793264
0.00022758037941566925,0.06811827980535433,0.16204466921438362,0.7891852806793264
-0.0007152190823529474,0.06719541966273775,0.16261385582981214,0.7890912857476197
-0.0007152190823529474,0.06719541966273775,0.16261385582981214,0.7890912857476197
-0.0007152190823529474,0.06719541966273775,0.16261385582981214,0.7890912857476197
-0.0007152190823529474,0.06719541966273775,0.16261385582981214,0.7890912857476197
-0.0007152190823529474,0.06719541966273775,0.16261385582981214,0.7890912857476197
-0.0007152190823529474,0.06719541966273775,0.16261385582981214,0.7890912857476197
-0.001014637656834128,0.0691617302869078,0.16285026330188754,0.7882266635640944
0.0004102729359212727,0.07276463246449959,0.1629875385411472,0.7856712794525033
0.0004102729359212727,0.07276463246449959,0.1629875385411472,0.7856712794525033
0.0004102729359212727,0.07276463246449959,0.1629875385411472,0.7856712794525033
0.0004102729359212727,0.07276463246449959,0.1629875385411472,0.7856712794525033
0.003360687974366827,0.07518940553096955,0.16215829977844665,0.783829927984827
0.003942057974234774,0.07460882272011567,0.16337319504028286,0.7817577265438485
0.003942057974234774,0.07460882272011567,0.16337319504028286,0.7817577265438485
0.00306241254014471,0.07617378247804338,0.16342903293153677,0.7798862752496988
0.00306241254014471,0.07617378247804338,0.16342903293153677,0.7798862752496988
0.00306241254014471,0.07617378247804338,0.16342903293153677,0.7798862752496988
0.00306241254014471,0.07617378247804338,0.16342903293153677,0.7798862752496988
0.00306241254014471,0.07617378247804338,0.16342903293153677,0.7798862752496988
-0.0016927259895455522,0.07644901091797253,0.16146614122191996,0.7798518320155204
-0.0013251717708044506,0.07587163513221909,0.16162658538988864,0.7800877078554335
-0.0009634086927143922,0.07663348718718689,0.16255623172922407,0.7806566787996063
-0.0005719002337105836,0.07380061490451711,0.16473504919715595,0.7815444847689683
-0.0017403254633293161,0.07354062056636808,0.16518719794946685,0.7784212216101153
-0.0017403254633293161,0.07354062056636808,0.16518719794946685,0.7784212216101153
-0.0017403254633293161,0.07354062056636808,0.16518719794946685,0.7784212216101153
-0.0017403254633293161,0.07354062056636808,0.16518719794946685,0.7784212216101153
-0.0017403254633293161,0.07354062056636808,0.16518719794946685,0.7784212216101153
-0.0017403254633293161,0.07354062056636808,0.16518719794946685,0.7784212216101153
-0.0017403254633293161,0.07354062056636808,0.16518719794946685,0.7784212216101153
-0.0032345973730636994,0.07334301608120687,0.16572497080176138,0.7791097955982252
-0.0021288944230125756,0.07356259580826877,0.1664947637138985,0.7782403782365077
-0.0010940635434709223,0.07321872132249495,0.1688475848656924,0.7769887390260068
-0.0011553737595675587,0.07370727736604726,0.16991567448123412,0.7748799649578898
0.0013099810386103551,0.07287878835689604,0.16845591209021257,0.7789277001325888
0.0008498676700355373,0.07115787377583746,0.16668103327335088,0.7813685628824892
0.001358805202105989,0.07275361662048714,0.16397099864987136,0.78258579171534
0.001358805202105989,0.07275361662048714,0.16397099864987136,0.78258579171534
0.001358805202105989,0.07275361662048714,0.16397099864987136,0.78258579171534
0.0009926506149324867,0.07261483757792277,0.1635839909431568,0.7833026038485691
0.0009926506149324867,0.07261483757792277,0.1635839909431568,0.7833026038485691
0.0009926506149324867,0.07261483757792277,0.1635839909431568,0.7833026038485691
0.0009926506149324867,0.07261483757792277,0.1635839909431568,0.7833026038485691
0.0009926506149324867,0.07261483757792277,0.1635839909431568,0.7833026038485691
-0.0020622603111204877,0.0746769053598207,0.16556534836740278,0.7799474824996138
-0.0020622603111204877,0.0746769053598207,0.16556534836740278,0.7799474824996138
-0.0020622603111204877,0.0746769053598207,0.16556534836740278,0.7799474824996138
-0.0020622603111204877,0.0746769053598207,0.16556534836740278,0.7799474824996138
-0.0020622603111204877,0.0746769053598207,0.16556534836740278,0.7799474824996138
-0.0020622603111204877,0.0746769053598207,0.16556534836740278,0.7799474824996138
-0.0020622603111204877,0.0746769053598207,0.16556534836740278,0.7799474824996138
-0.002934297966452418,0.07442288589908869,0.16507977259897982,0.7816726422636618
-0.0028307503905978543,0.07261373005464279,0.16495965181463562,0.7811445849682062
-0.0028307503905978543,0.07261373005464279,0.16495965181463562,0.7811445849682062
-0.0028307503905978543,0.07261373005464279,0.16495965181463562,0.7811445849682062
-0.003984669750077084,0.07347316647642725,0.1630948331431632,0.7815322558706631
-0.003984669750077084,0.07347316647642725,0.1630948331431632,0.7815322558706631
-0.003984669750077084,0.07347316647642725,0.1630948331431632,0.7815322558706631
-0.003984669750077084,0.07347316647642725,0.1630948331431632,0.7815322558706631
-0.003984669750077084,0.07347316647642725,0.1630948331431632,0.7815322558706631
-0.005193024013265193,0.07225082043222576,0.16148884984165174,0.7848898014447325
-0.001845603548726283,0.07202038811533569,0.16025334823010953,0.788237421741806
-0.001845603548726283,0.07202038811533569,0.16025334823010953,0.788237421741806
-0.001845603548726283,0.07202038811533569,0.16025334823010953,0.788237421741806
-0.002282794728035863,0.07190424602628491,0.16022399651236105,0.7876439324264229
-0.002282794728035863,0.07190424602628491,0.16022399651236105,0.7876439324264229
-0.0004011068955065264,0.07261303469098064,0.15934729628763894,0.7874340374139481
-0.0004011068955065264,0.07261303469098064,0.15934729628763894,0.7874340374139481
-0.0009218675055163944,0.07348132697006436,0.16083501429766553,0.7845642361177649
-0.0009218675055163944,0.07348132697006436,0.16083501429766553,0.7845642361177649
-0.0009218675055163944,0.07348132697006436,0.16083501429766553,0.7845642361177649
-0.0009218675055163944,0.07348132697006436,0.16083501429766553,0.7845642361177649
-0.002242588734652287,0.07236858117993641,0.16212454979430424,0.7843523520991997
-0.002242588734652287,0.07236858117993641,0.16212454979430424,0.7843523520991997
-0.002242588734652287,0.07236858117993641,0.16212454979430424,0.7843523520991997
-0.0022129811366565053,0.07241270165270364,0.16290787863902725,0.7846966203175724
-0.00469012066386835,0.0748778005434469,0.1628121743550067,0.7800941662076503
-0.00469012066386835,0.0748778005434469,0.1628121743550067,0.7800941662076503
-0.002042774666819399,0.07269083696174977,0.16217879770720414,0.7823915063704286
-0.0015817433169434223,0.07230759667778408,0.16361151944378338,0.7832853789940164
-0.0015817433169434223,0.07230759667778408,0.16361151944378338,0.7832853789940164
-0.0005810600092034427,0.07186327460026122,0.16279700046808124,0.7832833069480601
-0.001357901333653819,0.07335096948906035,0.1639576786258821,0.7815402889152222
-0.0035251732208715723,0.07564152420745575,0.1663438778905748,0.7779263772079228
-0.0021992106012774758,0.07463127690363618,0.16596536206388532,0.7800696437597537
-0.0012686551768077876,0.07515704877819375,0.16426876404115578,0.7809401490931286
-0.002396551398025015,0.07426836251784984,0.16430144817906467,0.7799669844077637
-0.002396551398025015,0.07426836251784984,0.16430144817906467,0.7799669844077637
-0.0017607193266115588,0.07179617738393683,0.164945236148911,0.7812465713580221
-0.0017607193266115588,0.07179617738393683,0.164945236148911,0.7812465713580221
-0.0022133002857293855,0.07056620126972346,0.16661804531371305,0.7808869535459809
-0.0019828971666392844,0.0708471854238169,0.1671636974721742,0.7817924781967248
-0.001909217279697162,0.07152354625228352,0.16516107075287387,0.7819972007304309
-0.001909217279697162,0.07152354625228352,0.16516107075287387,0.7819972007304309
-0.001909217279697162,0.07152354625228352,0.16516107075287387,0.7819972007304309
-0.0025784721423349802,0.07414409860409989,0.16680066997296458,0.7787771081618038
-0.0025784721423349802,0.07414409860409989,0.16680066997296458,0.7787771081618038
-0.0025784721423349802,0.07414409860409989,0.16680066997296458,0.7787771081618038
-0.005319129153935913,0.07550920021130582,0.16594385797873784,0.7789033501027713
-0.005319129153935913,0.07550920021130582,0.16594385797873784,0.7789033501027713
-0.005093552009512931,0.0743940535989137,0.1644629889046869,0.7795572971972946
-0.005093552009512931,0.0743940535989137,0.1644629889046869,0.7795572971972946
-0.005093552009512931,0.0743940535989137,0.1644629889046869,0.7795572971972946
-0.0031527858839221993,0.07366498777746487,0.16328601816268712,0.7808723295314903
-0.0006446053480969435,0.07177443792211172,0.1628674148598774,0.7825944925940591
0.0018618824195658092,0.07209414767782094,0.16466598937301516,0.7814829808884934
0.001407472297911055,0.07316755172246514,0.16763932838620207,0.780156444875189
0.001407472297911055,0.07316755172246514,0.16763932838620207,0.780156444875189
0.001407472297911055,0.07316755172246514,0.16763932838620207,0.780156444875189
0.001407472297911055,0.07316755172246514,0.16763932838620207,0.780156444875189
-0.0015862265803945788,0.07257153040531128,0.16406925230253144,0.7812152813464014
-0.0015862265803945788,0.07257153040531128,0.16406925230253144,0.7812152813464014
-0.0015862265803945788,0.07257153040531128,0.16406925230253144,0.7812152813464014
-0.0015862265803945788,0.07257153040531128,0.16406925230253144,0.7812152813464014
-0.0018380943435774176,0.07291715778849212,0.16347546249049996,0.7808688510338089
-0.0018380943435774176,0.07291715778849212,0.16347546249049996,0.7808688510338089
-0.00223473512683332,0.0743580952769838,0.1628043118034765,0.7798949397708538
-0.00223473512683332,0.0743580952769838,0.1628043118034765,0.7798949397708538
-0.00223473512683332,0.0743580952769838,0.1628043118034765,0.7798949397708538
-0.0030103584842018946,0.07654764989285917,0.16337813433383996,0.7784496401887263
-0.003389157013827408,0.07705105364983955,0.16416293371345275,0.7783174897431357
-0.003389157013827408,0.07705105364983955,0.16416293371345275,0.7783174897431357
-0.003389157013827408,0.07705105364983955,0.16416293371345275,0.7783174897431357
-0.003389157013827408,0.07705105364983955,0.16416293371345275,0.7783174897431357
-0.003389157013827408,0.07705105364983955,0.16416293371345275,0.7783174897431357
-0.003389157013827408,0.07705105364983955,0.16416293371345275,0.7783174897431357
-0.003389157013827408,0.07705105364983955,0.16416293371345275,0.7783174897431357
-0.002860602938702389,0.07704716235367212,0.16683252041012633,0.7764933967027936
-0.003170571566545362,0.07502418970978668,0.16806123828137237,0.7775029846064228
-0.003170571566545362,0.07502418970978668,0.16806123828137237,0.7775029846064228
-0.003170571566545362,0.07502418970978668,0.16806123828137237,0.7775029846064228
-0.003170571566545362,0.07502418970978668,0.16806123828137237,0.7775029846064228
-0.003170571566545362,0.07502418970978668,0.16806123828137237,0.7775029846064228
-0.003170571566545362,0.07502418970978668,0.16806123828137237,0.7775029846064228
-0.003170571566545362,0.07502418970978668,0.16806123828137237,0.7775029846064228
-0.003170571566545362,0.07502418970978668,0.16806123828137237,0.7775029846064228
-0.003170571566545362,0.07502418970978668,0.16806123828137237,0.7775029846064228
-0.005902159836733063,0.07259868659897752,0.16526541519251392,0.7792883974085061
-0.005902159836733063,0.07259868659897752,0.16526541519251392,0.7792883974085061
-0.005902159836733063,0.07259868659897752,0.16526541519251392,0.7792883974085061
-0.005676423757726498,0.07376177663115237,0.16534505227550492,0.7811210404010163
-0.005676423757726498,0.07376177663115237,0.16534505227550492,0.7811210404010163
-0.005676423757726498,0.07376177663115237,0.16534505227550492,0.7811210404010163
-0.005676423757726498,0.07376177663115237,0.16534505227550492,0.7811210404010163
-0.004558087666898812,0.07322080740106743,0.16215125450462217,0.7818589005967049
-0.004051734327886772,0.07494445886876838,0.16137008067102648,0.7815818825249007
-0.004051734327886772,0.07494445886876838,0.16137008067102648,0.7815818825249007
-0.004051734327886772,0.07494445886876838,0.16137008067102648,0.7815818825249007
-0.0016550489693746844,0.07412486257049854,0.16369949973176345,0.7811211058827466
-0.004190573314833923,0.07580467663440389,0.16550905351956463,0.7789730415957903
-0.004190573314833923,0.07580467663440389,0.16550905351956463,0.7789730415957903
-0.0037115274511369677,0.07454748581704244,0.16416393080240263,0.7798025926023839
-0.004622278608937272,0.0754238401445339,0.16558704924121964,0.7786443724727531
-0.004622278608937272,0.0754238401445339,0.16558704924121964,0.7786443724727531
-0.004622278608937272,0.0754238401445339,0.16558704924121964,0.7786443724727531
-0.004622278608937272,0.0754238401445339,0.16558704924121964,0.7786443724727531
-0.004622278608937272,0.0754238401445339,0.16558704924121964,0.7786443724727531
-0.004622278608937272,0.0754238401445339,0.16558704924121964,0.7786443724727531
-0.004622278608937272,0.0754238401445339,0.16558704924121964,0.7786443724727531
-0.004622278608937272,0.0754238401445339,0.16558704924121964,0.7786443724727531
-0.0012524550121197015,0.07568149638461578,0.16574162090641842,0.7777054492533533
-0.0012524550121197015,0.07568149638461578,0.16574162090641842,0.7777054492533533
-0.0012524550121197015,0.07568149638461578,0.16574162090641842,0.7777054492533533
0.000973563183159212,0.07382487061105178,0.1650771460369833,0.7803221430020797
0.0008394947787906306,0.07169259236949156,0.16554826042982548,0.7813723908085579
0.000905068696830493,0.07288446615427677,0.16469825871078264,0.7804919800011341
0.000905068696830493,0.07288446615427677,0.16469825871078264,0.7804919800011341
0.001898183112991916,0.07347874753619064,0.1632305159131026,0.7819337968450042
0.001898183112991916,0.07347874753619064,0.1632305159131026,0.7819337968450042
0.001898183112991916,0.07347874753619064,0.1632305159131026,0.7819337968450042
0.001898183112991916,0.07347874753619064,0.1632305159131026,0.7819337968450042
-4.897163214359862e-05,0.0735229949099286,0.16310599679742943,0.7811937272089207
-4.897163214359862e-05,0.0735229949099286,0.16310599679742943,0.7811937272089207
-4.897163214359862e-05,0.0735229949099286,0.16310599679742943,0.7811937272089207
-4.897163214359862e-05,0.0735229949099286,0.16310599679742943,0.7811937272089207
-0.00012512689813250043,0.0740427209476146,0.1641152682083872,0.7804871818142217
-0.00012512689813250043,0.0740427209476146,0.1641152682083872,0.7804871818142217
-0.00012512689813250043,0.0740427209476146,0.1641152682083872,0.7804871818142217
-0.002801121717754302,0.07415538801063357,0.1667126867645359,0.7793769193620903
-0.0018591866471522377,0.07325431524924002,0.16699314518093458,0.7794624469138015
-0.0018591866471522377,0.07325431524924002,0.16699314518093458,0.7794624469138015
-0.0018591866471522377,0.07325431524924002,0.16699314518093458,0.7794624469138015
-0.0018591866471522377,0.07325431524924002,0.16699314518093458,0.7794624469138015
-0.002552106027400431,0.07437871754944077,0.16702709361215004,0.779271292646962
-0.002552106027400431,0.07437871754944077,0.16702709361215004,0.779271292646962
-0.002552106027400431,0.07437871754944077,0.16702709361215004,0.779271292646962
-0.002552106027400431,0.07437871754944077,0.16702709361215004,0.779271292646962
-0.002552106027400431,0.07437871754944077,0.16702709361215004,0.779271292646962
-0.002552106027400431,0.07437871754944077,0.16702709361215004,0.779271292646962
-0.002552106027400431,0.07437871754944077,0.16702709361215004,0.779271292646962
-0.002552106027400431,0.07437871754944077,0.16702709361215004,0.779271292646962
-0.0018411225094733972,0.07383390318258098,0.16577635359607445,0.7791726608960279
-0.0029659383033584976,0.07509028986979316,0.16701655035734927,0.7781297110342962
-0.0029659383033584976,0.07509028986979316,0.16701655035734927,0.7781297110342962
-0.0012932905696017307,0.07559821290983645,0.16707309462546716,0.7784772536414233
-0.0011201660079914351,0.07712570397287082,0.16648647387292292,0.7771922051496029
-0.0011201660079914351,0.07712570397287082,0.16648647387292292,0.7771922051496029
-0.0011201660079914351,0.07712570397287082,0.16648647387292292,0.7771922051496029
-0.001443105385031882,0.07748628096707955,0.16464163804882023,0.7785947725709297
-0.001443105385031882,0.07748628096707955,0.16464163804882023,0.7785947725709297
0.0007828607367725842,0.07817023856475054,0.16743615618465454,0.7752128402772699
0.0007828607367725842,0.07817023856475054,0.16743615618465454,0.7752128402772699
0.0007828607367725842,0.07817023856475054,0.16743615618465454,0.7752128402772699
0.0007828607367725842,0.07817023856475054,0.16743615618465454,0.7752128402772699
0.0007828607367725842,0.07817023856475054,0.16743615618465454,0.7752128402772699
-0.0016609833701303955,0.07838179827432068,0.1678481811548299,0.7742206241841011
-0.0018704409594719718,0.07945494160954211,0.16599679686552785,0.7742312818545369
-0.0018704409594719718,0.07945494160954211,0.16599679686552785,0.7742312818545369
-0.0010002592637720648,0.07951180491083296,0.1688528038130042,0.772374263823622
-0.0010002592637720648,0.07951180491083296,0.1688528038130042,0.772374263823622
-0.0010002592637720648,0.07951180491083296,0.1688528038130042,0.772374263823622
-0.001968353297454911,0.07903451756162742,0.16881436905355338,0.7735631572317805
-0.0030398733269107817,0.07930238594343113,0.1689647327062655,0.7726831947909353
-0.0030398733269107817,0.07930238594343113,0.1689647327062655,0.7726831947909353
-0.0030398733269107817,0.07930238594343113,0.1689647327062655,0.7726831947909353
-0.0032729168567555357,0.07802857947971951,0.1689847657656014,0.7714172284808717
-0.0032729168567555357,0.07802857947971951,0.1689847657656014,0.7714172284808717
-0.003903772534338925,0.07812550609417658,0.16990961441290925,0.7734458973161303
-0.003903772534338925,0.07812550609417658,0.16990961441290925,0.7734458973161303
-0.003903772534338925,0.07812550609417658,0.16990961441290925,0.7734458973161303
-0.003903772534338925,0.07812550609417658,0.16990961441290925,0.7734458973161303
-0.003903772534338925,0.07812550609417658,0.16990961441290925,0.7734458973161303
-0.0032218695688802884,0.0785901636486276,0.16954908590590084,0.7746402718328347
-0.0032218695688802884,0.0785901636486276,0.16954908590590084,0.7746402718328347
-0.00257359038523208,0.07600018697647581,0.1690599137904815,0.7753401051648744
-0.00257359038523208,0.07600018697647581,0.1690599137904815,0.7753401051648744
-0.002904303364852024,0.07468009872396425,0.1705087395965904,0.775194405947571
-0.0020314285416502733,0.07299898999054286,0.17050289925746176,0.7765819535403662
-0.0020314285416502733,0.07299898999054286,0.17050289925746176,0.7765819535403662
-0.0020314285416502733,0.07299898999054286,0.17050289925746176,0.7765819535403662
-0.002147154665671446,0.07169868854469799,0.1719820910795449,0.7775213548091436
-0.002147154665671446,0.07169868854469799,0.1719820910795449,0.7775213548091436
-0.002147154665671446,0.07169868854469799,0.1719820910795449,0.7775213548091436
-0.002147154665671446,0.07169868854469799,0.1719820910795449,0.7775213548091436
-0.0014177954132721044,0.07242571920232949,0.1690774311434498,0.7774212764883259
-0.0016339614543943992,0.07319537032955872,0.16959098469513478,0.7768505878198095
-0.0016339614543943992,0.07319537032955872,0.16959098469513478,0.7768505878198095
-0.0016339614543943992,0.07319537032955872,0.16959098469513478,0.7768505878198095
-0.0016339614543943992,0.07319537032955872,0.16959098469513478,0.7768505878198095
-0.0016339614543943992,0.07319537032955872,0.16959098469513478,0.7768505878198095
-0.0016339614543943992,0.07319537032955872,0.16959098469513478,0.7768505878198095
-0.0016339614543943992,0.07319537032955872,0.16959098469513478,0.7768505878198095
-0.0007817962409283024,0.07714475259162494,0.17163098924340184,0.7735797244336807
-0.0007817962409283024,0.07714475259162494,0.17163098924340184,0.7735797244336807
0.0009623820067771788,0.07725892987245016,0.16880846737217786,0.7753726379995308
0.0014765252088625035,0.07819702661372592,0.1654917582005115,0.776321503911916
0.0008522806066876818,0.07724406331081755,0.16321856531631002,0.7776919377023589
0.0008522806066876818,0.07724406331081755,0.16321856531631002,0.7776919377023589
0.0008522806066876818,0.07724406331081755,0.16321856531631002,0.7776919377023589
0.0008522806066876818,0.07724406331081755,0.16321856531631002,0.7776919377023589
0.0008522806066876818,0.07724406331081755,0.16321856531631002,0.7776919377023589
0.0008522806066876818,0.07724406331081755,0.16321856531631002,0.7776919377023589
0.0008522806066876818,0.07724406331081755,0.16321856531631002,0.7776919377023589
0.0030166861371263743,0.07335873321070102,0.164096773717936,0.7807002480511754
0.0011069661949945795,0.07458974700554369,0.16390960223366519,0.7790042027974812
0.0008484992547410906,0.07462139883255485,0.16651935007461524,0.778715600337796
-0.0019010898750036346,0.07655490015178028,0.16451446904819853,0.7790074391290133
-0.0019010898750036346,0.07655490015178028,0.16451446904819853,0.7790074391290133
-0.0001156594654315099,0.07600425455129203,0.16604469610105033,0.7787765379637187
-0.0001156594654315099,0.07600425455129203,0.16604469610105033,0.7787765379637187
-0.00045720272718093464,0.0759331246629658,0.1640581758818231,0.7787463092266366
0.0006033454210683214,0.07482246524672993,0.16335637560389665,0.781071222954181
0.0006033454210683214,0.07482246524672993,0.16335637560389665,0.781071222954181
0.0006033454210683214,0.07482246524672993,0.16335637560389665,0.781071222954181
9.974678434090663e-05,0.07502312016821876,0.16157851139701823,0.7832703768567496
9.974678434090663e-05,0.07502312016821876,0.16157851139701823,0.7832703768567496
-0.0005778016578074899,0.07402384631591002,0.16060188335975392,0.7829483993292815
0.0002651354169854373,0.07434850255741911,0.16315149978677662,0.7823234844594578
0.0002651354169854373,0.07434850255741911,0.16315149978677662,0.7823234844594578
0.0002651354169854373,0.07434850255741911,0.16315149978677662,0.7823234844594578
-0.0006472291835817471,0.07433173587599716,0.16350675474869553,0.783155711055802
-0.00047369173615247284,0.07313605957593938,0.1640819096410034,0.7830007729964663
-0.00047369173615247284,0.07313605957593938,0.1640819096410034,0.7830007729964663
0.0010794720190930103,0.07188380006794977,0.16403477681259407,0.7835891515071982
0.0010794720190930103,0.07188380006794977,0.16403477681259407,0.7835891515071982
0.0010794720190930103,0.07188380006794977,0.16403477681259407,0.7835891515071982
-0.0016859244892899429,0.07121935566438099,0.16504821376601914,0.783810793222318
0.00027547463573289206,0.07057177712195553,0.16373855220146358,0.7834763481343303
0.0007611108632339357,0.07174170952734758,0.16041827280731255,0.7863779807377103
0.0007611108632339357,0.07174170952734758,0.16041827280731255,0.7863779807377103
0.0007611108632339357,0.07174170952734758,0.16041827280731255,0.7863779807377103
0.0007611108632339357,0.07174170952734758,0.16041827280731255,0.7863779807377103
-0.0015879364277220289,0.07148560616556336,0.15972185428031566,0.7847249999309647
-0.0015879364277220289,0.07148560616556336,0.15972185428031566,0.7847249999309647
-0.003095978600667044,0.07057085725385713,0.1616373672400089,0.7855108397879642
-0.003095978600667044,0.07057085725385713,0.1616373672400089,0.7855108397879642
-0.003095978600667044,0.07057085725385713,0.1616373672400089,0.7855108397879642
-0.002215171714899481,0.07081488981331793,0.16167177728069118,0.7849627236056921
-0.002215171714899481,0.07081488981331793,0.16167177728069118,0.7849627236056921
-0.002215171714899481,0.07081488981331793,0.16167177728069118,0.7849627236056921
-0.0017819113926213985,0.07453559430058053,0.16064639496869132,0.7847305780694441
-0.0017819113926213985,0.07453559430058053,0.16064639496869132,0.7847305780694441
-0.0017819113926213985,0.07453559430058053,0.16064639496869132,0.7847305780694441
-0.001595698493080069,0.07571540849873162,0.1592124832003652,0.7830506458184969
-0.0016399491271126823,0.07350416729009937,0.1589711001181959,0.7847414560791061
-0.0016399491271126823,0.07350416729009937,0.1589711001181959,0.7847414560791061
-0.0020807572307586057,0.07364695976517313,0.1622504637984383,0.7832329826753646
-0.0020807572307586057,0.07364695976517313,0.1622504637984383,0.7832329826753646
-0.0020807572307586057,0.07364695976517313,0.1622504637984383,0.7832329826753646
-0.0020807572307586057,0.07364695976517313,0.1622504637984383,0.7832329826753646
-0.002379632125384859,0.07469716730510736,0.16266510669617956,0.7817407011275477
-0.002379632125384859,0.07469716730510736,0.16266510669617956,0.7817407011275477
-0.002379632125384859,0.07469716730510736,0.16266510669617956,0.7817407011275477
-0.002837337748777828,0.07478599620639331,0.1632570272468216,0.7809988104107446
-0.0039910441975061165,0.07569906384248637,0.16348124000688433,0.7805024885264692
-0.003130295828000903,0.07329481416847579,0.1598980983721349,0.7852167480016433
-0.0005431261799285088,0.0734998806993039,0.16067581826442978,0.7845252594537179
0.0006046543088435072,0.07393276190349038,0.16105289397852546,0.7824716771840865
0.0006046543088435072,0.07393276190349038,0.16105289397852546,0.7824716771840865
-0.00117553500924443,0.07432051321250543,0.1633890099903107,0.7809123524179739
-0.00117553500924443,0.07432051321250543,0.1633890099903107,0.7809123524179739
-0.00117553500924443,0.07432051321250543,0.1633890099903107,0.7809123524179739
-0.00117553500924443,0.07432051321250543,0.1633890099903107,0.7809123524179739
-0.0008600446477849003,0.07261223786858527,0.16472767724806883,0.7820154493114135
-0.0008600446477849003,0.07261223786858527,0.16472767724806883,0.7820154493114135
0.0005325803101163848,0.07287022416486011,0.16498629092359926,0.7821482292646779
0.002228840095755065,0.07415224058505601,0.16679620247297,0.7782836012952572
0.002228840095755065,0.07415224058505601,0.16679620247297,0.7782836012952572
0.002228840095755065,0.07415224058505601,0.16679620247297,0.7782836012952572
0.0018544787960287897,0.07342922730548412,0.1646225412291195,0.7809675902170908
0.0018544787960287897,0.07342922730548412,0.1646225412291195,0.7809675902170908
0.0018544787960287897,0.07342922730548412,0.1646225412291195,0.7809675902170908
0.0018544787960287897,0.07342922730548412,0.1646225412291195,0.7809675902170908
0.0018544787960287897,0.07342922730548412,0.1646225412291195,0.7809675902170908
0.0018544787960287897,0.07342922730548412,0.1646225412291195,0.7809675902170908
0.0018544787960287897,0.07342922730548412,0.1646225412291195,0.7809675902170908
0.0018544787960287897,0.07342922730548412,0.1646225412291195,0.7809675902170908
0.0018544787960287897,0.07342922730548412,0.1646225412291195,0.7809675902170908
0.0034017651832163043,0.07140735021183968,0.1625396913136216,0.7835463556690486
0.0015439331349764406,0.06968689935182204,0.16244682644342845,0.7874794647714017
0.0015439331349764406,0.06968689935182204,0.16244682644342845,0.7874794647714017
0.0015439331349764406,0.06968689935182204,0.16244682644342845,0.7874794647714017
0.00045305326869148586,0.07029096752596019,0.16465421341080222,0.7854337771178003
0.00045305326869148586,0.07029096752596019,0.16465421341080222,0.7854337771178003
0.00045305326869148586,0.07029096752596019,0.16465421341080222,0.7854337771178003
-0.0007720006198247257,0.07169918701702635,0.16371977139697297,0.7839492850749475
-0.0007720006198247257,0.07169918701702635,0.16371977139697297,0.7839492850749475
-0.0007720006198247257,0.07169918701702635,0.16371977139697297,0.7839492850749475
-0.0007720006198247257,0.07169918701702635,0.16371977139697297,0.7839492850749475
-0.001388839685119853,0.0712090284924077,0.1615293563923523,0.785464965448745
-0.001388839685119853,0.0712090284924077,0.1615293563923523,0.785464965448745
-0.004093665638422426,0.07218828336798319,0.16177219998593473,0.7849669786717695
-0.004093665638422426,0.07218828336798319,0.16177219998593473,0.7849669786717695
-0.0037399603151993988,0.07235462761790588,0.1630039101568403,0.7850648108078685
-0.004624781849669188,0.07360487597476818,0.16518175689567027,0.7818636091693806
-0.0035376689633142893,0.07408583904944237,0.16499578358030306,0.7819438675154199
-0.0035376689633142893,0.07408583904944237,0.16499578358030306,0.7819438675154199
-0.0035376689633142893,0.07408583904944237,0.16499578358030306,0.7819438675154199
-0.004790745765295916,0.07339237967513622,0.16456703013612042,0.7814677716788881
-0.005639619781719773,0.07201495502537679,0.16421000665321064,0.78378802914872
-0.002854220795090796,0.07045495996444603,0.1638594946105527,0.7839472729356377
-0.0018980313069005474,0.07016176838324287,0.164740160275987,0.783063097427896
-0.0018980313069005474,0.07016176838324287,0.164740160275987,0.783063097427896
-0.0025387292043312546,0.07188236763954754,0.16545455883410592,0.78329691608261
-0.0026092547786140856,0.07252271560326423,0.1652953629538578,0.7823313708271372
-0.0013971657734437727,0.06930507636264815,0.16297154814181508,0.7861505379330557
-0.0013971657734437727,0.06930507636264815,0.16297154814181508,0.7861505379330557
-7.90606030388059e-05,0.070167013184425,0.16241168253731714,0.7841616322451069
-0.0013071800218507849,0.06829476249324601,0.16433839450359622,0.7844648041769299
-0.0005568811794176108,0.0693204637118659,0.1643259992566476,0.7825336754101454
0.00030515129198874853,0.07162719245331763,0.16489048846941565,0.7798495787875694
0.002389030658683203,0.07174782565568605,0.16912326448718912,0.7782158040392011
0.003841268918329601,0.07200647779966698,0.16853801430914037,0.7788554404955115
0.003841268918329601,0.07200647779966698,0.16853801430914037,0.7788554404955115
0.0019537566074267964,0.0723799257512767,0.16651708812601304,0.7787915607084205
0.002322580000193399,0.07290241258714787,0.16665919803431942,0.7803597884196418
0.002322580000193399,0.07290241258714787,0.16665919803431942,0.7803597884196418
0.002322580000193399,0.07290241258714787,0.16665919803431942,0.7803597884196418
0.002322580000193399,0.07290241258714787,0.16665919803431942,0.7803597884196418
0.002322580000193399,0.07290241258714787,0.16665919803431942,0.7803597884196418
0.002322580000193399,0.07290241258714787,0.16665919803431942,0.7803597884196418
0.002322580000193399,0.07290241258714787,0.16665919803431942,0.7803597884196418
0.002322580000193399,0.07290241258714787,0.16665919803431942,0.7803597884196418
0.002322580000193399,0.07290241258714787,0.16665919803431942,0.7803597884196418
0.0024450707437601795,0.07379779973024787,0.1673634339345702,0.7793403000270552
0.0024450707437601795,0.07379779973024787,0.1673634339345702,0.7793403000270552
0.0024450707437601795,0.07379779973024787,0.1673634339345702,0.7793403000270552
0.0024450707437601795,0.07379779973024787,0.1673634339345702,0.7793403000270552
0.0009171433499888582,0.07143334444113529,0.1645344539579966,0.7818279360191178
0.0009171433499888582,0.07143334444113529,0.1645344539579966,0.7818279360191178
0.0009171433499888582,0.07143334444113529,0.1645344539579966,0.7818279360191178
0.0009171433499888582,0.07143334444113529,0.1645344539579966,0.7818279360191178
-0.0009467062312673931,0.07213940406003426,0.1648852034055852,0.7811585539544458
-0.0009467062312673931,0.07213940406003426,0.1648852034055852,0.7811585539544458
-0.0009467062312673931,0.07213940406003426,0.1648852034055852,0.7811585539544458
-0.0009467062312673931,0.07213940406003426,0.1648852034055852,0.7811585539544458
-0.0009467062312673931,0.07213940406003426,0.1648852034055852,0.7811585539544458
-0.001826946599748412,0.0722282606503017,0.1639993675666283,0.7816685126391689
-0.001826946599748412,0.0722282606503017,0.1639993675666283,0.7816685126391689
-0.001826946599748412,0.0722282606503017,0.1639993675666283,0.7816685126391689
-0.001826946599748412,0.0722282606503017,0.1639993675666283,0.7816685126391689
-0.001689098700127625,0.07107098379087855,0.16654277813569673,0.7820792569824659
-0.001689098700127625,0.07107098379087855,0.16654277813569673,0.7820792569824659
-0.004406474073170861,0.07266274825821017,0.16630702293455177,0.7790999768480088
-0.0045410717661730415,0.07274643733876981,0.1682935571544857,0.7779755448370357
-0.0045410717661730415,0.07274643733876981,0.1682935571544857,0.7779755448370357
-0.005331211939601721,0.0728532825849935,0.1687366460968022,0.7782702373113695
-0.005331211939601721,0.0728532825849935,0.1687366460968022,0.7782702373113695
-0.004763857858566504,0.07196048260680436,0.16681502175655508,0.779266867149935
-0.004763857858566504,0.07196048260680436,0.16681502175655508,0.779266867149935
-0.00520060555011134,0.0726436367262475,0.1664039251912176,0.779857250441014
-0.00520060555011134,0.0726436367262475,0.1664039251912176,0.779857250441014
-0.0039095348331106014,0.07283686860423548,0.16751455509210084,0.7790895086204768
-0.0039095348331106014,0.07283686860423548,0.16751455509210084,0.7790895086204768
-0.0029222653110671524,0.07297333463105064,0.16613239709351932,0.7818869182652979
-0.0029222653110671524,0.07297333463105064,0.16613239709351932,0.7818869182652979
-0.0029222653110671524,0.07297333463105064,0.16613239709351932,0.7818869182652979
-0.0029222653110671524,0.07297333463105064,0.16613239709351932,0.7818869182652979
-0.0041338093722155505,0.07288687334656382,0.16503565381973992,0.7828514316253485
-0.003615524707514532,0.07202641849387549,0.16476592826576364,0.7835917013651004
-0.003615524707514532,0.07202641849387549,0.16476592826576364,0.7835917013651004
-0.003615524707514532,0.07202641849387549,0.16476592826576364,0.7835917013651004
-0.0028641258012344047,0.07370591998596805,0.16497931008867273,0.781624814698061
-0.0028641258012344047,0.07370591998596805,0.16497931008867273,0.781624814698061
-0.0028641258012344047,0.07370591998596805,0.16497931008867273,0.781624814698061
-0.0024981331771421664,0.07168127157637282,0.16549253417290744,0.7816322690124516
-0.0024981331771421664,0.07168127157637282,0.16549253417290744,0.7816322690124516
-0.0015663605495341286,0.07190192182083191,0.16374687775431698,0.7851590883484262
-0.0015663605495341286,0.07190192182083191,0.16374687775431698,0.7851590883484262
-0.0010906673134279006,0.07089392214845076,0.16151978941646283,0.7873636208193575
-0.0010906673134279006,0.07089392214845076,0.16151978941646283,0.7873636208193575
-0.0010906673134279006,0.07089392214845076,0.16151978941646283,0.7873636208193575
-0.00035699505922941925,0.07049549116984014,0.1614377514079399,0.7855937445495279
0.001276935608190787,0.07003561716053261,0.16304715945576753,0.7844345963937325
0.001276935608190787,0.07003561716053261,0.16304715945576753,0.7844345963937325
0.001276935608190787,0.07003561716053261,0.16304715945576753,0.7844345963937325
0.001276935608190787,0.07003561716053261,0.16304715945576753,0.7844345963937325
0.001276935608190787,0.07003561716053261,0.16304715945576753,0.7844345963937325
0.001276935608190787,0.07003561716053261,0.16304715945576753,0.7844345963937325
0.001276935608190787,0.07003561716053261,0.16304715945576753,0.7844345963937325
0.0017430405720944176,0.06935436753545349,0.16311824809436543,0.7860982012025094
0.001171494069460417,0.0698707517957783,0.16281513381869295,0.7868337629640529
0.001171494069460417,0.0698707517957783,0.16281513381869295,0.7868337629640529
0.001171494069460417,0.0698707517957783,0.16281513381869295,0.7868337629640529
0.001171494069460417,0.0698707517957783,0.16281513381869295,0.7868337629640529
0.0021300087949109817,0.0714160258547576,0.1620494226535755,0.7861778716850032
0.0021300087949109817,0.0714160258547576,0.1620494226535755,0.7861778716850032
0.0014661806491298977,0.07131388855954338,0.16270198984147655,0.783989227824635
5.6829025082790006e-05,0.0741268412332367,0.16339083223986064,0.7823655624112887
5.6829025082790006e-05,0.0741268412332367,0.16339083223986064,0.7823655624112887
0.0030263778225255874,0.07361620685382292,0.16314914137209666,0.7833311310113913
0.0030263778225255874,0.07361620685382292,0.16314914137209666,0.7833311310113913
0.0030263778225255874,0.07361620685382292,0.16314914137209666,0.7833311310113913
0.002182074367971092,0.07307096336197184,0.16285801804619834,0.7843009344263944
0.002182074367971092,0.07307096336197184,0.16285801804619834,0.7843009344263944
0.002182074367971092,0.07307096336197184,0.16285801804619834,0.7843009344263944
0.002182074367971092,0.07307096336197184,0.16285801804619834,0.7843009344263944
0.0014126787535437934,0.07096742780836805,0.16487523418127276,0.7827112160951666
0.00022412435175557651,0.07146511086712268,0.1641512417403879,0.7825487987966868
0.00022412435175557651,0.07146511086712268,0.1641512417403879,0.7825487987966868
0.00022412435175557651,0.07146511086712268,0.1641512417403879,0.7825487987966868
-0.0005888267901405958,0.07396786356354976,0.16483301507328302,0.7809154615861158
0.0034938392950684136,0.07438692400892856,0.16628031947952246,0.7795030093191951
0.0034938392950684136,0.07438692400892856,0.16628031947952246,0.7795030093191951
0.0023706045704877925,0.07432076091071914,0.16577789702097112,0.7791664626950946
0.0026058537726242623,0.07424953523725579,0.16659266439281942,0.7791081706742176
0.0026058537726242623,0.07424953523725579,0.16659266439281942,0.7791081706742176
0.0026058537726242623,0.07424953523725579,0.16659266439281942,0.7791081706742176
0.0026058537726242623,0.07424953523725579,0.16659266439281942,0.7791081706742176
0.00255615977327881,0.07303913217575674,0.16506523027738382,0.7802051248202959
0.00255615977327881,0.07303913217575674,0.16506523027738382,0.7802051248202959
0.0031525869064098558,0.0733004322637943,0.16533720186990827,0.7797158283901962
0.004300964964566145,0.07464919150715621,0.16403795415705297,0.7803210285385215
0.004300964964566145,0.07464919150715621,0.16403795415705297,0.7803210285385215
0.004300964964566145,0.07464919150715621,0.16403795415705297,0.7803210285385215
0.004300964964566145,0.07464919150715621,0.16403795415705297,0.7803210285385215
0.0033826673774756543,0.07410616369207006,0.16319956459071955,0.7818421938755467
0.0033826673774756543,0.07410616369207006,0.16319956459071955,0.7818421938755467
0.0033826673774756543,0.07410616369207006,0.16319956459071955,0.7818421938755467
0.0033826673774756543,0.07410616369207006,0.16319956459071955,0.7818421938755467
0.0033826673774756543,0.07410616369207006,0.16319956459071955,0.7818421938755467
0.0033826673774756543,0.07410616369207006,0.16319956459071955,0.7818421938755467
0.0033826673774756543,0.07410616369207006,0.16319956459071955,0.7818421938755467
0.001481867501929241,0.0730574083323276,0.1637044997433114,0.7826168916277719
0.001481867501929241,0.0730574083323276,0.1637044997433114,0.7826168916277719
0.001481867501929241,0.0730574083323276,0.1637044997433114,0.7826168916277719
0.001481867501929241,0.0730574083323276,0.1637044997433114,0.7826168916277719
0.001481867501929241,0.0730574083323276,0.1637044997433114,0.7826168916277719
-0.0006038901442813719,0.07217166774307428,0.16325014455867645,0.7836526369364344
-0.0006038901442813719,0.07217166774307428,0.16325014455867645,0.7836526369364344
-0.0012177072062272698,0.07272047687127649,0.1625841816393174,0.7836734366087927
-0.0012509469581526518,0.07261938116177641,0.16226795861685966,0.7857674712901587
-0.0012509469581526518,0.07261938116177641,0.16226795861685966,0.7857674712901587
-0.0022781213091556526,0.07030953857672824,0.16014264423040353,0.7891583045397376
-0.0022781213091556526,0.07030953857672824,0.16014264423040353,0.7891583045397376
-0.0022781213091556526,0.07030953857672824,0.16014264423040353,0.7891583045397376
-0.002150021220390478,0.0675027507897183,0.15750131870335615,0.7925646764122477
-0.0038263540846601445,0.06755634801228512,0.15740271828012814,0.7908083386242608
-0.0033092139428742614,0.06862198915531595,0.16286207382030385,0.7876898362319822
-0.002843699164002746,0.06944951474155442,0.16146002727355754,0.788183497461233
-0.002843699164002746,0.06944951474155442,0.16146002727355754,0.788183497461233
-0.00016254809981374645,0.06965129040700335,0.16163650560804954,0.7877534855670959
-0.00016254809981374645,0.06965129040700335,0.16163650560804954,0.7877534855670959
0.00035261891302898344,0.07027710107441722,0.1611121939452993,0.7864952730334083
0.00035261891302898344,0.07027710107441722,0.1611121939452993,0.7864952730334083
0.00035261891302898344,0.07027710107441722,0.1611121939452993,0.7864952730334083
-0.0013251113008700133,0.07250650440352877,0.16402103551807673,0.7834691804262979
-0.001933015905990437,0.07387446009953086,0.16313576668280827,0.7830088243709787
-0.0009387154220760066,0.07338411777067246,0.1623912229034621,0.7814457710701521
-0.0003875384069614347,0.07480080419377826,0.16461730469695435,0.7806879796975011
-0.0003875384069614347,0.07480080419377826,0.16461730469695435,0.7806879796975011
0.0012722463590615829,0.07430164555718591,0.16407836639836154,0.780493272478037
0.0012722463590615829,0.07430164555718591,0.16407836639836154,0.780493272478037
-0.0002467582212032184,0.0739968008622692,0.1636078857700904,0.7805190040605503
0.0011740366545304728,0.07520637394236039,0.16479093496809544,0.7789179954585526
0.0010771559769337665,0.07327055667367155,0.1642359157934392,0.7805832479522872
0.0010771559769337665,0.07327055667367155,0.1642359157934392,0.7805832479522872
-0.0018442752188398035,0.07508845180070414,0.16405194229791722,0.7801564718930142
-0.0018442752188398035,0.07508845180070414,0.16405194229791722,0.7801564718930142
-0.0018442752188398035,0.07508845180070414,0.16405194229791722,0.7801564718930142
-0.0018442752188398035,0.07508845180070414,0.16405194229791722,0.7801564718930142
-0.0018442752188398035,0.07508845180070414,0.16405194229791722,0.7801564718930142
-0.0018442752188398035,0.07508845180070414,0.16405194229791722,0.7801564718930142
-0.0018442752188398035,0.07508845180070414,0.16405194229791722,0.7801564718930142
-0.0018442752188398035,0.07508845180070414,0.16405194229791722,0.7801564718930142
-0.0018442752188398035,0.07508845180070414,0.16405194229791722,0.7801564718930142
-0.0031092233232044237,0.07412092452271644,0.16339980796792103,0.7812496589398908
-0.0031092233232044237,0.07412092452271644,0.16339980796792103,0.7812496589398908
-0.0031092233232044237,0.07412092452271644,0.16339980796792103,0.7812496589398908
-0.004436025805315886,0.07591570022733662,0.16375646255237677,0.779109771137951
-0.004436025805315886,0.07591570022733662,0.16375646255237677,0.779109771137951
-0.004436025805315886,0.07591570022733662,0.16375646255237677,0.779109771137951
-0.004436025805315886,0.07591570022733662,0.16375646255237677,0.779109771137951
-0.003046486204842924,0.07489724303833654,0.16562970404699492,0.778318192616522
-0.003046486204842924,0.07489724303833654,0.16562970404699492,0.778318192616522
-0.0010673149701061254,0.0761092937417768,0.1654362247961933,0.7776689430880516
-0.0010673149701061254,0.0761092937417768,0.1654362247961933,0.7776689430880516
-0.0010673149701061254,0.0761092937417768,0.1654362247961933,0.7776689430880516
-0.0014471785083392814,0.07695652525887384,0.1650081075935265,0.7783344745165692
-0.0014471785083392814,0.07695652525887384,0.1650081075935265,0.7783344745165692
-0.0014471785083392814,0.07695652525887384,0.1650081075935265,0.7783344745165692
-0.0006127252975384448,0.0768914491170116,0.16353405312896255,0.7797306766335381
-0.0006127252975384448,0.0768914491170116,0.16353405312896255,0.7797306766335381
5.193505945398928e-05,0.07407832929580768,0.1656478181548452,0.781680492669132
-0.0013722347609762772,0.07236943830009536,0.16384211680393565,0.7820732655742498
0.0008927949617981166,0.07283592405298647,0.16351481468120124,0.7818682419785526
-0.000931570607516767,0.07342225583242816,0.16173684480594872,0.7825055672566372
-0.000931570607516767,0.07342225583242816,0.16173684480594872,0.7825055672566372
-0.000931570607516767,0.07342225583242816,0.16173684480594872,0.7825055672566372
-0.000931570607516767,0.07342225583242816,0.16173684480594872,0.7825055672566372
-0.000931570607516767,0.07342225583242816,0.16173684480594872,0.7825055672566372
-0.0026052256184270718,0.07228217232566521,0.1618611978612813,0.7836335619748731
-0.0026052256184270718,0.07228217232566521,0.1618611978612813,0.7836335619748731
-0.002310528971078367,0.07190631956336765,0.16163466532266516,0.7866500239979993
-0.0019645751570832844,0.0722703508915207,0.16100208757198492,0.7853711252836212
-0.0019645751570832844,0.0722703508915207,0.16100208757198492,0.7853711252836212
-0.0015313662498245453,0.07312945724219427,0.1618377626010463,0.7843461731039064
0.00130033010136428,0.07344425496631536,0.16409236523871495,0.7812439428024653
-0.0005396831686877957,0.07522761314038029,0.16602563704806803,0.7801437398148653
-0.0005396831686877957,0.07522761314038029,0.16602563704806803,0.7801437398148653
-0.0005396831686877957,0.07522761314038029,0.16602563704806803,0.7801437398148653
-0.0007297939816117065,0.07354894470017921,0.16386760535684763,0.7817307413001061
-0.0007297939816117065,0.07354894470017921,0.16386760535684763,0.7817307413001061
-0.0007297939816117065,0.07354894470017921,0.16386760535684763,0.7817307413001061
-0.0007297939816117065,0.07354894470017921,0.16386760535684763,0.7817307413001061
-0.0007297939816117065,0.07354894470017921,0.16386760535684763,0.7817307413001061
-0.0011343719136622786,0.07343319496851582,0.16375869339021973,0.7820420534902081
-0.0010758780210116867,0.07481477801532736,0.16446655915139616,0.7811611520528949
0.0006685102593547343,0.0718895613747781,0.16338783125970704,0.7838839640170953
0.003760154796576298,0.07194706048093152,0.16284676632756945,0.783649715465887
0.003760154796576298,0.07194706048093152,0.16284676632756945,0.783649715465887
0.003760154796576298,0.07194706048093152,0.16284676632756945,0.783649715465887
0.0047307897443659855,0.07349548508712668,0.16445423643074128,0.7823727465551551
0.004908447423051146,0.0728408603660955,0.16250891255817182,0.7847870232248203
0.004895796774398476,0.07215709006573648,0.15945476986297874,0.785492484598774
0.004895796774398476,0.07215709006573648,0.15945476986297874,0.785492484598774
0.00391744711917073,0.07423808702238023,0.15958196437387664,0.7845804680151935
0.00391744711917073,0.07423808702238023,0.15958196437387664,0.7845804680151935
0.0026922566640248855,0.07314740139094544,0.1590434992001132,0.7845411883513301
0.0026922566640248855,0.07314740139094544,0.1590434992001132,0.7845411883513301
0.0034191502219073997,0.07408284484216114,0.1605534625268304,0.7849141214867502
0.00338869783434213,0.07336836075592185,0.16147330628193807,0.7828906520933161
0.00338869783434213,0.07336836075592185,0.16147330628193807,0.7828906520933161
0.00338869783434213,0.07336836075592185,0.16147330628193807,0.7828906520933161
0.00338869783434213,0.07336836075592185,0.16147330628193807,0.7828906520933161
0.00338869783434213,0.07336836075592185,0.16147330628193807,0.7828906520933161
0.00338869783434213,0.07336836075592185,0.16147330628193807,0.7828906520933161
0.00338869783434213,0.07336836075592185,0.16147330628193807,0.7828906520933161
0.00338869783434213,0.07336836075592185,0.16147330628193807,0.7828906520933161
0.0035254673709427644,0.07385606560837388,0.16224029952440097,0.7818213347229338
0.0035254673709427644,0.07385606560837388,0.16224029952440097,0.7818213347229338
0.0026556153935943182,0.07616836542292937,0.1631796313762904,0.7788884490031996
0.0013851379966764406,0.07652635897331925,0.1626139921726999,0.7778705166687409
0.0013851379966764406,0.07652635897331925,0.1626139921726999,0.7778705166687409
0.0013851379966764406,0.07652635897331925,0.1626139921726999,0.7778705166687409
0.0026480227747863357,0.07678925604903437,0.16254090496002727,0.7782280795608507
0.0054987797588626295,0.07573773129563603,0.16071367509042622,0.7811760626075789
0.004600429091835681,0.0731738620520985,0.16063512403551997,0.7847946310194451
0.003530350936229972,0.07329399964771069,0.1618657989224545,0.7823657492826196
0.003530350936229972,0.07329399964771069,0.1618657989224545,0.7823657492826196
0.0012740846732281,0.07316063640922378,0.16415415610672215,0.7801771564703557
0.0012852516229445723,0.0743235466210878,0.1624219059383309,0.780271412208306
0.0012852516229445723,0.0743235466210878,0.1624219059383309,0.780271412208306
0.003993396103342989,0.07439588580854987,0.16199323445526073,0.7812172905621747
0.0018527703296549653,0.07649807164470102,0.1626759130230176,0.7787140512599392
0.0013375335130918573,0.07577997484008876,0.16316672115605724,0.7783103048516365
0.0013375335130918573,0.07577997484008876,0.16316672115605724,0.7783103048516365
0.0013375335130918573,0.07577997484008876,0.16316672115605724,0.7783103048516365
-0.000837275431356766,0.07586987705511611,0.16202869007570656,0.7802213650041309
-0.000837275431356766,0.07586987705511611,0.16202869007570656,0.7802213650041309
-0.000837275431356766,0.07586987705511611,0.16202869007570656,0.7802213650041309
-0.000837275431356766,0.07586987705511611,0.16202869007570656,0.7802213650041309
-0.000837275431356766,0.07586987705511611,0.16202869007570656,0.7802213650041309
-0.000837275431356766,0.07586987705511611,0.16202869007570656,0.7802213650041309
-0.000837275431356766,0.07586987705511611,0.16202869007570656,0.7802213650041309
-0.00199950442752055,0.07368394755047392,0.16075462150334832,0.7834616598671869
-0.00199950442752055,0.07368394755047392,0.16075462150334832,0.7834616598671869
-0.00199950442752055,0.07368394755047392,0.16075462150334832,0.7834616598671869
-0.00199950442752055,0.07368394755047392,0.16075462150334832,0.7834616598671869
-0.00199950442752055,0.07368394755047392,0.16075462150334832,0.7834616598671869
-0.00199950442752055,0.07368394755047392,0.16075462150334832,0.7834616598671869
-0.00199950442752055,0.07368394755047392,0.16075462150334832,0.7834616598671869
-0.00199950442752055,0.07368394755047392,0.16075462150334832,0.7834616598671869
-0.002436471827980203,0.07537264670696565,0.16183850234253494,0.7829145126088218
-0.0008619650914265882,0.07510888623105849,0.16054629969933315,0.782826748882462
-0.0017696962932423452,0.07444455724280441,0.1627414492993784,0.7822787586631069
-0.002841361747887054,0.07351398790438911,0.16123863375462008,0.7842271890914457
-0.002841361747887054,0.07351398790438911,0.16123863375462008,0.7842271890914457
-0.002841361747887054,0.07351398790438911,0.16123863375462008,0.7842271890914457
-0.002841361747887054,0.07351398790438911,0.16123863375462008,0.7842271890914457
-0.002841361747887054,0.07351398790438911,0.16123863375462008,0.7842271890914457
-0.002076288737903731,0.07484378648944624,0.1604942852611951,0.7830769191454385
-0.002076288737903731,0.07484378648944624,0.1604942852611951,0.7830769191454385
-0.0030853513607521045,0.07492079073294614,0.16011972505842637,0.7815363896613727
-0.0030853513607521045,0.07492079073294614,0.16011972505842637,0.7815363896613727
-0.0030853513607521045,0.07492079073294614,0.16011972505842637,0.7815363896613727
-0.0018597932569293612,0.07577137809274828,0.16191146254608063,0.7804070576535833
-0.0018597932569293612,0.07577137809274828,0.16191146254608063,0.7804070576535833
-0.0023338672690496783,0.07786683229095806,0.16032492581648444,0.7806327448256899
-0.0023338672690496783,0.07786683229095806,0.16032492581648444,0.7806327448256899
-0.0023338672690496783,0.07786683229095806,0.16032492581648444,0.7806327448256899
8.231397159705507e-05,0.0759035024676338,0.16312081713500434,0.7810596024684063
8.231397159705507e-05,0.0759035024676338,0.16312081713500434,0.7810596024684063
8.231397159705507e-05,0.0759035024676338,0.16312081713500434,0.7810596024684063
8.231397159705507e-05,0.0759035024676338,0.16312081713500434,0.7810596024684063
8.231397159705507e-05,0.0759035024676338,0.16312081713500434,0.7810596024684063
0.0002064684981706593,0.07495579378470929,0.16186237204324108,0.781865611496797
-0.0005745088120483271,0.0745638691143705,0.15981712678643578,0.7830057729827682
-0.0029846489387994096,0.0745466926064328,0.15987289786668926,0.7846488142702491
-0.0017757827169178576,0.0728772725637712,0.15977470855867798,0.7862173103213248
-0.0009901952887997375,0.07106649164951617,0.16001722817062186,0.7881754103749381
0.0014730269183495764,0.0693627006446738,0.16044059750394757,0.7883309759663868
0.0014730269183495764,0.0693627006446738,0.16044059750394757,0.7883309759663868
0.0014730269183495764,0.0693627006446738,0.16044059750394757,0.7883309759663868
0.0014730269183495764,0.0693627006446738,0.16044059750394757,0.7883309759663868
0.0014730269183495764,0.0693627006446738,0.16044059750394757,0.7883309759663868
0.00014584711401782356,0.070008348688813,0.16194921378923924,0.7870016500888323
-0.0012688330518763652,0.07081638988583476,0.16347300614270185,0.7860034208698037
0.0006456579438687733,0.06996423531345024,0.16571571390351758,0.7832728719556459
0.0006456579438687733,0.06996423531345024,0.16571571390351758,0.7832728719556459
0.0006456579438687733,0.06996423531345024,0.16571571390351758,0.7832728719556459
0.0006456579438687733,0.06996423531345024,0.16571571390351758,0.7832728719556459
0.000632761067849785,0.07248588385136273,0.16706974473242647,0.7795504619181688
0.000632761067849785,0.07248588385136273,0.16706974473242647,0.7795504619181688
0.000632761067849785,0.07248588385136273,0.16706974473242647,0.7795504619181688
0.000632761067849785,0.07248588385136273,0.16706974473242647,0.7795504619181688
0.0011589116790631697,0.07210701702972955,0.16671250228186485,0.7807238699954753
0.002895332219125804,0.07306252317029967,0.1660644915247331,0.779575525810071
0.003627543383502331,0.0747281807636799,0.16454277631370157,0.7797323134005371
0.003627543383502331,0.0747281807636799,0.16454277631370157,0.7797323134005371
0.003627543383502331,0.0747281807636799,0.16454277631370157,0.7797323134005371
0.003627543383502331,0.0747281807636799,0.16454277631370157,0.7797323134005371
0.0015341610514818227,0.07633619357826578,0.16281926613683462,0.7810278718618467
0.0015341610514818227,0.07633619357826578,0.16281926613683462,0.7810278718618467
-0.0003542247216105287,0.0762991955010439,0.16335127029412735,0.7803893861610302
-0.0009711512457956198,0.07652462747599145,0.1645591064421783,0.7794263900211182
-0.0009711512457956198,0.07652462747599145,0.1645591064421783,0.7794263900211182
-0.0009711512457956198,0.07652462747599145,0.1645591064421783,0.7794263900211182
-0.0009711512457956198,0.07652462747599145,0.1645591064421783,0.7794263900211182
-0.0007785208351486916,0.07642756555084665,0.16580343445234388,0.778232570281571
0.001891394115392006,0.07567968827063395,0.1653069166196868,0.7797673348382573
0.001841836344144636,0.07694704575918436,0.16655076647500966,0.7771689815563302
0.002175151832335719,0.07466851511844833,0.16401177704045297,0.7799186608643823
0.002175151832335719,0.07466851511844833,0.16401177704045297,0.7799186608643823
0.00028446408972069605,0.075689142599242,0.16464995322680956,0.7790612573236221
0.00028446408972069605,0.075689142599242,0.16464995322680956,0.7790612573236221
-0.0008760601266231719,0.07392896898118417,0.16582002905742105,0.7803165453616095
-0.0008760601266231719,0.07392896898118417,0.16582002905742105,0.7803165453616095
-0.0009671059222864366,0.0736631331431734,0.16602483404991414,0.7790668472746979
-0.0009671059222864366,0.0736631331431734,0.16602483404991414,0.7790668472746979
-0.0009671059222864366,0.0736631331431734,0.16602483404991414,0.7790668472746979
-0.0020507794248481952,0.07482100720957004,0.1668165435869787,0.7784480351064514
-0.0020507794248481952,0.07482100720957004,0.1668165435869787,0.7784480351064514
-0.0011100434352915318,0.07301331319688237,0.16647309038156513,0.7804608417444788
-0.0011100434352915318,0.07301331319688237,0.16647309038156513,0.7804608417444788
-0.0011100434352915318,0.07301331319688237,0.16647309038156513,0.7804608417444788
-0.0011100434352915318,0.07301331319688237,0.16647309038156513,0.7804608417444788
-0.0021353721270236806,0.07615212754439252,0.16560709547466676,0.7781444641085815
-0.0021353721270236806,0.07615212754439252,0.16560709547466676,0.7781444641085815
-0.0021353721270236806,0.07615212754439252,0.16560709547466676,0.7781444641085815
-0.0020222076722700966,0.07434327188916177,0.16713727489298089,0.7781077229264713
-0.0020222076722700966,0.07434327188916177,0.16713727489298089,0.7781077229264713
-0.00033619176511487077,0.0752500013107517,0.16780920275837916,0.7764958120732322
-0.0007450631565888585,0.07594107935205821,0.16811415681486236,0.7767201158137769
-0.0007450631565888585,0.07594107935205821,0.16811415681486236,0.7767201158137769
0.0002603874582329269,0.07539840789822003,0.1678750554328571,0.7763149770056493
0.0008301337542111612,0.07497974303553452,0.16782603349607894,0.777060144646914
0.0015136153121400047,0.07648017600267051,0.16796710553518365,0.776658472400521
0.0015136153121400047,0.07648017600267051,0.16796710553518365,0.776658472400521
0.0010808738627332809,0.07812993955354962,0.1676240712615685,0.7753472026829776
0.0019017647762707612,0.0768007766592523,0.16753678903133365,0.7748086030987966
0.0019017647762707612,0.0768007766592523,0.16753678903133365,0.7748086030987966
0.0019017647762707612,0.0768007766592523,0.16753678903133365,0.7748086030987966
0.0019017647762707612,0.0768007766592523,0.16753678903133365,0.7748086030987966
0.003970045141143024,0.07769159361974463,0.16651696552649195,0.7760319011645687
0.003970045141143024,0.07769159361974463,0.16651696552649195,0.7760319011645687
0.003970045141143024,0.07769159361974463,0.16651696552649195,0.7760319011645687
0.003970045141143024,0.07769159361974463,0.16651696552649195,0.7760319011645687
0.003970045141143024,0.07769159361974463,0.16651696552649195,0.7760319011645687
0.004098692355120686,0.07754278625174435,0.16735735196347984,0.7758468822930829
0.004098692355120686,0.07754278625174435,0.16735735196347984,0.7758468822930829
0.004098692355120686,0.07754278625174435,0.16735735196347984,0.7758468822930829
0.0033871423712268653,0.07507373661191048,0.16569239089875532,0.7782636419243325
0.0033871423712268653,0.07507373661191048,0.16569239089875532,0.7782636419243325
0.00191110533207482,0.07372770600746383,0.16622495594934533,0.7795472140979888
0.00191110533207482,0.07372770600746383,0.16622495594934533,0.7795472140979888
0.00191110533207482,0.07372770600746383,0.16622495594934533,0.7795472140979888
0.00191110533207482,0.07372770600746383,0.16622495594934533,0.7795472140979888
0.00191110533207482,0.07372770600746383,0.16622495594934533,0.7795472140979888
0.00191110533207482,0.07372770600746383,0.16622495594934533,0.7795472140979888
0.0019479476128192873,0.07510497568518167,0.1630646458322915,0.7800555184858444
0.0019479476128192873,0.07510497568518167,0.1630646458322915,0.7800555184858444
0.001303686792951494,0.07417844352603162,0.1636728907080758,0.7809269885877591
0.0012702769047322378,0.07432816120300552,0.16528960758338632,0.7807250004393407
0.0012702769047322378,0.07432816120300552,0.16528960758338632,0.7807250004393407
0.0022278309921180614,0.07514689228588703,0.16226085164690351,0.7793569923023965
0.002903823227876798,0.07620911773876464,0.162815171945939,0.7784841816213912
0.002903823227876798,0.07620911773876464,0.162815171945939,0.7784841816213912
0.002903823227876798,0.07620911773876464,0.162815171945939,0.7784841816213912
0.0026391150405058383,0.0772973515608506,0.16465961874076135,0.7771870038489397
0.0026391150405058383,0.0772973515608506,0.16465961874076135,0.7771870038489397
0.0026391150405058383,0.0772973515608506,0.16465961874076135,0.7771870038489397
0.0026391150405058383,0.0772973515608506,0.16465961874076135,0.7771870038489397
0.0026391150405058383,0.0772973515608506,0.16465961874076135,0.7771870038489397
0.0026391150405058383,0.0772973515608506,0.16465961874076135,0.7771870038489397
0.00013622364727183508,0.07730599174274352,0.16651119151632793,0.7765506262203787
0.00013622364727183508,0.07730599174274352,0.16651119151632793,0.7765506262203787
0.00013622364727183508,0.07730599174274352,0.16651119151632793,0.7765506262203787
0.00013622364727183508,0.07730599174274352,0.16651119151632793,0.7765506262203787
0.0001573304579182389,0.0771531061608607,0.16693117760287776,0.7768817472513253
0.0001573304579182389,0.0771531061608607,0.16693117760287776,0.7768817472513253
0.0001573304579182389,0.0771531061608607,0.16693117760287776,0.7768817472513253
0.0007153053724599972,0.0774144228983048,0.16556125252192164,0.7764310467733301
0.0007153053724599972,0.0774144228983048,0.16556125252192164,0.7764310467733301
0.0007153053724599972,0.0774144228983048,0.16556125252192164,0.7764310467733301
0.0018403474584719685,0.07829948105988675,0.1664586600251767,0.776477062065158
0.0018403474584719685,0.07829948105988675,0.1664586600251767,0.776477062065158
-0.0008097920197284072,0.07578218123572947,0.16714150005614684,0.77757139853325
-0.0008097920197284072,0.07578218123572947,0.16714150005614684,0.77757139853325
-0.0008097920197284072,0.07578218123572947,0.16714150005614684,0.77757139853325
-0.0017310993450792463,0.07662271810430321,0.16646049564987786,0.7776999580113598
0.0003283118282613644,0.07594525578804286,0.16607189949275264,0.7772098935584062
0.002378487101117451,0.07533401916031009,0.1668534422940203,0.7772041367527135
0.002378487101117451,0.07533401916031009,0.1668534422940203,0.7772041367527135
0.004352083086920231,0.07550072883487291,0.16675955005466112,0.7789268383095392
0.003681889966056645,0.07475751947517764,0.1676672118739695,0.7764957010012326
0.001859226943182342,0.07472565325824305,0.16760814154391693,0.7760868944888564
0.0030344090975447193,0.07401408597485247,0.16721309229794462,0.7771798993542244
0.0030344090975447193,0.07401408597485247,0.16721309229794462,0.7771798993542244
0.003974741091051065,0.07483651239450019,0.16765321027383995,0.7775836264272087
0.003974741091051065,0.07483651239450019,0.16765321027383995,0.7775836264272087
0.003974741091051065,0.07483651239450019,0.16765321027383995,0.7775836264272087
0.003974741091051065,0.07483651239450019,0.16765321027383995,0.7775836264272087
0.004175187608347498,0.07453835993564863,0.1670405728523529,0.7776540816319829
0.004175187608347498,0.07453835993564863,0.1670405728523529,0.7776540816319829
0.004175187608347498,0.07453835993564863,0.1670405728523529,0.7776540816319829
0.004175187608347498,0.07453835993564863,0.1670405728523529,0.7776540816319829
0.004175187608347498,0.07453835993564863,0.1670405728523529,0.7776540816319829
0.002672002187664063,0.07074636054531462,0.1657128048266727,0.7815663551748986
0.002672002187664063,0.07074636054531462,0.1657128048266727,0.7815663551748986
0.0032830027422215005,0.07030911116925001,0.16517113989606366,0.7820720820199805
0.0028991475023614644,0.07245688676127773,0.16661674300552237,0.7814740429929948
0.0013212010584842382,0.07353308271637007,0.16714085353979877,0.7800512920118582
-0.0006500031713888028,0.07175781879152382,0.16383770386107158,0.781838930444968
-0.00015667809608845798,0.07359643933087485,0.16332719156593906,0.783765299241523
-0.00015667809608845798,0.07359643933087485,0.16332719156593906,0.783765299241523
0.0007137168074772459,0.07290673205377993,0.1627554478430877,0.7825868161870866
0.0007137168074772459,0.07290673205377993,0.1627554478430877,0.7825868161870866
0.0009663333373912159,0.07329576541979621,0.16391330983924368,0.7829262698491702
0.0009663333373912159,0.07329576541979621,0.16391330983924368,0.7829262698491702
0.0009663333373912159,0.07329576541979621,0.16391330983924368,0.7829262698491702
0.0012823374246129701,0.07101519683144646,0.16440703020239236,0.7841610531867717
0.0012823374246129701,0.07101519683144646,0.16440703020239236,0.7841610531867717
0.0012823374246129701,0.07101519683144646,0.16440703020239236,0.7841610531867717
0.0027527555864688587,0.07154282985179239,0.16140338901893247,0.7851212885145847
0.003165800331320399,0.06960820323740337,0.1613474025915427,0.7870507763638758
0.003165800331320399,0.06960820323740337,0.1613474025915427,0.7870507763638758
0.003165800331320399,0.06960820323740337,0.1613474025915427,0.7870507763638758
0.0018329330020593608,0.07074122510824007,0.16057583884859847,0.7880323171140132
0.001659508197052538,0.07270148102597593,0.15897276436614663,0.7856954080053575
0.003663290234174791,0.07160179001015395,0.1584374087391687,0.7881237062168798
0.00214923360056345,0.07357905706182119,0.15840341468257516,0.7865115872005181
0.00214923360056345,0.07357905706182119,0.15840341468257516,0.7865115872005181
0.00214923360056345,0.07357905706182119,0.15840341468257516,0.7865115872005181
0.00214923360056345,0.07357905706182119,0.15840341468257516,0.7865115872005181
0.00214923360056345,0.07357905706182119,0.15840341468257516,0.7865115872005181
-0.00025259218706632234,0.07332465650225059,0.1587280049806588,0.7857640617987844
1.6584166468202222e-05,0.07356886545959179,0.15951391078612154,0.7839273989904673
1.6584166468202222e-05,0.07356886545959179,0.15951391078612154,0.7839273989904673
0.0006647041976077904,0.07288558565178409,0.16026339441245546,0.7855794229787904
0.0006647041976077904,0.07288558565178409,0.16026339441245546,0.7855794229787904
0.0006647041976077904,0.07288558565178409,0.16026339441245546,0.7855794229787904
0.00011821851976533137,0.07028368199192431,0.16165859321075904,0.7867770302484148
0.00011821851976533137,0.07028368199192431,0.16165859321075904,0.7867770302484148
0.0021835013078125493,0.07003436631884183,0.16166034441132024,0.787340818045682
0.0021835013078125493,0.07003436631884183,0.16166034441132024,0.787340818045682
0.0029249904195908735,0.0691025293537705,0.1618964387951401,0.7874098825402076
0.0029249904195908735,0.0691025293537705,0.1618964387951401,0.7874098825402076
0.0029249904195908735,0.0691025293537705,0.1618964387951401,0.7874098825402076
0.0026996494331608142,0.07048564666021814,0.16135898483120623,0.7861811531095967
0.003620323365617644,0.07198180720884038,0.16169888448765768,0.7845267512172927
0.0038844324516772847,0.07460777063020328,0.1624667753905147,0.7815773611108223
0.004814485721457126,0.07632940730007402,0.16321724947961588,0.7802045694726201
0.004814485721457126,0.07632940730007402,0.16321724947961588,0.7802045694726201
0.003753966238581893,0.07655462376239133,0.163011161876505,0.7795273443906277
0.003034703912129893,0.07420436715387795,0.16286873550175845,0.7807409351267889
0.0031138623145860185,0.07438654956939711,0.1642831706724088,0.7800667904034232
0.0035490380231817825,0.07298554177609111,0.16203777079819737,0.7819920621570579
0.0035490380231817825,0.07298554177609111,0.16203777079819737,0.7819920621570579
0.0033001676695136282,0.07189850530361523,0.15994016168865643,0.7863613726798784
0.0033001676695136282,0.07189850530361523,0.15994016168865643,0.7863613726798784
0.0033001676695136282,0.07189850530361523,0.15994016168865643,0.7863613726798784
0.0033001676695136282,0.07189850530361523,0.15994016168865643,0.7863613726798784
0.0033001676695136282,0.07189850530361523,0.15994016168865643,0.7863613726798784
0.0033001676695136282,0.07189850530361523,0.15994016168865643,0.7863613726798784
0.0033001676695136282,0.07189850530361523,0.15994016168865643,0.7863613726798784
0.0033001676695136282,0.07189850530361523,0.15994016168865643,0.7863613726798784
0.0033001676695136282,0.07189850530361523,0.15994016168865643,0.7863613726798784
0.0033001676695136282,0.07189850530361523,0.15994016168865643,0.7863613726798784
0.0033001676695136282,0.07189850530361523,0.15994016168865643,0.7863613726798784
0.0033001676695136282,0.07189850530361523,0.15994016168865643,0.7863613726798784
0.0033001676695136282,0.07189850530361523,0.15994016168865643,0.7863613726798784
0.004508675863720819,0.07212655293784397,0.16027615939528778,0.7859108125602308
0.0047187343383429635,0.07219747251048093,0.16064211472208872,0.7862329486809092
0.0047187343383429635,0.07219747251048093,0.16064211472208872,0.7862329486809092
0.0038240346470375212,0.07005328059592836,0.1608228234462641,0.7882994069254687
0.002632802318583201,0.07136868693911504,0.16046227287942078,0.7863455867306703
0.002632802318583201,0.07136868693911504,0.16046227287942078,0.7863455867306703
0.002632802318583201,0.07136868693911504,0.16046227287942078,0.7863455867306703
0.002632802318583201,0.07136868693911504,0.16046227287942078,0.7863455867306703
0.002632802318583201,0.07136868693911504,0.16046227287942078,0.7863455867306703
0.002632802318583201,0.07136868693911504,0.16046227287942078,0.7863455867306703
0.002632802318583201,0.07136868693911504,0.16046227287942078,0.7863455867306703
0.002632802318583201,0.07136868693911504,0.16046227287942078,0.7863455867306703
0.002632802318583201,0.07136868693911504,0.16046227287942078,0.7863455867306703
0.002434100183909421,0.07266037484738032,0.16172658383657706,0.7836176480323407
0.0025092176599440796,0.07490652526965746,0.16068632136027255,0.7841125782378263
0.003566665887640778,0.07389107543719865,0.1594124654474551,0.7853336779342865
0.003566665887640778,0.07389107543719865,0.1594124654474551,0.7853336779342865
0.002115206511319575,0.0753308435639318,0.15984306761831363,0.7839750846594028
0.002115206511319575,0.0753308435639318,0.15984306761831363,0.7839750846594028
0.002115206511319575,0.0753308435639318,0.15984306761831363,0.7839750846594028
0.0025615172069753437,0.07301903323945043,0.15848991379908176,0.7859528776302549
0.001091448721535601,0.07117812861139958,0.15949297184190364,0.7868218159181033
0.001091448721535601,0.07117812861139958,0.15949297184190364,0.7868218159181033
0.002024839380057809,0.07273446027052949,0.15841231085341093,0.7870321216707984
0.002024839380057809,0.07273446027052949,0.15841231085341093,0.7870321216707984
0.002024839380057809,0.07273446027052949,0.15841231085341093,0.7870321216707984
0.002024839380057809,0.07273446027052949,0.15841231085341093,0.7870321216707984
0.002024839380057809,0.07273446027052949,0.15841231085341093,0.7870321216707984
0.002024839380057809,0.07273446027052949,0.15841231085341093,0.7870321216707984
0.0021808996658780784,0.07330453047735085,0.16112748547589062,0.7855185811897218
0.0021808996658780784,0.07330453047735085,0.16112748547589062,0.7855185811897218
0.0021808996658780784,0.07330453047735085,0.16112748547589062,0.7855185811897218
0.0021808996658780784,0.07330453047735085,0.16112748547589062,0.7855185811897218
0.00022065305952830017,0.07266516256392896,0.16201645800402886,0.7847874750257222
0.00022065305952830017,0.07266516256392896,0.16201645800402886,0.7847874750257222
0.00022065305952830017,0.07266516256392896,0.16201645800402886,0.7847874750257222
0.00022065305952830017,0.07266516256392896,0.16201645800402886,0.7847874750257222
0.00022065305952830017,0.07266516256392896,0.16201645800402886,0.7847874750257222
0.0017220344009525122,0.07376761528938623,0.16259196509503435,0.783002597589354
0.0014412402029649902,0.07491582650045998,0.1632949693607286,0.7831765141637521
0.0014412402029649902,0.07491582650045998,0.1632949693607286,0.7831765141637521
-0.00031006200066312434,0.07520483120181198,0.16415673363190414,0.779910147998371
0.0012467027673109185,0.07663467780133383,0.1644536249747612,0.7794182748155324
0.0004341368633358244,0.07493237041829756,0.16528595629222767,0.779903119046819
0.0004341368633358244,0.07493237041829756,0.16528595629222767,0.779903119046819
0.0004341368633358244,0.07493237041829756,0.16528595629222767,0.779903119046819
9.248260599432982e-05,0.07643915806995145,0.1663598181044673,0.7781427957200017
1.1377564926511708e-05,0.0750367888634335,0.16615109310657164,0.778795582293351
1.1377564926511708e-05,0.0750367888634335,0.16615109310657164,0.778795582293351
1.1377564926511708e-05,0.0750367888634335,0.16615109310657164,0.778795582293351
1.1377564926511708e-05,0.0750367888634335,0.16615109310657164,0.778795582293351
1.1377564926511708e-05,0.0750367888634335,0.16615109310657164,0.778795582293351
0.0022530966071140114,0.0753439772575928,0.16386946083668413,0.7800539952784644
0.0029907651981665537,0.07524591219519351,0.1637885258765128,0.7793706361982258
0.003790210274141911,0.07444510092166998,0.16358946486199127,0.7820310062814223
0.0020721277784114082,0.07302012654181199,0.16498005399493923,0.779998054704857
0.0020721277784114082,0.07302012654181199,0.16498005399493923,0.779998054704857
0.0020721277784114082,0.07302012654181199,0.16498005399493923,0.779998054704857
0.001280465767828946,0.07210590933776076,0.16593701536622368,0.7794132282920145
0.0016426818718872172,0.07351376073342622,0.16617518680341078,0.7792974224853352
0.0016426818718872172,0.07351376073342622,0.16617518680341078,0.7792974224853352
0.004104344429760797,0.07287857579834305,0.1666663872758107,0.780815047146404
0.004104344429760797,0.07287857579834305,0.1666663872758107,0.780815047146404
0.004104344429760797,0.07287857579834305,0.1666663872758107,0.780815047146404
0.004104344429760797,0.07287857579834305,0.1666663872758107,0.780815047146404
0.004104344429760797,0.07287857579834305,0.1666663872758107,0.780815047146404
0.0019947530474959227,0.0732920885405577,0.1675742157007324,0.7795722833418588
0.0019947530474959227,0.0732920885405577,0.1675742157007324,0.7795722833418588
0.0019947530474959227,0.0732920885405577,0.1675742157007324,0.7795722833418588
0.0002620503284602035,0.07087528588400777,0.16491320106400764,0.7823280218200195
0.0015541565015975362,0.07232854590039027,0.16468994430381204,0.7825753214837962
0.0015541565015975362,0.07232854590039027,0.16468994430381204,0.7825753214837962
0.0015541565015975362,0.07232854590039027,0.16468994430381204,0.7825753214837962
0.0015541565015975362,0.07232854590039027,0.16468994430381204,0.7825753214837962
0.0015541565015975362,0.07232854590039027,0.16468994430381204,0.7825753214837962
0.0017046146871125508,0.07344847631727507,0.16594464719141877,0.7812604991572062
0.0016648787337162584,0.07225440533415599,0.16693494929336622,0.7811983752504299
0.0016648787337162584,0.07225440533415599,0.16693494929336622,0.7811983752504299
0.0016648787337162584,0.07225440533415599,0.16693494929336622,0.7811983752504299
0.0016648787337162584,0.07225440533415599,0.16693494929336622,0.7811983752504299
0.00045426422188752876,0.07435882252117453,0.16755630315026565,0.7778830868059314
0.0018935501404973066,0.07299339837357512,0.1684549743663117,0.7777332943661982
0.0018935501404973066,0.07299339837357512,0.1684549743663117,0.7777332943661982
0.0018935501404973066,0.07299339837357512,0.1684549743663117,0.7777332943661982
0.00013304751168340167,0.07441798730651077,0.1670998215296907,0.7770765766316979
-0.0022274397689547765,0.07556136526180941,0.16885542405445797,0.7757496023822492
-0.0017153173406493762,0.07524295944576122,0.16828846806718176,0.7757286330148007
-0.0017153173406493762,0.07524295944576122,0.16828846806718176,0.7757286330148007
-0.0017153173406493762,0.07524295944576122,0.16828846806718176,0.7757286330148007
-0.0017153173406493762,0.07524295944576122,0.16828846806718176,0.7757286330148007
-0.0017692789765813822,0.07520987905165155,0.16764398742005224,0.7780759211287347
-0.001256084437319843,0.07522710866642843,0.16445177112559992,0.778191385743986
-0.0004676186207256814,0.07650913691943825,0.1656576813769287,0.7769053836225777
0.0012968128370914375,0.07612926055048387,0.16483367443282818,0.7786669086175857
0.0012968128370914375,0.07612926055048387,0.16483367443282818,0.7786669086175857
0.0012968128370914375,0.07612926055048387,0.16483367443282818,0.7786669086175857
0.0012968128370914375,0.07612926055048387,0.16483367443282818,0.7786669086175857
0.0017678801517300286,0.07251971475061447,0.16369393434239668,0.7827641608204421
0.0017678801517300286,0.07251971475061447,0.16369393434239668,0.7827641608204421
0.0017678801517300286,0.07251971475061447,0.16369393434239668,0.7827641608204421
0.0017678801517300286,0.07251971475061447,0.16369393434239668,0.7827641608204421
0.0008903935029836848,0.07106702488848406,0.16448428999312478,0.783636842109642
0.0008903935029836848,0.07106702488848406,0.16448428999312478,0.783636842109642
0.0008903935029836848,0.07106702488848406,0.16448428999312478,0.783636842109642
0.002473195262442055,0.0705998347508351,0.16249834467992,0.7864667199289711
0.0033861989893626075,0.06922470430179985,0.16122064942440892,0.7877327178110707
0.0033861989893626075,0.06922470430179985,0.16122064942440892,0.7877327178110707
0.004090645109171386,0.06899337534296983,0.1615717026579723,0.7873050747891535
0.004444896181774198,0.07058518541204864,0.16246471958499087,0.7857946981553686
0.0042412184445239885,0.07122513532117729,0.16312839500962673,0.7844120509103011
0.0042412184445239885,0.07122513532117729,0.16312839500962673,0.7844120509103011
0.0042412184445239885,0.07122513532117729,0.16312839500962673,0.7844120509103011
0.0030085281785370774,0.07075751745504265,0.16219118488036807,0.7846540911163068
0.0030085281785370774,0.07075751745504265,0.16219118488036807,0.7846540911163068
0.0030085281785370774,0.07075751745504265,0.16219118488036807,0.7846540911163068
0.0030085281785370774,0.07075751745504265,0.16219118488036807,0.7846540911163068
0.0030085281785370774,0.07075751745504265,0.16219118488036807,0.7846540911163068
0.0030085281785370774,0.07075751745504265,0.16219118488036807,0.7846540911163068
0.0030085281785370774,0.07075751745504265,0.16219118488036807,0.7846540911163068
0.0009667755714810639,0.07286215870986476,0.16187862826062327,0.7841512876809925
0.0012516536455685272,0.07150967620277947,0.15903714031418867,0.7863116687291383
0.0012516536455685272,0.07150967620277947,0.15903714031418867,0.7863116687291383
0.0013279846630671068,0.07009202774715378,0.15840504602223218,0.7882747131916471
2.4286207017466853e-05,0.07208210359798796,0.158804165795068,0.7869893015322337
0.0011654482365992293,0.07189980575473631,0.1577318243114627,0.7882318158331696
0.0011654482365992293,0.07189980575473631,0.1577318243114627,0.7882318158331696
0.0011654482365992293,0.07189980575473631,0.1577318243114627,0.7882318158331696
0.0011654482365992293,0.07189980575473631,0.1577318243114627,0.7882318158331696
0.0003245395643347073,0.07162400978299711,0.1602087590768365,0.7855956460784705
-0.0001942057189102842,0.07188426884805615,0.15869847264727888,0.7870046645247588
-0.001826212549157014,0.07270529837501279,0.15969362494529327,0.7859082309472385
0.0003700691587521245,0.07168308982948482,0.16129610809424566,0.7860706158998012
0.0016873989578942339,0.07346409125130615,0.163052651930152,0.7822228279961858
0.0016873989578942339,0.07346409125130615,0.163052651930152,0.7822228279961858
0.0002748196592459852,0.07410512189260442,0.16353008041752773,0.7805194551583721
0.0011213550422416326,0.07383768706088549,0.1642035482029766,0.7801891251386555
0.0011213550422416326,0.07383768706088549,0.1642035482029766,0.7801891251386555
0.0009597314293689292,0.07227493876649124,0.1657736179990496,0.7800466944598146
0.0009597314293689292,0.07227493876649124,0.1657736179990496,0.7800466944598146
0.0009597314293689292,0.07227493876649124,0.1657736179990496,0.7800466944598146
0.0003839129142073304,0.07205395118163778,0.16566121318918522,0.7814404054934436
0.0003839129142073304,0.07205395118163778,0.16566121318918522,0.7814404054934436
-0.0010441758605221258,0.07301501848167351,0.16452220225139857,0.7807795040072244
-0.0005309160795325661,0.07437343321539971,0.166241633676554,0.7804740426323821
-0.0005309160795325661,0.07437343321539971,0.166241633676554,0.7804740426323821
-0.0005309160795325661,0.07437343321539971,0.166241633676554,0.7804740426323821
-0.0005309160795325661,0.07437343321539971,0.166241633676554,0.7804740426323821
-0.0005309160795325661,0.07437343321539971,0.166241633676554,0.7804740426323821
-0.0005309160795325661,0.07437343321539971,0.166241633676554,0.7804740426323821
0.0005654974584368663,0.07293289478826054,0.1659625808053117,0.7820040345673132
0.0008969777011134966,0.07365511584498072,0.16410453886599732,0.7830545123452364
0.0006416621238622159,0.07111118048892724,0.1606128320371532,0.7858687803631186
0.00015073696543642758,0.07027124262993599,0.1611340157881976,0.7872892861620058
-0.0007059617780408932,0.07009465490083426,0.16259649796411813,0.7853749955450404
-0.0007059617780408932,0.07009465490083426,0.16259649796411813,0.7853749955450404
-8.700673898268292e-05,0.06893487421331584,0.16065728357598746,0.7871549457773184
-0.0008549022305267866,0.07096710428708868,0.1599472903574738,0.785245839059257
-0.00026206146339385016,0.0734036446342226,0.1605685381655439,0.7847881383293825
-0.00026206146339385016,0.0734036446342226,0.1605685381655439,0.7847881383293825
-0.00026206146339385016,0.0734036446342226,0.1605685381655439,0.7847881383293825
0.00012255706413513874,0.07135024316106735,0.1598383905062789,0.7866995255791077
0.00012255706413513874,0.07135024316106735,0.1598383905062789,0.7866995255791077
0.00012255706413513874,0.07135024316106735,0.1598383905062789,0.7866995255791077
7.584826100574255e-05,0.07031109238570987,0.16134437322827924,0.7869975528033343
7.584826100574255e-05,0.07031109238570987,0.16134437322827924,0.7869975528033343
0.0017569888469253115,0.07088970652703958,0.1627976506517416,0.7861502939359412
0.0017569888469253115,0.07088970652703958,0.1627976506517416,0.7861502939359412
0.0003807426908099471,0.070104592269775,0.1624357383080378,0.7863380410682634
0.0003807426908099471,0.070104592269775,0.1624357383080378,0.7863380410682634
0.0003807426908099471,0.070104592269775,0.1624357383080378,0.7863380410682634
0.0003807426908099471,0.070104592269775,0.1624357383080378,0.7863380410682634
0.0003807426908099471,0.070104592269775,0.1624357383080378,0.7863380410682634
0.0003807426908099471,0.070104592269775,0.1624357383080378,0.7863380410682634
0.0027870427074375747,0.0683486095519447,0.1607298107964616,0.7888755443157218
0.0027870427074375747,0.0683486095519447,0.1607298107964616,0.7888755443157218
0.0027870427074375747,0.0683486095519447,0.1607298107964616,0.7888755443157218
0.0018861135519849912,0.07123841487876699,0.16118457047651855,0.7861456657679959
0.0018861135519849912,0.07123841487876699,0.16118457047651855,0.7861456657679959
0.0018861135519849912,0.07123841487876699,0.16118457047651855,0.7861456657679959
-0.00011360483420635352,0.07301435550955779,0.15940045811945397,0.7838027650488838
-0.0004641516478923716,0.07160691345311075,0.16136017556061105,0.7843093096809635
-0.0010893227423946902,0.07350267184084548,0.1643873300037078,0.780173697294677
-0.0010893227423946902,0.07350267184084548,0.1643873300037078,0.780173697294677
-0.0010893227423946902,0.07350267184084548,0.1643873300037078,0.780173697294677
-0.0012397323116858229,0.07304015115484472,0.16273138679889415,0.7835557519156088
-0.0017360148195013879,0.07301240656374985,0.16484244977344442,0.781995866905146
-0.002372606945195891,0.07300604470759674,0.16649056468000734,0.7809367259285199
-0.002372606945195891,0.07300604470759674,0.16649056468000734,0.7809367259285199
-0.002372606945195891,0.07300604470759674,0.16649056468000734,0.7809367259285199
-0.002372606945195891,0.07300604470759674,0.16649056468000734,0.7809367259285199
-0.002372606945195891,0.07300604470759674,0.16649056468000734,0.7809367259285199
-0.002372606945195891,0.07300604470759674,0.16649056468000734,0.7809367259285199
-0.0032082362264205487,0.07282286243905477,0.16513428240427042,0.7817885484931892
-0.0032082362264205487,0.07282286243905477,0.16513428240427042,0.7817885484931892
-0.0032082362264205487,0.07282286243905477,0.16513428240427042,0.7817885484931892
-0.0032082362264205487,0.07282286243905477,0.16513428240427042,0.7817885484931892
-0.0032082362264205487,0.07282286243905477,0.16513428240427042,0.7817885484931892
-0.0032082362264205487,0.07282286243905477,0.16513428240427042,0.7817885484931892
-0.0032082362264205487,0.07282286243905477,0.16513428240427042,0.7817885484931892
-0.0035060931327762826,0.06943405643186817,0.1638263054946731,0.7858998223819912
-0.0035060931327762826,0.06943405643186817,0.1638263054946731,0.7858998223819912
-0.003438986436161927,0.07034168589215244,0.16235974718786306,0.7870469178346997
-0.003438986436161927,0.07034168589215244,0.16235974718786306,0.7870469178346997
-0.003438986436161927,0.07034168589215244,0.16235974718786306,0.7870469178346997
-0.0021953338493029507,0.06886543719009736,0.16388490634651207,0.786300013895077
-0.0021953338493029507,0.06886543719009736,0.16388490634651207,0.786300013895077
-0.0021953338493029507,0.06886543719009736,0.16388490634651207,0.786300013895077
-0.0021953338493029507,0.06886543719009736,0.16388490634651207,0.786300013895077
-0.0017036194040276691,0.06951170315728337,0.16144103403311463,0.7859373904822792
-0.0003285425964813628,0.06767876965463342,0.16153626900230586,0.7877939267112282
-0.0003285425964813628,0.06767876965463342,0.16153626900230586,0.7877939267112282
-0.0003285425964813628,0.06767876965463342,0.16153626900230586,0.7877939267112282
-0.0016973393423421526,0.06917382476487217,0.15928176187252643,0.7881560983075911
-0.0016973393423421526,0.06917382476487217,0.15928176187252643,0.7881560983075911
0.0009058227243715904,0.07245641375911682,0.15797252416697294,0.7861082962147655
0.0009058227243715904,0.07245641375911682,0.15797252416697294,0.7861082962147655
-0.0006534359733253372,0.07290265007717252,0.15919841826796585,0.7867496449870296
-0.0006534359733253372,0.07290265007717252,0.15919841826796585,0.7867496449870296
-0.0006534359733253372,0.07290265007717252,0.15919841826796585,0.7867496449870296
-0.0006534359733253372,0.07290265007717252,0.15919841826796585,0.7867496449870296
-0.0006534359733253372,0.07290265007717252,0.15919841826796585,0.7867496449870296
-0.0006534359733253372,0.07290265007717252,0.15919841826796585,0.7867496449870296
-0.0006534359733253372,0.07290265007717252,0.15919841826796585,0.7867496449870296
-0.003346357400869018,0.07187323504133826,0.15863224877909848,0.7870002181538137
-0.003346357400869018,0.07187323504133826,0.15863224877909848,0.7870002181538137
-0.003346357400869018,0.07187323504133826,0.15863224877909848,0.7870002181538137
-0.004366824668658653,0.07152632192688939,0.15796331821030996,0.7871598460224283
-0.004366824668658653,0.07152632192688939,0.15796331821030996,0.7871598460224283
-0.0045024421844918,0.06960309002366129,0.15838762050576527,0.7894865916935153
-0.0036052329738548838,0.06861603838042181,0.15960463776820055,0.7879610656091837
-0.001619528505467227,0.06954969056404588,0.15690863773467828,0.7886773296803018
-0.001619528505467227,0.06954969056404588,0.15690863773467828,0.7886773296803018
-0.001619528505467227,0.06954969056404588,0.15690863773467828,0.7886773296803018
-0.0030659507746276854,0.06946979895542797,0.15554196900258452,0.7905669150802408
-0.0030430080528940206,0.0703636664002289,0.15620240813491182,0.7910023173693266
-0.0030430080528940206,0.0703636664002289,0.15620240813491182,0.7910023173693266
-0.0030430080528940206,0.0703636664002289,0.15620240813491182,0.7910023173693266
-0.0030430080528940206,0.0703636664002289,0.15620240813491182,0.7910023173693266
-0.0030430080528940206,0.0703636664002289,0.15620240813491182,0.7910023173693266
-0.0016145234410080166,0.07012424786422895,0.15606730034467606,0.7904348301978356
-0.0016145234410080166,0.07012424786422895,0.15606730034467606,0.7904348301978356
-0.001908232407085301,0.06939456581768191,0.15778743410466387,0.7907715868731005
-0.002923567075224655,0.07009056168274161,0.15707862457558502,0.7893044372692131
-0.0030113543794965023,0.06937145234813005,0.15942407988076077,0.7886794082708675
-0.0030113543794965023,0.06937145234813005,0.15942407988076077,0.7886794082708675
-0.0023817163066356143,0.07078747193515904,0.1604484626503818,0.7876824888383651
-0.0023817163066356143,0.07078747193515904,0.1604484626503818,0.7876824888383651
-0.001385561668043806,0.07276738590601205,0.16029976956206124,0.7861415413771922
-0.001385561668043806,0.07276738590601205,0.16029976956206124,0.7861415413771922
-0.0004952425996083359,0.07084108551710655,0.16017530689920037,0.7861906523972074
-0.0004952425996083359,0.07084108551710655,0.16017530689920037,0.7861906523972074
-0.0014279509665310218,0.07172758961618453,0.15947102605709393,0.7873902349718288
-0.0014279509665310218,0.07172758961618453,0.15947102605709393,0.7873902349718288
-0.0014279509665310218,0.07172758961618453,0.15947102605709393,0.7873902349718288
-0.0029981931396272877,0.07206663183825526,0.1596973565760026,0.7853727523230745
-0.0029981931396272877,0.07206663183825526,0.1596973565760026,0.7853727523230745
-0.0011876010847511314,0.07373776828603246,0.16069258342642764,0.7844215158246357
-0.002830852181346832,0.07394867989257971,0.15847265387707277,0.7867080377728292
-0.0015495677460979503,0.07411249971723469,0.1571455795463155,0.7874128732203926
-0.0013440338477342581,0.07482227906819722,0.15597762653147482,0.7871409365278599
-0.0013440338477342581,0.07482227906819722,0.15597762653147482,0.7871409365278599
-0.0013440338477342581,0.07482227906819722,0.15597762653147482,0.7871409365278599
-0.0013440338477342581,0.07482227906819722,0.15597762653147482,0.7871409365278599
-0.0013440338477342581,0.07482227906819722,0.15597762653147482,0.7871409365278599
-0.0012383551835387586,0.07604462541879103,0.1562703095404977,0.7860583180671074
-0.002537513757898647,0.07662396735358727,0.156830585638481,0.7842275190961882
-0.002537513757898647,0.07662396735358727,0.156830585638481,0.7842275190961882
-0.004133006120849392,0.07904727167697126,0.1580355554098458,0.779731374789246
-0.004133006120849392,0.07904727167697126,0.1580355554098458,0.779731374789246
-0.0032256749056023305,0.07953241617938595,0.15861807987425053,0.7811184705587477
-0.003199736812934318,0.07827601004649859,0.15917345774333524,0.780385115233343
-0.0034291501914568874,0.07825899313944527,0.1615449535736868,0.7788356018322679
-0.0034291501914568874,0.07825899313944527,0.1615449535736868,0.7788356018322679
-0.0034291501914568874,0.07825899313944527,0.1615449535736868,0.7788356018322679
-0.0034291501914568874,0.07825899313944527,0.1615449535736868,0.7788356018322679
-0.0034291501914568874,0.07825899313944527,0.1615449535736868,0.7788356018322679
-0.0034291501914568874,0.07825899313944527,0.1615449535736868,0.7788356018322679
-0.0034291501914568874,0.07825899313944527,0.1615449535736868,0.7788356018322679
-0.0034291501914568874,0.07825899313944527,0.1615449535736868,0.7788356018322679
-0.0021938513492783755,0.0781777513150005,0.1609888576182919,0.7780836281902276
0.001723791735686697,0.07776448613361296,0.1617372282364338,0.7798141631722629
0.001723791735686697,0.07776448613361296,0.1617372282364338,0.7798141631722629
0.001723791735686697,0.07776448613361296,0.1617372282364338,0.7798141631722629
0.001723791735686697,0.07776448613361296,0.1617372282364338,0.7798141631722629
0.0009069699595196074,0.07725413530077055,0.15956349611152326,0.7823109301280735
0.0009069699595196074,0.07725413530077055,0.15956349611152326,0.7823109301280735
0.0009069699595196074,0.07725413530077055,0.15956349611152326,0.7823109301280735
0.000714226256310036,0.07667845084099943,0.1625437712599262,0.7813723528035904
-0.0009475864423431723,0.07543938824357659,0.16250540080507267,0.7813163594907426
-0.0006433966423599165,0.07458978507026572,0.16388265531602375,0.7821279319814708
-0.0028952230033408733,0.07325069228788998,0.16481063556537398,0.7807654319700122
-0.0028952230033408733,0.07325069228788998,0.16481063556537398,0.7807654319700122
-0.0028952230033408733,0.07325069228788998,0.16481063556537398,0.7807654319700122
-0.003644642443275189,0.07395438845426268,0.16361535077998854,0.7817724995669999
-0.003644642443275189,0.07395438845426268,0.16361535077998854,0.7817724995669999
-0.003644642443275189,0.07395438845426268,0.16361535077998854,0.7817724995669999
-0.003644642443275189,0.07395438845426268,0.16361535077998854,0.7817724995669999
-0.003644642443275189,0.07395438845426268,0.16361535077998854,0.7817724995669999
-0.003644642443275189,0.07395438845426268,0.16361535077998854,0.7817724995669999
-0.003644642443275189,0.07395438845426268,0.16361535077998854,0.7817724995669999
-0.003644642443275189,0.07395438845426268,0.16361535077998854,0.7817724995669999
-0.003644642443275189,0.07395438845426268,0.16361535077998854,0.7817724995669999
-0.003644642443275189,0.07395438845426268,0.16361535077998854,0.7817724995669999
-0.003644642443275189,0.07395438845426268,0.16361535077998854,0.7817724995669999
-0.003644642443275189,0.07395438845426268,0.16361535077998854,0.7817724995669999
-0.003644642443275189,0.07395438845426268,0.16361535077998854,0.7817724995669999
-0.003644642443275189,0.07395438845426268,0.16361535077998854,0.7817724995669999
-0.0035532961796898325,0.07419133646752876,0.16132851499721101,0.7822833792401214
-0.0035532961796898325,0.07419133646752876,0.16132851499721101,0.7822833792401214
-0.0035532961796898325,0.07419133646752876,0.16132851499721101,0.7822833792401214
-0.0035532961796898325,0.07419133646752876,0.16132851499721101,0.7822833792401214
-0.0035532961796898325,0.07419133646752876,0.16132851499721101,0.7822833792401214
-0.0035532961796898325,0.07419133646752876,0.16132851499721101,0.7822833792401214
-0.0035532961796898325,0.07419133646752876,0.16132851499721101,0.7822833792401214
-0.0035532961796898325,0.07419133646752876,0.16132851499721101,0.7822833792401214
-0.0035532961796898325,0.07419133646752876,0.16132851499721101,0.7822833792401214
0.0016446718860277775,0.07494932893554922,0.163105999175062,0.7813261972194647
-0.0015899762394800954,0.07560903842941383,0.15969361290025658,0.781735910160592
-0.0015899762394800954,0.07560903842941383,0.15969361290025658,0.781735910160592
-0.0008766982651822109,0.07398702139074088,0.1595556232278338,0.7828664838006879
-0.0014968509465584758,0.07397716395607414,0.15999768681976007,0.7832903845126876
-0.0008463193579678866,0.07355878881887909,0.16118247611077918,0.784690901580314
-0.0008463193579678866,0.07355878881887909,0.16118247611077918,0.784690901580314
-0.0008463193579678866,0.07355878881887909,0.16118247611077918,0.784690901580314
-0.0008463193579678866,0.07355878881887909,0.16118247611077918,0.784690901580314
0.0008453986678434605,0.07328329734253071,0.16062433719350427,0.7844951324505284
0.0008453986678434605,0.07328329734253071,0.16062433719350427,0.7844951324505284
0.0008453986678434605,0.07328329734253071,0.16062433719350427,0.7844951324505284
-0.0017342904618744093,0.07356685976897988,0.16177696492316546,0.7832216289145341
-0.0017342904618744093,0.07356685976897988,0.16177696492316546,0.7832216289145341
-0.0017342904618744093,0.07356685976897988,0.16177696492316546,0.7832216289145341
-0.0017342904618744093,0.07356685976897988,0.16177696492316546,0.7832216289145341
-0.0014329744293291448,0.07290000956336504,0.15913958656319005,0.7855205712435438
-0.0014329744293291448,0.07290000956336504,0.15913958656319005,0.7855205712435438
-0.0014329744293291448,0.07290000956336504,0.15913958656319005,0.7855205712435438
-0.0014329744293291448,0.07290000956336504,0.15913958656319005,0.7855205712435438
-0.0014329744293291448,0.07290000956336504,0.15913958656319005,0.7855205712435438
-0.0014329744293291448,0.07290000956336504,0.15913958656319005,0.7855205712435438
-0.0014329744293291448,0.07290000956336504,0.15913958656319005,0.7855205712435438
-0.0014329744293291448,0.07290000956336504,0.15913958656319005,0.7855205712435438
-0.0014329744293291448,0.07290000956336504,0.15913958656319005,0.7855205712435438
-0.0014329744293291448,0.07290000956336504,0.15913958656319005,0.7855205712435438
-0.0020425680594140447,0.07246149332435226,0.1620347997125058,0.7831503368125421
-0.0020425680594140447,0.07246149332435226,0.1620347997125058,0.7831503368125421
-0.0020425680594140447,0.07246149332435226,0.1620347997125058,0.7831503368125421
-0.0020425680594140447,0.07246149332435226,0.1620347997125058,0.7831503368125421
-0.0022111000570110492,0.07313071631565674,0.16228367643776048,0.7818651623238521
-0.0022111000570110492,0.07313071631565674,0.16228367643776048,0.7818651623238521
-0.0027370695368830198,0.07058493328597364,0.16300582815796283,0.7847505301280631
-0.0027370695368830198,0.07058493328597364,0.16300582815796283,0.7847505301280631
-0.0027370695368830198,0.07058493328597364,0.16300582815796283,0.7847505301280631
0.00010045318726578743,0.07090837286206848,0.16204952247529794,0.7852798203611207
0.00010045318726578743,0.07090837286206848,0.16204952247529794,0.7852798203611207
0.00010045318726578743,0.07090837286206848,0.16204952247529794,0.7852798203611207
-0.0007839997058215275,0.06970207294010405,0.162494009411572,0.7847909915369928
-0.0007839997058215275,0.06970207294010405,0.162494009411572,0.7847909915369928
-0.0007839997058215275,0.06970207294010405,0.162494009411572,0.7847909915369928
-0.0020342836520385143,0.07169218534993706,0.1649193377179662,0.7841119327585944
-0.0020342836520385143,0.07169218534993706,0.1649193377179662,0.7841119327585944
-0.0020342836520385143,0.07169218534993706,0.1649193377179662,0.7841119327585944
-0.0020342836520385143,0.07169218534993706,0.1649193377179662,0.7841119327585944
-0.0020342836520385143,0.07169218534993706,0.1649193377179662,0.7841119327585944
-0.0020342836520385143,0.07169218534993706,0.1649193377179662,0.7841119327585944
-0.0020342836520385143,0.07169218534993706,0.1649193377179662,0.7841119327585944
-0.0019802632969533715,0.07097804812322622,0.1661190045896647,0.7822759039182162
-0.0019802632969533715,0.07097804812322622,0.1661190045896647,0.7822759039182162
-0.0009100309326259416,0.07213583512530718,0.16572602101574183,0.7824307239079976
-0.0009100309326259416,0.07213583512530718,0.16572602101574183,0.7824307239079976
-0.0008322384289651597,0.07200638817145713,0.16344172047390496,0.785244058887158
-0.0008322384289651597,0.07200638817145713,0.16344172047390496,0.785244058887158
-0.0008322384289651597,0.07200638817145713,0.16344172047390496,0.785244058887158
-0.0008322384289651597,0.07200638817145713,0.16344172047390496,0.785244058887158
-0.0008322384289651597,0.07200638817145713,0.16344172047390496,0.785244058887158
-0.0008322384289651597,0.07200638817145713,0.16344172047390496,0.785244058887158
-0.0018863501519443258,0.07202243496435091,0.16208193319527195,0.7858691057262118
-0.0018863501519443258,0.07202243496435091,0.16208193319527195,0.7858691057262118
-0.0018863501519443258,0.07202243496435091,0.16208193319527195,0.7858691057262118
-0.0018863501519443258,0.07202243496435091,0.16208193319527195,0.7858691057262118
-0.0018863501519443258,0.07202243496435091,0.16208193319527195,0.7858691057262118
-0.002235893707146222,0.07345158751007727,0.161153682950927,0.7843436382592834
-0.0027648551953645562,0.07380973999797778,0.162689338697892,0.7829648233991562
-0.0036335065792997977,0.07451928468491387,0.1633183361593036,0.7813948134329609
-0.0023763730001983277,0.07235044444959234,0.1606085696287181,0.7847468772578725
-0.0023763730001983277,0.07235044444959234,0.1606085696287181,0.7847468772578725
-0.0023763730001983277,0.07235044444959234,0.1606085696287181,0.7847468772578725
-0.0023763730001983277,0.07235044444959234,0.1606085696287181,0.7847468772578725
-0.003147084669384535,0.0735586201932324,0.16127274358500387,0.7844869043955001
-0.003147084669384535,0.0735586201932324,0.16127274358500387,0.7844869043955001
-0.003147084669384535,0.0735586201932324,0.16127274358500387,0.7844869043955001
-0.003147084669384535,0.0735586201932324,0.16127274358500387,0.7844869043955001
-0.003147084669384535,0.0735586201932324,0.16127274358500387,0.7844869043955001
-0.003147084669384535,0.0735586201932324,0.16127274358500387,0.7844869043955001
-0.003147084669384535,0.0735586201932324,0.16127274358500387,0.7844869043955001
-0.003279084900346101,0.0746519012167866,0.159863399862181,0.7833056232889336
-0.0021536442152714037,0.07456694616943628,0.1592302552304527,0.7845329469633119
-0.0021536442152714037,0.07456694616943628,0.1592302552304527,0.7845329469633119
-0.0021536442152714037,0.07456694616943628,0.1592302552304527,0.7845329469633119
-0.0021536442152714037,0.07456694616943628,0.1592302552304527,0.7845329469633119
-0.002275889950948615,0.07611794893602189,0.16157614324390696,0.7832033219878263
-0.0022484688070743323,0.07596525008973447,0.16224529554756517,0.7820751042737739
-0.00033166520525971057,0.07451351438614329,0.16030428965910093,0.782687982570012
-0.00033166520525971057,0.07451351438614329,0.16030428965910093,0.782687982570012
0.001809543902570927,0.07239642838712665,0.16168896716498243,0.7867681277397833
0.001809543902570927,0.07239642838712665,0.16168896716498243,0.7867681277397833
0.001809543902570927,0.07239642838712665,0.16168896716498243,0.7867681277397833
0.001809543902570927,0.07239642838712665,0.16168896716498243,0.7867681277397833
0.001809543902570927,0.07239642838712665,0.16168896716498243,0.7867681277397833
0.0025053291753461032,0.07087274292574207,0.16102287044307445,0.7867702089263107
0.0025053291753461032,0.07087274292574207,0.16102287044307445,0.7867702089263107
0.0025053291753461032,0.07087274292574207,0.16102287044307445,0.7867702089263107
0.0025053291753461032,0.07087274292574207,0.16102287044307445,0.7867702089263107
0.001695051275994793,0.07216208589059216,0.16030634157395635,0.786219016268584
0.001695051275994793,0.07216208589059216,0.16030634157395635,0.786219016268584
0.001695051275994793,0.07216208589059216,0.16030634157395635,0.786219016268584
0.001695051275994793,0.07216208589059216,0.16030634157395635,0.786219016268584
0.001695051275994793,0.07216208589059216,0.16030634157395635,0.786219016268584
0.001695051275994793,0.07216208589059216,0.16030634157395635,0.786219016268584
0.001695051275994793,0.07216208589059216,0.16030634157395635,0.786219016268584
0.001695051275994793,0.07216208589059216,0.16030634157395635,0.786219016268584
0.0017188078601934954,0.07089820046252165,0.1603835822320503,0.7867607797754761
0.0017188078601934954,0.07089820046252165,0.1603835822320503,0.7867607797754761
0.0017188078601934954,0.07089820046252165,0.1603835822320503,0.7867607797754761
-0.00021808539542040282,0.07101920138557878,0.16201545502757456,0.78447546280266
-0.00028390702361609857,0.0715574217966395,0.15979526290796084,0.7851505699634019
-0.00028390702361609857,0.0715574217966395,0.15979526290796084,0.7851505699634019
-0.00028390702361609857,0.0715574217966395,0.15979526290796084,0.7851505699634019
0.0006508288646179251,0.07160084097818381,0.16014952660266893,0.784683287366932
0.00021950013150917662,0.07316381584547815,0.16178417303942685,0.7823467744960578
0.0018709098147209036,0.0756022314945041,0.16380022752653733,0.7800616167591242
0.001008571382263707,0.0763164918503414,0.1616214559379002,0.7808022525900374
-0.001091869273372657,0.07594925337608077,0.16099246357231645,0.7820138612369839
-0.001091869273372657,0.07594925337608077,0.16099246357231645,0.7820138612369839
-0.001091869273372657,0.07594925337608077,0.16099246357231645,0.7820138612369839
-0.001091869273372657,0.07594925337608077,0.16099246357231645,0.7820138612369839
-0.001091869273372657,0.07594925337608077,0.16099246357231645,0.7820138612369839
-0.001091869273372657,0.07594925337608077,0.16099246357231645,0.7820138612369839
-0.001091869273372657,0.07594925337608077,0.16099246357231645,0.7820138612369839
-0.001091869273372657,0.07594925337608077,0.16099246357231645,0.7820138612369839
-0.001415538510364509,0.07471905570749961,0.16252292322530074,0.781836335023677
-0.0005944019299124499,0.07499556067985126,0.16581564680296706,0.7785214484295161
-0.0005944019299124499,0.07499556067985126,0.16581564680296706,0.7785214484295161
-0.0007947767051307317,0.07426518202730685,0.16741562059050505,0.7789418088355727
-0.0007947767051307317,0.07426518202730685,0.16741562059050505,0.7789418088355727
-0.0006801679362947927,0.07481242781774673,0.16675325009473052,0.7777552319615202
-0.003113886217867615,0.07628986040579758,0.16599151947712246,0.7778456675156233
-0.003113886217867615,0.07628986040579758,0.16599151947712246,0.7778456675156233
-0.003633738316963647,0.07661081421641508,0.16632736316199204,0.7778166563910964
-0.003633738316963647,0.07661081421641508,0.16632736316199204,0.7778166563910964
-0.003633738316963647,0.07661081421641508,0.16632736316199204,0.7778166563910964
-0.003633738316963647,0.07661081421641508,0.16632736316199204,0.7778166563910964
-0.003633738316963647,0.07661081421641508,0.16632736316199204,0.7778166563910964
-0.006086193906233699,0.07463653122358607,0.16965920825355946,0.7757191756012164
-0.005424528627029675,0.07428678703585673,0.16882944657942386,0.7762792893274582
-0.004546894379213777,0.07413535338137776,0.1661013218404017,0.7771223200061177
-0.005948433236329369,0.07478772853457533,0.16817538463973844,0.7773552240149733
-0.005948433236329369,0.07478772853457533,0.16817538463973844,0.7773552240149733
-0.005948433236329369,0.07478772853457533,0.16817538463973844,0.7773552240149733
-0.005372072284459045,0.07345576289227229,0.16826907232386226,0.7780061373616658
-0.005372072284459045,0.07345576289227229,0.16826907232386226,0.7780061373616658
-0.003975103497090184,0.07315342616072888,0.16696524849618904,0.7809046124297578
-0.003975103497090184,0.07315342616072888,0.16696524849618904,0.7809046124297578
-0.004170201726546409,0.07337551065341054,0.16658819554614382,0.7795903173059681
-0.004170201726546409,0.07337551065341054,0.16658819554614382,0.7795903173059681
-0.005057915757132272,0.07224562156205877,0.16741511057104771,0.7797069328710358
-0.008431648062511708,0.07188633067502449,0.16713962588316122,0.7808069573892551
-0.008431648062511708,0.07188633067502449,0.16713962588316122,0.7808069573892551
-0.00784099133558586,0.07531317338066813,0.16544885743600224,0.7795810863964867
-0.00784099133558586,0.07531317338066813,0.16544885743600224,0.7795810863964867
-0.00784099133558586,0.07531317338066813,0.16544885743600224,0.7795810863964867
-0.00784099133558586,0.07531317338066813,0.16544885743600224,0.7795810863964867
-0.00784099133558586,0.07531317338066813,0.16544885743600224,0.7795810863964867
-0.007759329273098834,0.07431417365398857,0.16629620466582712,0.7795655666877462
-0.007759329273098834,0.07431417365398857,0.16629620466582712,0.7795655666877462
-0.007759329273098834,0.07431417365398857,0.16629620466582712,0.7795655666877462
-0.007759329273098834,0.07431417365398857,0.16629620466582712,0.7795655666877462
-0.007759329273098834,0.07431417365398857,0.16629620466582712,0.7795655666877462
-0.00771138998959351,0.07290508452270433,0.16313593019518213,0.7819534699666916
-0.00771138998959351,0.07290508452270433,0.16313593019518213,0.7819534699666916
-0.00771138998959351,0.07290508452270433,0.16313593019518213,0.7819534699666916
-0.007616498227650108,0.07283828468474243,0.16553503680049875,0.7803089764712586
-0.007604172694966944,0.07311307608502185,0.16673433657115627,0.779816222166587
-0.007604172694966944,0.07311307608502185,0.16673433657115627,0.779816222166587
-0.007604172694966944,0.07311307608502185,0.16673433657115627,0.779816222166587
-0.007604172694966944,0.07311307608502185,0.16673433657115627,0.779816222166587
-0.005615355183206801,0.07412486652401977,0.16581459957478908,0.7794160737239614
-0.005615355183206801,0.07412486652401977,0.16581459957478908,0.7794160737239614
-0.005615355183206801,0.07412486652401977,0.16581459957478908,0.7794160737239614
-0.005615355183206801,0.07412486652401977,0.16581459957478908,0.7794160737239614
-0.005615355183206801,0.07412486652401977,0.16581459957478908,0.7794160737239614
-0.006056316934296371,0.07553578043770584,0.1656900628714845,0.7794278525598684
-0.006056316934296371,0.07553578043770584,0.1656900628714845,0.7794278525598684
-0.006144908003093849,0.07600730647143482,0.16579036966969585,0.7789432365807565
-0.006144908003093849,0.07600730647143482,0.16579036966969585,0.7789432365807565
-0.006144908003093849,0.07600730647143482,0.16579036966969585,0.7789432365807565
-0.0035759567431024016,0.07465961543967363,0.1666557751496431,0.7783684616566386
-0.0035759567431024016,0.07465961543967363,0.1666557751496431,0.7783684616566386
-0.004542793834948738,0.07396145866131737,0.16564995560237292,0.7810120751643723
-0.0012716998469425415,0.07402673348453875,0.16571878702656695,0.7787921771156563
-0.0002497482984411695,0.07359068279519812,0.1668262671662061,0.7788114904231037
-0.0002497482984411695,0.07359068279519812,0.1668262671662061,0.7788114904231037
0.0002711415136067212,0.07481350457613561,0.16732160429652138,0.7774076516787566
0.0002711415136067212,0.07481350457613561,0.16732160429652138,0.7774076516787566
0.0002711415136067212,0.07481350457613561,0.16732160429652138,0.7774076516787566
0.0002711415136067212,0.07481350457613561,0.16732160429652138,0.7774076516787566
0.0002711415136067212,0.07481350457613561,0.16732160429652138,0.7774076516787566
0.0002711415136067212,0.07481350457613561,0.16732160429652138,0.7774076516787566
-0.0008591873148723921,0.07276725276104301,0.1662029645692149,0.7799572978059536
-0.0008591873148723921,0.07276725276104301,0.1662029645692149,0.7799572978059536
-0.0008591873148723921,0.07276725276104301,0.1662029645692149,0.7799572978059536
-0.0008591873148723921,0.07276725276104301,0.1662029645692149,0.7799572978059536
-0.0008591873148723921,0.07276725276104301,0.1662029645692149,0.7799572978059536
-0.0008591873148723921,0.07276725276104301,0.1662029645692149,0.7799572978059536
0.0011040489055007298,0.07384317656255975,0.1651090930387358,0.7807502735960804
0.0011040489055007298,0.07384317656255975,0.1651090930387358,0.7807502735960804
0.001103004032794779,0.07194567886794982,0.16383095269035128,0.7835678580212418
0.001103004032794779,0.07194567886794982,0.16383095269035128,0.7835678580212418
-0.0011274563142321119,0.070591323940291,0.16460363706229456,0.7844113579784502
-0.0011274563142321119,0.070591323940291,0.16460363706229456,0.7844113579784502
0.0027488812851262424,0.07239034514456949,0.16173681395398165,0.7846163051051598
-0.00011441469719878673,0.0716396209798611,0.16166733687506282,0.7849344911076339
-0.00011441469719878673,0.0716396209798611,0.16166733687506282,0.7849344911076339
0.0004295631539235026,0.07352837695072888,0.16259220481058287,0.7827614569721127
0.0004295631539235026,0.07352837695072888,0.16259220481058287,0.7827614569721127
0.0004295631539235026,0.07352837695072888,0.16259220481058287,0.7827614569721127
0.0004295631539235026,0.07352837695072888,0.16259220481058287,0.7827614569721127
0.0006640668301032762,0.0733307656340907,0.1619249224021945,0.7833326991853746
0.0006640668301032762,0.0733307656340907,0.1619249224021945,0.7833326991853746
0.0006640668301032762,0.0733307656340907,0.1619249224021945,0.7833326991853746
0.0006640668301032762,0.0733307656340907,0.1619249224021945,0.7833326991853746
0.0006640668301032762,0.0733307656340907,0.1619249224021945,0.7833326991853746
0.0006640668301032762,0.0733307656340907,0.1619249224021945,0.7833326991853746
0.0006640668301032762,0.0733307656340907,0.1619249224021945,0.7833326991853746
0.0006640668301032762,0.0733307656340907,0.1619249224021945,0.7833326991853746
0.00048722168564604035,0.07328015155736867,0.16375612526163952,0.7826043133338915
0.00048722168564604035,0.07328015155736867,0.16375612526163952,0.7826043133338915
0.00048722168564604035,0.07328015155736867,0.16375612526163952,0.7826043133338915
0.00048722168564604035,0.07328015155736867,0.16375612526163952,0.7826043133338915
0.00048722168564604035,0.07328015155736867,0.16375612526163952,0.7826043133338915
-0.000805918667770534,0.07364616147546749,0.16295109023162746,0.7835313419294061
0.0006242899765715596,0.07307973643735066,0.16356768136856814,0.7847785964425444
0.00015840434805513317,0.07048842200760859,0.16474445881808228,0.7863680939735459
-0.001852945658541193,0.06966474693092287,0.1642995339668701,0.7858765029141622
-0.001852945658541193,0.06966474693092287,0.1642995339668701,0.7858765029141622
-0.0003973308705928942,0.07102762767263304,0.1635292128097857,0.7827700949210981
-0.0003973308705928942,0.07102762767263304,0.1635292128097857,0.7827700949210981
-0.0003973308705928942,0.07102762767263304,0.1635292128097857,0.7827700949210981
-0.0003973308705928942,0.07102762767263304,0.1635292128097857,0.7827700949210981
-0.0003973308705928942,0.07102762767263304,0.1635292128097857,0.7827700949210981
-0.0003973308705928942,0.07102762767263304,0.1635292128097857,0.7827700949210981
0.0028446230053106405,0.0696193840049872,0.16330367282835276,0.7848898282923451
0.0028446230053106405,0.0696193840049872,0.16330367282835276,0.7848898282923451
0.0028446230053106405,0.0696193840049872,0.16330367282835276,0.7848898282923451
0.0006332309520335217,0.07006331975329176,0.16435712404928443,0.7839918948769209
0.0006332309520335217,0.07006331975329176,0.16435712404928443,0.7839918948769209
0.0006332309520335217,0.07006331975329176,0.16435712404928443,0.7839918948769209
0.0006332309520335217,0.07006331975329176,0.16435712404928443,0.7839918948769209
0.0006332309520335217,0.07006331975329176,0.16435712404928443,0.7839918948769209
0.0034552369375149875,0.06949369289003993,0.16334781210080038,0.7849929819762538
0.0034552369375149875,0.06949369289003993,0.16334781210080038,0.7849929819762538
0.0034552369375149875,0.06949369289003993,0.16334781210080038,0.7849929819762538
0.00418214376845985,0.06947663732358893,0.16209281261423059,0.7855960574524237
0.004346171065727164,0.07165402802935425,0.16614887524753472,0.7816545101840989
0.003286540966611077,0.07049417687704573,0.1643079968120828,0.7833942213958389
0.003286540966611077,0.07049417687704573,0.1643079968120828,0.7833942213958389
0.003286540966611077,0.07049417687704573,0.1643079968120828,0.7833942213958389
0.004863975041361053,0.07022245337562735,0.16230815092652717,0.7853403551989133
0.004863975041361053,0.07022245337562735,0.16230815092652717,0.7853403551989133
0.004955203781709553,0.07001509027491726,0.1625423591990337,0.786171384452349
0.004955203781709553,0.07001509027491726,0.1625423591990337,0.786171384452349
0.004706660207895455,0.07278474014111831,0.16655593863349366,0.7808170459813011
0.004706660207895455,0.07278474014111831,0.16655593863349366,0.7808170459813011
0.005190296674157208,0.07278498363358442,0.1674020497509121,0.7790673184931809
0.005854648289720428,0.07506591742648369,0.16816758560742512,0.7762702820019054
0.005854648289720428,0.07506591742648369,0.16816758560742512,0.7762702820019054
0.004798734799322956,0.07503626578982485,0.16882108446111338,0.7749914926461307
0.004798734799322956,0.07503626578982485,0.16882108446111338,0.7749914926461307
0.00470918758940321,0.07641877529410931,0.16862894961091845,0.774632458380395
0.00470918758940321,0.07641877529410931,0.16862894961091845,0.774632458380395
0.00470918758940321,0.07641877529410931,0.16862894961091845,0.774632458380395
0.00470918758940321,0.07641877529410931,0.16862894961091845,0.774632458380395
0.00470918758940321,0.07641877529410931,0.16862894961091845,0.774632458380395
0.00470918758940321,0.07641877529410931,0.16862894961091845,0.774632458380395
0.0061861523088554094,0.07525042712813304,0.1675328594131362,0.777601457345821
0.004686821425456536,0.07453620404453153,0.1660054816030827,0.7788228107735437
0.004686821425456536,0.07453620404453153,0.1660054816030827,0.7788228107735437
0.004686821425456536,0.07453620404453153,0.1660054816030827,0.7788228107735437
0.004686821425456536,0.07453620404453153,0.1660054816030827,0.7788228107735437
0.004686821425456536,0.07453620404453153,0.1660054816030827,0.7788228107735437
0.004686821425456536,0.07453620404453153,0.1660054816030827,0.7788228107735437
0.004686821425456536,0.07453620404453153,0.1660054816030827,0.7788228107735437
0.004686821425456536,0.07453620404453153,0.1660054816030827,0.7788228107735437
0.006177898834119286,0.07366374125146197,0.16301952848368526,0.7824809869189636
0.006177898834119286,0.07366374125146197,0.16301952848368526,0.7824809869189636
0.006177898834119286,0.07366374125146197,0.16301952848368526,0.7824809869189636
0.0063404861238789915,0.0724758771938757,0.1623028885971789,0.782711464413513
0.004929094862671131,0.07312375359245918,0.16145135658197893,0.7848945859730163
0.004929094862671131,0.07312375359245918,0.16145135658197893,0.7848945859730163
0.0027663816202102695,0.07415248874374056,0.15975053855085883,0.784744399454501
0.0025175881931742347,0.0747759211974799,0.15957267231199382,0.784013419934192
0.0025175881931742347,0.0747759211974799,0.15957267231199382,0.784013419934192
0.0025175881931742347,0.0747759211974799,0.15957267231199382,0.784013419934192
0.0035478843692527766,0.07504920354607594,0.16045297858610555,0.7836359786458248
0.0019379446789383342,0.07429982432948815,0.16216502687937034,0.7839462460622013
0.0019379446789383342,0.07429982432948815,0.16216502687937034,0.7839462460622013
0.0020223912540376075,0.07535299099751572,0.16182590140207445,0.7828786014662102
0.0020223912540376075,0.07535299099751572,0.16182590140207445,0.7828786014662102
0.001925444863304415,0.07664105684564342,0.16206338320857455,0.7813244975130453
0.001925444863304415,0.07664105684564342,0.16206338320857455,0.7813244975130453
0.0016290194587742842,0.0764293552980651,0.16212629654004138,0.7821013679803452
0.0016290194587742842,0.0764293552980651,0.16212629654004138,0.7821013679803452
0.0016290194587742842,0.0764293552980651,0.16212629654004138,0.7821013679803452
0.0016290194587742842,0.0764293552980651,0.16212629654004138,0.7821013679803452
0.001396687370235908,0.07702161165036928,0.16137444213284538,0.7824634517073356
0.001608622831922662,0.07705582802804191,0.16190941167242084,0.781609930999273
-0.0010080304029203438,0.07540156419916544,0.1628605210136329,0.7805338634793789
-0.0010080304029203438,0.07540156419916544,0.1628605210136329,0.7805338634793789
-0.0007861803631239372,0.07557737464706246,0.16444349619242693,0.7787995864638113
-0.0007861803631239372,0.07557737464706246,0.16444349619242693,0.7787995864638113
-0.0007861803631239372,0.07557737464706246,0.16444349619242693,0.7787995864638113
0.0012404264884931073,0.07425658100818974,0.1621773820889604,0.7807762824751334
-0.0001795355887200961,0.07493125331554586,0.16132535938892717,0.7811663944594552
-0.0011785705011240707,0.07675104843672609,0.16314816524973946,0.7792142417304057
-0.0011785705011240707,0.07675104843672609,0.16314816524973946,0.7792142417304057
-0.0011785705011240707,0.07675104843672609,0.16314816524973946,0.7792142417304057
-0.0011785705011240707,0.07675104843672609,0.16314816524973946,0.7792142417304057
-0.0011785705011240707,0.07675104843672609,0.16314816524973946,0.7792142417304057
-0.0011785705011240707,0.07675104843672609,0.16314816524973946,0.7792142417304057
-0.0011785705011240707,0.07675104843672609,0.16314816524973946,0.7792142417304057
-0.0011785705011240707,0.07675104843672609,0.16314816524973946,0.7792142417304057
-0.0011785705011240707,0.07675104843672609,0.16314816524973946,0.7792142417304057
-0.0011785705011240707,0.07675104843672609,0.16314816524973946,0.7792142417304057
-0.0011785705011240707,0.07675104843672609,0.16314816524973946,0.7792142417304057
-0.0011785705011240707,0.07675104843672609,0.16314816524973946,0.7792142417304057
0.0017766191907184579,0.07589096679072736,0.16484236292093532,0.7773753472103421
0.0017766191907184579,0.07589096679072736,0.16484236292093532,0.7773753472103421
0.0018758263195735917,0.07762467438313507,0.1658837913604966,0.7774855798382599
0.0018758263195735917,0.07762467438313507,0.1658837913604966,0.7774855798382599
-0.0009650972283818528,0.0778843205720504,0.166356444277553,0.7757272593293696
-0.0009650972283818528,0.0778843205720504,0.166356444277553,0.7757272593293696
-0.00347202097783798,0.07520129148884497,0.16458566144533124,0.7807311271966548
-0.0037863054491799578,0.07701977711619558,0.16423315656733942,0.7789006600498063
-0.0037863054491799578,0.07701977711619558,0.16423315656733942,0.7789006600498063
-0.0037863054491799578,0.07701977711619558,0.16423315656733942,0.7789006600498063
-0.0037863054491799578,0.07701977711619558,0.16423315656733942,0.7789006600498063
-0.0037863054491799578,0.07701977711619558,0.16423315656733942,0.7789006600498063
-0.00022606098464289992,0.07419073608151325,0.16467855666007045,0.78007699505672
0.003217131043996453,0.07529739036642365,0.1633996847977456,0.779697486414504
0.003217131043996453,0.07529739036642365,0.1633996847977456,0.779697486414504
0.003217131043996453,0.07529739036642365,0.1633996847977456,0.779697486414504
0.0026760113189828036,0.07623615067062377,0.16243950422648487,0.7802656910242525
0.0022186894950351928,0.07398525057704959,0.16562794387980093,0.7799676701898859
-7.954364602640951e-05,0.07461561406379212,0.16710999433514312,0.7782524196255484
-7.954364602640951e-05,0.07461561406379212,0.16710999433514312,0.7782524196255484
-7.954364602640951e-05,0.07461561406379212,0.16710999433514312,0.7782524196255484
-7.954364602640951e-05,0.07461561406379212,0.16710999433514312,0.7782524196255484
-7.954364602640951e-05,0.07461561406379212,0.16710999433514312,0.7782524196255484
-7.954364602640951e-05,0.07461561406379212,0.16710999433514312,0.7782524196255484
-7.954364602640951e-05,0.07461561406379212,0.16710999433514312,0.7782524196255484
-7.954364602640951e-05,0.07461561406379212,0.16710999433514312,0.7782524196255484
-7.954364602640951e-05,0.07461561406379212,0.16710999433514312,0.7782524196255484
-7.954364602640951e-05,0.07461561406379212,0.16710999433514312,0.7782524196255484
-0.0013669646187196586,0.07377634079105183,0.16603396819333488,0.7793004786095833
-0.0031747600762734385,0.07427826864351071,0.16498019454230048,0.7809597533523628
-0.0031747600762734385,0.07427826864351071,0.16498019454230048,0.7809597533523628
-0.0007299076200872347,0.07373318296870318,0.16334734874963414,0.780833434130452
-0.0007299076200872347,0.07373318296870318,0.16334734874963414,0.780833434130452
0.0014594413545942217,0.07256261274083382,0.1640580297369241,0.7822845531202338
0.0014594413545942217,0.07256261274083382,0.1640580297369241,0.7822845531202338
0.002423450617372351,0.07256015306583595,0.16193582717876875,0.7835775534311886
0.0002602743820292312,0.07448854057123243,0.16546295242637568,0.7820159309613697
0.0002602743820292312,0.07448854057123243,0.16546295242637568,0.7820159309613697
0.00451913353283564,0.07508025236479719,0.1628976007089562,0.7830170361129196
0.00451913353283564,0.07508025236479719,0.1628976007089562,0.7830170361129196
0.003948698738522037,0.07611842407804381,0.16250937153559358,0.7820481438522169
0.004367027294819907,0.07678978126278932,0.1618631144018094,0.7797733373520442
0.004367027294819907,0.07678978126278932,0.1618631144018094,0.7797733373520442
0.004113923839536361,0.0759519128360568,0.1621689251921802,0.7801560194543279
0.004113923839536361,0.0759519128360568,0.1621689251921802,0.7801560194543279
0.004113923839536361,0.0759519128360568,0.1621689251921802,0.7801560194543279
0.004113923839536361,0.0759519128360568,0.1621689251921802,0.7801560194543279
0.004113923839536361,0.0759519128360568,0.1621689251921802,0.7801560194543279
0.004113923839536361,0.0759519128360568,0.1621689251921802,0.7801560194543279
0.004113923839536361,0.0759519128360568,0.1621689251921802,0.7801560194543279
0.004113923839536361,0.0759519128360568,0.1621689251921802,0.7801560194543279
0.006041693689910476,0.07496810203664231,0.1623530060699295,0.7806108683615284
0.006041693689910476,0.07496810203664231,0.1623530060699295,0.7806108683615284
0.006041693689910476,0.07496810203664231,0.1623530060699295,0.7806108683615284
0.006041693689910476,0.07496810203664231,0.1623530060699295,0.7806108683615284
0.0024870698965428054,0.07513692278621477,0.16091971489882817,0.7809365664743282
0.0024870698965428054,0.07513692278621477,0.16091971489882817,0.7809365664743282
0.0029632273096438654,0.07593109370105162,0.16203865151972716,0.7808905442545099
0.002404727264266826,0.0766344326771786,0.1622434037007752,0.7803463959684687
0.002404727264266826,0.0766344326771786,0.1622434037007752,0.7803463959684687
0.002404727264266826,0.0766344326771786,0.1622434037007752,0.7803463959684687
0.002404727264266826,0.0766344326771786,0.1622434037007752,0.7803463959684687
0.002404727264266826,0.0766344326771786,0.1622434037007752,0.7803463959684687
0.0012092450112568278,0.07455480579164843,0.16351283636592384,0.7831730292220467
0.0029074356136643154,0.0747985019314223,0.16474838542307033,0.7796948402677217
0.0029074356136643154,0.0747985019314223,0.16474838542307033,0.7796948402677217
0.0029074356136643154,0.0747985019314223,0.16474838542307033,0.7796948402677217
0.0029074356136643154,0.0747985019314223,0.16474838542307033,0.7796948402677217
0.0029074356136643154,0.0747985019314223,0.16474838542307033,0.7796948402677217
0.003998089776225857,0.07612977352671678,0.16599546620057637,0.7764484606766039
0.005561009034975077,0.07406155791839568,0.16473338751011085,0.7787647234145009
0.0036210189684441627,0.07239261084274727,0.16338238034764352,0.7815415608358374
0.0036210189684441627,0.07239261084274727,0.16338238034764352,0.7815415608358374
0.0036210189684441627,0.07239261084274727,0.16338238034764352,0.7815415608358374
0.003373538891983569,0.07618058179508021,0.16409726270355135,0.7792354245007578
0.003373538891983569,0.07618058179508021,0.16409726270355135,0.7792354245007578
0.00444426123835793,0.07441956243327558,0.16656400700160875,0.7778491795662639
0.002568265673408448,0.07528058647419239,0.16452444044300268,0.7781912187480136
0.0022226880286789976,0.07630912110929482,0.1627008745273324,0.7791294773382099
0.0022226880286789976,0.07630912110929482,0.1627008745273324,0.7791294773382099
0.0009618056016313633,0.0752091278723149,0.1614503611508996,0.7809297108927303
0.0021040988775027714,0.07566832876432575,0.161774463791335,0.7807500666872766
0.0021040988775027714,0.07566832876432575,0.161774463791335,0.7807500666872766
0.000519252197484228,0.07593635347176801,0.16128375143498544,0.7804418160142044
0.000519252197484228,0.07593635347176801,0.16128375143498544,0.7804418160142044
0.0025793583584169857,0.07756443739440277,0.16394292797481316,0.7782728208212385
0.0025793583584169857,0.07756443739440277,0.16394292797481316,0.7782728208212385
0.0025793583584169857,0.07756443739440277,0.16394292797481316,0.7782728208212385
0.004515135835081999,0.07508504916232692,0.1625200767755885,0.7791556467757824
0.0020090970182695396,0.0733032827187302,0.16520260683931717,0.7808540849590833
0.0020090970182695396,0.0733032827187302,0.16520260683931717,0.7808540849590833
0.0030814135080160206,0.07182601011310091,0.1630849256527719,0.7851365797640292
0.0030814135080160206,0.07182601011310091,0.1630849256527719,0.7851365797640292
0.004060031403210861,0.07101010562148737,0.16177756203990248,0.785897054990973
0.004060031403210861,0.07101010562148737,0.16177756203990248,0.785897054990973
0.004060031403210861,0.07101010562148737,0.16177756203990248,0.785897054990973
0.004060031403210861,0.07101010562148737,0.16177756203990248,0.785897054990973
0.006353102713556337,0.07318149846760495,0.16129009359667756,0.7832085969641884
0.005868673392550272,0.07466065926429209,0.16098633131972145,0.7831183131263334
0.005868673392550272,0.07466065926429209,0.16098633131972145,0.7831183131263334
0.005868673392550272,0.07466065926429209,0.16098633131972145,0.7831183131263334
0.005868673392550272,0.07466065926429209,0.16098633131972145,0.7831183131263334
0.004028112315812763,0.07345214380802487,0.1595280860571701,0.7841076293656362
0.004211109359717029,0.0748613751514505,0.15924901652586784,0.7847500271713347
0.004211109359717029,0.0748613751514505,0.15924901652586784,0.7847500271713347
0.004211109359717029,0.0748613751514505,0.15924901652586784,0.7847500271713347
0.003333081050365746,0.0755078454573646,0.16173501535375562,0.7799927104209997
0.003333081050365746,0.0755078454573646,0.16173501535375562,0.7799927104209997
0.003333081050365746,0.0755078454573646,0.16173501535375562,0.7799927104209997
0.003333081050365746,0.0755078454573646,0.16173501535375562,0.7799927104209997
0.003333081050365746,0.0755078454573646,0.16173501535375562,0.7799927104209997
0.003333081050365746,0.0755078454573646,0.16173501535375562,0.7799927104209997
0.00439497824130041,0.07456752582969618,0.16120926701488986,0.7830600162888735
0.004997576861605332,0.0742469724728934,0.16108829526002424,0.7842347401744926
0.004997576861605332,0.0742469724728934,0.16108829526002424,0.7842347401744926
0.004997576861605332,0.0742469724728934,0.16108829526002424,0.7842347401744926
0.004997576861605332,0.0742469724728934,0.16108829526002424,0.7842347401744926
0.004997576861605332,0.0742469724728934,0.16108829526002424,0.7842347401744926
0.004997576861605332,0.0742469724728934,0.16108829526002424,0.7842347401744926
0.004997576861605332,0.0742469724728934,0.16108829526002424,0.7842347401744926
0.004997576861605332,0.0742469724728934,0.16108829526002424,0.7842347401744926
0.0030966831313909435,0.07306973982104052,0.16273973585832383,0.784256552555319
0.0030966831313909435,0.07306973982104052,0.16273973585832383,0.784256552555319
0.0030966831313909435,0.07306973982104052,0.16273973585832383,0.784256552555319
0.00044766175233974543,0.07571057478927687,0.16438228396902557,0.7806914559817345
-0.0007959091490776528,0.07372569351852862,0.16279973962816763,0.7829529167483021
-0.0007959091490776528,0.07372569351852862,0.16279973962816763,0.7829529167483021
-0.0007959091490776528,0.07372569351852862,0.16279973962816763,0.7829529167483021
-0.0038486621491822665,0.07387154287449699,0.162123881236002,0.783150088280837
-0.0038486621491822665,0.07387154287449699,0.162123881236002,0.783150088280837
-0.0022419557613355965,0.07248145408631478,0.16279761349697908,0.783564326886004
-0.0022419557613355965,0.07248145408631478,0.16279761349697908,0.783564326886004
-0.0022419557613355965,0.07248145408631478,0.16279761349697908,0.783564326886004
-0.0022419557613355965,0.07248145408631478,0.16279761349697908,0.783564326886004
-0.0022419557613355965,0.07248145408631478,0.16279761349697908,0.783564326886004
-0.0022419557613355965,0.07248145408631478,0.16279761349697908,0.783564326886004
-0.0022419557613355965,0.07248145408631478,0.16279761349697908,0.783564326886004
-0.0022419557613355965,0.07248145408631478,0.16279761349697908,0.783564326886004
-0.0022419557613355965,0.07248145408631478,0.16279761349697908,0.783564326886004
-0.0022419557613355965,0.07248145408631478,0.16279761349697908,0.783564326886004
-0.0022419557613355965,0.07248145408631478,0.16279761349697908,0.783564326886004
-0.0022419557613355965,0.07248145408631478,0.16279761349697908,0.783564326886004
-0.0022419557613355965,0.07248145408631478,0.16279761349697908,0.783564326886004
-0.0022419557613355965,0.07248145408631478,0.16279761349697908,0.783564326886004
-0.0022419557613355965,0.07248145408631478,0.16279761349697908,0.783564326886004
-0.0022419557613355965,0.07248145408631478,0.16279761349697908,0.783564326886004
-0.0022419557613355965,0.07248145408631478,0.16279761349697908,0.783564326886004
-0.0022419557613355965,0.07248145408631478,0.16279761349697908,0.783564326886004
-0.00019424470375059523,0.0722307560553441,0.16283622850675383,0.7841968778009634
-0.00019424470375059523,0.0722307560553441,0.16283622850675383,0.7841968778009634
-0.00019424470375059523,0.0722307560553441,0.16283622850675383,0.7841968778009634
-0.00019424470375059523,0.0722307560553441,0.16283622850675383,0.7841968778009634
-0.00019424470375059523,0.0722307560553441,0.16283622850675383,0.7841968778009634
-0.00019424470375059523,0.0722307560553441,0.16283622850675383,0.7841968778009634
-0.00019424470375059523,0.0722307560553441,0.16283622850675383,0.7841968778009634
-0.0011008979145776892,0.07312214978770017,0.1620116550650963,0.7841750489248009
-0.0011008979145776892,0.07312214978770017,0.1620116550650963,0.7841750489248009
-0.0024202039313863943,0.07410495381025944,0.16252950721117262,0.7833473128015563
-0.0024202039313863943,0.07410495381025944,0.16252950721117262,0.7833473128015563
-0.0024202039313863943,0.07410495381025944,0.16252950721117262,0.7833473128015563
0.0010647114510650185,0.07184843834772847,0.16100768235212812,0.7845819611190143
0.0014320776487662668,0.07361755588711809,0.16246685776094244,0.7843417744996625
0.0014320776487662668,0.07361755588711809,0.16246685776094244,0.7843417744996625
0.003117795208307095,0.07339621278700885,0.16288534457348133,0.7845671598204286
0.00418396408271619,0.07305260375414935,0.16285388566529574,0.7848511926007571
0.004240289892671773,0.07386918096220695,0.1619464416662496,0.7832633577737067
0.004240289892671773,0.07386918096220695,0.1619464416662496,0.7832633577737067
0.00319297695372464,0.07263652718836008,0.16061984296146622,0.7856767953112195
0.00319297695372464,0.07263652718836008,0.16061984296146622,0.7856767953112195
0.00319297695372464,0.07263652718836008,0.16061984296146622,0.7856767953112195
0.0037479686546260916,0.07201879840422755,0.16122387699997287,0.7859377952359738
0.0037479686546260916,0.07201879840422755,0.16122387699997287,0.7859377952359738
0.0037479686546260916,0.07201879840422755,0.16122387699997287,0.7859377952359738
0.0037479686546260916,0.07201879840422755,0.16122387699997287,0.7859377952359738
0.00458815617539507,0.07137797540037483,0.16046043453733408,0.7861635484933043
0.00458815617539507,0.07137797540037483,0.16046043453733408,0.7861635484933043
0.0031024398675716736,0.06922788338674729,0.15935938590690646,0.7889040102420425
0.0031024398675716736,0.06922788338674729,0.15935938590690646,0.7889040102420425
0.0031024398675716736,0.06922788338674729,0.15935938590690646,0.7889040102420425
0.0031024398675716736,0.06922788338674729,0.15935938590690646,0.7889040102420425
0.0031024398675716736,0.06922788338674729,0.15935938590690646,0.7889040102420425
0.0031024398675716736,0.06922788338674729,0.15935938590690646,0.7889040102420425
0.0031024398675716736,0.06922788338674729,0.15935938590690646,0.7889040102420425
0.0031024398675716736,0.06922788338674729,0.15935938590690646,0.7889040102420425
0.0031024398675716736,0.06922788338674729,0.15935938590690646,0.7889040102420425
0.0031024398675716736,0.06922788338674729,0.15935938590690646,0.7889040102420425
0.0031024398675716736,0.06922788338674729,0.15935938590690646,0.7889040102420425
0.0030529944063402256,0.06944306377203623,0.16204886880054412,0.7874034404796914
0.0030529944063402256,0.06944306377203623,0.16204886880054412,0.7874034404796914
0.0020964721410008584,0.06916564174486634,0.16350891158952915,0.7858362451615932
0.0020964721410008584,0.06916564174486634,0.16350891158952915,0.7858362451615932
0.0020964721410008584,0.06916564174486634,0.16350891158952915,0.7858362451615932
0.001242945866730169,0.06928616438597973,0.1634581519856098,0.7845453456653367
0.001242945866730169,0.06928616438597973,0.1634581519856098,0.7845453456653367
-0.00042069111494512823,0.06959469812398233,0.16444401748195397,0.7864221294040245
-0.00042069111494512823,0.06959469812398233,0.16444401748195397,0.7864221294040245
0.00014071858406464123,0.06985326924567731,0.16501888503096301,0.7836784405008427
0.00014071858406464123,0.06985326924567731,0.16501888503096301,0.7836784405008427
0.00014071858406464123,0.06985326924567731,0.16501888503096301,0.7836784405008427
0.00014071858406464123,0.06985326924567731,0.16501888503096301,0.7836784405008427
-0.00019499125026471915,0.06902114614030885,0.1659932397899495,0.7843082498449304
0.002152154665946775,0.06860458973201677,0.16455696832022196,0.7848870502809323
0.002152154665946775,0.06860458973201677,0.16455696832022196,0.7848870502809323
0.002152154665946775,0.06860458973201677,0.16455696832022196,0.7848870502809323
0.002152154665946775,0.06860458973201677,0.16455696832022196,0.7848870502809323
0.001845444788920806,0.06955786719629142,0.16671217801964555,0.7826987212299342
0.001845444788920806,0.06955786719629142,0.16671217801964555,0.7826987212299342
0.0025197146502716978,0.06899282789984658,0.16620953685444279,0.7840190440461589
0.0025197146502716978,0.06899282789984658,0.16620953685444279,0.7840190440461589
0.0021937069479577007,0.06790493240413033,0.16720968163024388,0.7844820993517132
0.0029615507514213803,0.067638306267523,0.1655033391651467,0.7865787769057575
0.0029615507514213803,0.067638306267523,0.1655033391651467,0.7865787769057575
0.0005221227258189434,0.06771647268264419,0.16709409764856062,0.7833033882336989
0.0005221227258189434,0.06771647268264419,0.16709409764856062,0.7833033882336989
0.0011476374818257988,0.06802033644942046,0.1660791317462602,0.7834091729910833
0.0006956017455748613,0.07019695279585503,0.1675539541952633,0.7813345715454876
0.0006956017455748613,0.07019695279585503,0.1675539541952633,0.7813345715454876
0.0006956017455748613,0.07019695279585503,0.1675539541952633,0.7813345715454876
0.00024269434238727088,0.069867207855115,0.16684978610462298,0.7829857449966833
0.00024269434238727088,0.069867207855115,0.16684978610462298,0.7829857449966833
-8.988771543067355e-05,0.07068278030647698,0.16582026526950097,0.7843453128937614
0.0007144929893681221,0.0709228918898491,0.1659823167839596,0.7830837637544963
9.118776262088816e-05,0.07350090741262397,0.1668241799951817,0.7797310641223342
-0.0020630351228388744,0.07310466178243936,0.16753919600562123,0.7786989247051762
-0.0020630351228388744,0.07310466178243936,0.16753919600562123,0.7786989247051762
-0.0021324279722796423,0.07395834219472718,0.16673209653388166,0.7785873030629775
-0.0021324279722796423,0.07395834219472718,0.16673209653388166,0.7785873030629775
-0.0021324279722796423,0.07395834219472718,0.16673209653388166,0.7785873030629775
-0.0021324279722796423,0.07395834219472718,0.16673209653388166,0.7785873030629775
-0.003672230051481847,0.07474506787301688,0.16756849416527245,0.7780384532875373
-0.0046648503527027966,0.07503877784360687,0.1678794711208931,0.7780774632366453
-0.0046648503527027966,0.07503877784360687,0.1678794711208931,0.7780774632366453
-0.0046648503527027966,0.07503877784360687,0.1678794711208931,0.7780774632366453
-0.003770003096907927,0.07287651031397065,0.1665440713088714,0.7793943062000113
-0.004175820365345157,0.07241904310862038,0.1666900529927788,0.7810867108468016
-0.0019364950121391164,0.07214252462252278,0.1633845242516645,0.7848007187507864
-0.0019364950121391164,0.07214252462252278,0.1633845242516645,0.7848007187507864
-0.0019364950121391164,0.07214252462252278,0.1633845242516645,0.7848007187507864
-0.0019364950121391164,0.07214252462252278,0.1633845242516645,0.7848007187507864
-0.00033215470556670714,0.06951151246919042,0.16263003449770433,0.785590376795306
-0.0014569943782427241,0.07076218744296692,0.1611380667055158,0.7858336852616734
-0.0014569943782427241,0.07076218744296692,0.1611380667055158,0.7858336852616734
-0.0014569943782427241,0.07076218744296692,0.1611380667055158,0.7858336852616734
-0.0009753463407729584,0.071936418075602,0.15964593401290825,0.7872510316494922
-0.0009753463407729584,0.071936418075602,0.15964593401290825,0.7872510316494922
-0.0009753463407729584,0.071936418075602,0.15964593401290825,0.7872510316494922
-0.0011383846861284486,0.07306753428830391,0.15955864841398315,0.7867400976074586
-0.001878038641412392,0.07056510951924234,0.15867475260042857,0.787127189054846
-0.0016688525845273176,0.07066205542005638,0.15776329058144503,0.7887888139244053
-0.0008537048350414709,0.07144375432263145,0.15926471624140914,0.7891499870824619
0.0014971293085799845,0.07128991908912694,0.1579625326452575,0.7900558312988305
0.0014971293085799845,0.07128991908912694,0.1579625326452575,0.7900558312988305
0.0014971293085799845,0.07128991908912694,0.1579625326452575,0.7900558312988305
0.0028462831376270753,0.06961418386985327,0.15954832365574625,0.7874854643507002
0.0028462831376270753,0.06961418386985327,0.15954832365574625,0.7874854643507002
0.0028462831376270753,0.06961418386985327,0.15954832365574625,0.7874854643507002
0.0014279127465762994,0.07124652953344174,0.16049193590971078,0.7880702513081691
0.002350977529131499,0.06881974038427142,0.16106893720909568,0.7895733878954179
0.003522116819029329,0.06909058642914763,0.1606742904135941,0.7894710837311498
0.003119447173327014,0.06831847587208889,0.15962275739764145,0.7890753439095182
0.003119447173327014,0.06831847587208889,0.15962275739764145,0.7890753439095182
0.0032136945710592164,0.06747663698286248,0.1585035145660165,0.7919299711932747
0.001096485170762693,0.0675856605101283,0.157658515441577,0.7930680526207532
0.00016142344146913843,0.07035462380971026,0.15978343879782386,0.7897125077621016
0.00016142344146913843,0.07035462380971026,0.15978343879782386,0.7897125077621016
0.002738994934389352,0.06745257511365613,0.1579976371559525,0.7929319573867697
0.0005205956783706947,0.06719583141619676,0.15669323873401322,0.7921766430642124
0.0005205956783706947,0.06719583141619676,0.15669323873401322,0.7921766430642124
0.0005205956783706947,0.06719583141619676,0.15669323873401322,0.7921766430642124
-0.0005462017878777642,0.06713371099611586,0.15962019524057505,0.793340009989929
-0.00042588994132981026,0.06811228544996793,0.15850843381950624,0.7908357355700529
-0.00042588994132981026,0.06811228544996793,0.15850843381950624,0.7908357355700529
-0.0011525583586182973,0.06845665314584848,0.15952410658528832,0.7896558695004506
0.0013989666389692373,0.06925444115861588,0.16162911367999167,0.7873653445835485
0.0013989666389692373,0.06925444115861588,0.16162911367999167,0.7873653445835485
0.0013989666389692373,0.06925444115861588,0.16162911367999167,0.7873653445835485
0.0013989666389692373,0.06925444115861588,0.16162911367999167,0.7873653445835485
0.0013989666389692373,0.06925444115861588,0.16162911367999167,0.7873653445835485
0.0013989666389692373,0.06925444115861588,0.16162911367999167,0.7873653445835485
0.0013989666389692373,0.06925444115861588,0.16162911367999167,0.7873653445835485
0.0013989666389692373,0.06925444115861588,0.16162911367999167,0.7873653445835485
0.0013989666389692373,0.06925444115861588,0.16162911367999167,0.7873653445835485
0.0013989666389692373,0.06925444115861588,0.16162911367999167,0.7873653445835485
0.0013989666389692373,0.06925444115861588,0.16162911367999167,0.7873653445835485
0.0013989666389692373,0.06925444115861588,0.16162911367999167,0.7873653445835485
0.000345457343474517,0.06973333035172384,0.16245862147182608,0.7859917715744215
0.0003300232594785747,0.07185373394974101,0.16246701232857091,0.7831287540632228
0.0003300232594785747,0.07185373394974101,0.16246701232857091,0.7831287540632228
0.0014802617945996275,0.07114164550003832,0.16208332879491874,0.7846318627886356
0.0014802617945996275,0.07114164550003832,0.16208332879491874,0.7846318627886356
0.0014802617945996275,0.07114164550003832,0.16208332879491874,0.7846318627886356
-0.0006210582929866855,0.07177114286657277,0.16340659630088436,0.7829042003418439
-0.0006210582929866855,0.07177114286657277,0.16340659630088436,0.7829042003418439
-0.0004777783905378602,0.07013114515434592,0.1619816691897309,0.7853450901221999
-0.0004777783905378602,0.07013114515434592,0.1619816691897309,0.7853450901221999
0.0020465795116549274,0.06880007688481575,0.16154917154193377,0.787695045113287
0.0007651166470133339,0.06881425950768286,0.16133909596834745,0.787239106894514
0.0007651166470133339,0.06881425950768286,0.16133909596834745,0.787239106894514
0.0007651166470133339,0.06881425950768286,0.16133909596834745,0.787239106894514
0.0007651166470133339,0.06881425950768286,0.16133909596834745,0.787239106894514
0.002503478060448757,0.07055147056050115,0.16267544636941544,0.7849494518806989
0.002503478060448757,0.07055147056050115,0.16267544636941544,0.7849494518806989
0.002503478060448757,0.07055147056050115,0.16267544636941544,0.7849494518806989
0.002503478060448757,0.07055147056050115,0.16267544636941544,0.7849494518806989
0.0019233756099902412,0.07104383027030745,0.16141734851238224,0.7840498915677997
0.0023479769236180404,0.07162595600334136,0.1651224344900766,0.7828861504323804
0.0021753275961821556,0.07444767430987037,0.1647204070734698,0.7796020987262666
0.0021753275961821556,0.07444767430987037,0.1647204070734698,0.7796020987262666
0.0021753275961821556,0.07444767430987037,0.1647204070734698,0.7796020987262666
0.001294589855851859,0.07324625640962384,0.16465471295419445,0.7821762478829052
0.001294589855851859,0.07324625640962384,0.16465471295419445,0.7821762478829052
0.001294589855851859,0.07324625640962384,0.16465471295419445,0.7821762478829052
0.001294589855851859,0.07324625640962384,0.16465471295419445,0.7821762478829052
0.001294589855851859,0.07324625640962384,0.16465471295419445,0.7821762478829052
7.895561680262169e-05,0.07476998837207427,0.16327015283126572,0.7806185913304581
7.895561680262169e-05,0.07476998837207427,0.16327015283126572,0.7806185913304581
0.002074036100408425,0.07315159375464479,0.16154454943335206,0.7835882361904719
0.002074036100408425,0.07315159375464479,0.16154454943335206,0.7835882361904719
0.002074036100408425,0.07315159375464479,0.16154454943335206,0.7835882361904719
0.002074036100408425,0.07315159375464479,0.16154454943335206,0.7835882361904719
0.002074036100408425,0.07315159375464479,0.16154454943335206,0.7835882361904719
0.002074036100408425,0.07315159375464479,0.16154454943335206,0.7835882361904719
0.002074036100408425,0.07315159375464479,0.16154454943335206,0.7835882361904719
0.002096738184843722,0.07433959545886513,0.1612143521876275,0.7833167575283002
0.002096738184843722,0.07433959545886513,0.1612143521876275,0.7833167575283002
0.0012005762112431908,0.07452370697146442,0.16172518214745762,0.7831831997007123
0.0012005762112431908,0.07452370697146442,0.16172518214745762,0.7831831997007123
0.0018483925247188178,0.07438696836890836,0.16318265293770945,0.7818593449103648
0.0018483925247188178,0.07438696836890836,0.16318265293770945,0.7818593449103648
0.0018483925247188178,0.07438696836890836,0.16318265293770945,0.7818593449103648
-0.0004815081103593179,0.07535236512962559,0.16141499587719021,0.7825223776617642
0.00011788078602400901,0.07465198779898771,0.1652210375190279,0.7804082584570788
0.00011788078602400901,0.07465198779898771,0.1652210375190279,0.7804082584570788
0.00011788078602400901,0.07465198779898771,0.1652210375190279,0.7804082584570788
0.00011788078602400901,0.07465198779898771,0.1652210375190279,0.7804082584570788
0.0010744803795722038,0.07298118922827952,0.165073954787528,0.782333710478941
0.0010744803795722038,0.07298118922827952,0.165073954787528,0.782333710478941
0.002154446532197327,0.07349751841153485,0.16231139670761685,0.7822104563224207
0.002772249414423589,0.0760055192346788,0.16350807678908275,0.7794674755646751
0.002772249414423589,0.0760055192346788,0.16350807678908275,0.7794674755646751
0.003405181626132417,0.07759340614424141,0.16292510193597984,0.7784232547656516
0.0025897395417622845,0.07443734683641866,0.16445469074080196,0.780864481151145
0.0025897395417622845,0.07443734683641866,0.16445469074080196,0.780864481151145
0.002314360816097895,0.07559017736789295,0.16633196637185807,0.7781482867563285
0.002314360816097895,0.07559017736789295,0.16633196637185807,0.7781482867563285
0.002314360816097895,0.07559017736789295,0.16633196637185807,0.7781482867563285
0.002314360816097895,0.07559017736789295,0.16633196637185807,0.7781482867563285
0.002453659970856154,0.07481735396851219,0.16886633297882578,0.7778729103210446
0.002453659970856154,0.07481735396851219,0.16886633297882578,0.7778729103210446
0.003913179766232687,0.07347911102418526,0.1689886549870676,0.7779485661651901
0.003913179766232687,0.07347911102418526,0.1689886549870676,0.7779485661651901
0.002063522192846695,0.07563938969371375,0.16746194101805192,0.7764692666090541
0.000260362879304959,0.07846180228292547,0.16557332986016526,0.7769401241587952
0.000260362879304959,0.07846180228292547,0.16557332986016526,0.7769401241587952
-0.0030680313089724767,0.07802967533569438,0.1664323109367543,0.7780594069287508
-0.0030680313089724767,0.07802967533569438,0.1664323109367543,0.7780594069287508
-0.002017172904790326,0.07685693515486067,0.16606116329910725,0.7779147937990666
-0.002017172904790326,0.07685693515486067,0.16606116329910725,0.7779147937990666
-0.002017172904790326,0.07685693515486067,0.16606116329910725,0.7779147937990666
0.0003181139909413755,0.07253223198167759,0.16400592005564402,0.7818399272516255
0.0003181139909413755,0.07253223198167759,0.16400592005564402,0.7818399272516255
0.0035542751786655164,0.07355586725518323,0.1638698812989327,0.7808702890469008
0.0035542751786655164,0.07355586725518323,0.1638698812989327,0.7808702890469008
0.0035542751786655164,0.07355586725518323,0.1638698812989327,0.7808702890469008
0.0035542751786655164,0.07355586725518323,0.1638698812989327,0.7808702890469008
0.0035542751786655164,0.07355586725518323,0.1638698812989327,0.7808702890469008
0.0035542751786655164,0.07355586725518323,0.1638698812989327,0.7808702890469008
0.003916468216473637,0.07330281889477659,0.16319948560130912,0.7827297888674913
0.0022119269945247,0.0715154348209551,0.16248978202008052,0.7837531877684442
0.0022119269945247,0.0715154348209551,0.16248978202008052,0.7837531877684442
0.003463855702710705,0.07267163981483808,0.16167531998887522,0.7856566540974014
0.003463855702710705,0.07267163981483808,0.16167531998887522,0.7856566540974014
0.003463855702710705,0.07267163981483808,0.16167531998887522,0.7856566540974014
0.003463855702710705,0.07267163981483808,0.16167531998887522,0.7856566540974014
0.003114531788690254,0.07150617429787998,0.16050655639157718,0.7850428385962605
0.003114531788690254,0.07150617429787998,0.16050655639157718,0.7850428385962605
0.003114531788690254,0.07150617429787998,0.16050655639157718,0.7850428385962605
0.003114531788690254,0.07150617429787998,0.16050655639157718,0.7850428385962605
0.0044123701047426075,0.07152767148605885,0.15975638059212377,0.7855887899626578
0.004740353433923258,0.0726202065256205,0.16163927714676044,0.784014975649036
0.003708910393431777,0.07490572195298917,0.1627946103739056,0.7801778603369738
0.005706776558008818,0.07440882961371574,0.16442774979913252,0.7799561071325194
0.004492243626727753,0.07406525759619656,0.16479038446416386,0.7802349407337218
0.005619545924778599,0.07486293708771632,0.16159030152622145,0.7820544741390937
0.005619545924778599,0.07486293708771632,0.16159030152622145,0.7820544741390937
0.0065446648006200914,0.07420392373190891,0.16149012274108723,0.7823059382840728
0.00664341936396191,0.07234621997030025,0.1625245032291731,0.7843306454857022
0.00664341936396191,0.07234621997030025,0.1625245032291731,0.7843306454857022
0.00664341936396191,0.07234621997030025,0.1625245032291731,0.7843306454857022
0.006634962955929083,0.07257677794808666,0.16256127732618475,0.7836010453777806
0.006634962955929083,0.07257677794808666,0.16256127732618475,0.7836010453777806
0.007353214159699036,0.07345626268571248,0.16227594617526875,0.7830966675886942
0.007353214159699036,0.07345626268571248,0.16227594617526875,0.7830966675886942
0.007353214159699036,0.07345626268571248,0.16227594617526875,0.7830966675886942
0.007353214159699036,0.07345626268571248,0.16227594617526875,0.7830966675886942
0.007353214159699036,0.07345626268571248,0.16227594617526875,0.7830966675886942
0.006627868320218259,0.07319965437241338,0.16055893383155045,0.7845797720250925
0.004071616435248409,0.07547557158181112,0.16105809320704237,0.7833043318123587
0.004152944805533604,0.07434788215923306,0.1595361260629041,0.7844257854043426
-3.145344425594266e-05,0.0724418864324867,0.1579452029310169,0.7869969224615389
-3.145344425594266e-05,0.0724418864324867,0.1579452029310169,0.7869969224615389
-3.145344425594266e-05,0.0724418864324867,0.1579452029310169,0.7869969224615389
-3.145344425594266e-05,0.0724418864324867,0.1579452029310169,0.7869969224615389
-3.145344425594266e-05,0.0724418864324867,0.1579452029310169,0.7869969224615389
-3.145344425594266e-05,0.0724418864324867,0.1579452029310169,0.7869969224615389
-3.145344425594266e-05,0.0724418864324867,0.1579452029310169,0.7869969224615389
-3.145344425594266e-05,0.0724418864324867,0.1579452029310169,0.7869969224615389
-3.145344425594266e-05,0.0724418864324867,0.1579452029310169,0.7869969224615389
-3.145344425594266e-05,0.0724418864324867,0.1579452029310169,0.7869969224615389
-3.145344425594266e-05,0.0724418864324867,0.1579452029310169,0.7869969224615389
0.0006905379544793849,0.07362765399313315,0.1584428002033826,0.7878849573158352
0.0006905379544793849,0.07362765399313315,0.1584428002033826,0.7878849573158352
0.0009916025049614813,0.07302161112984545,0.1592641988063321,0.7879742677919516
0.0005598767566524301,0.07309201140763981,0.1573090812041999,0.7882469765554247
0.0005598767566524301,0.07309201140763981,0.1573090812041999,0.7882469765554247
2.933588088529734e-05,0.07059821651965069,0.1583557601013181,0.7882876334207755
2.933588088529734e-05,0.07059821651965069,0.1583557601013181,0.7882876334207755
0.0006845899199154578,0.07022629097412139,0.15722778989709502,0.7884157402313207
0.0006845899199154578,0.07022629097412139,0.15722778989709502,0.7884157402313207
0.0006845899199154578,0.07022629097412139,0.15722778989709502,0.7884157402313207
0.0006845899199154578,0.07022629097412139,0.15722778989709502,0.7884157402313207
0.0006845899199154578,0.07022629097412139,0.15722778989709502,0.7884157402313207
0.0006845899199154578,0.07022629097412139,0.15722778989709502,0.7884157402313207
0.003651644011356045,0.06965697603510915,0.15782696329181056,0.7890504867948012
0.003651644011356045,0.06965697603510915,0.15782696329181056,0.7890504867948012
0.003651644011356045,0.06965697603510915,0.15782696329181056,0.7890504867948012
0.004468772788204182,0.06994849508170438,0.15912155205597653,0.7874985260266916
0.004567340146231074,0.06887572376514937,0.16164404899379753,0.7879896595519795
0.004567340146231074,0.06887572376514937,0.16164404899379753,0.7879896595519795
0.004567340146231074,0.06887572376514937,0.16164404899379753,0.7879896595519795
0.004567340146231074,0.06887572376514937,0.16164404899379753,0.7879896595519795
0.0031207658440081908,0.0693375200999508,0.1610464468259221,0.7881676170768738
0.0031207658440081908,0.0693375200999508,0.1610464468259221,0.7881676170768738
0.0031207658440081908,0.0693375200999508,0.1610464468259221,0.7881676170768738
0.0031207658440081908,0.0693375200999508,0.1610464468259221,0.7881676170768738
0.0031207658440081908,0.0693375200999508,0.1610464468259221,0.7881676170768738
0.0029412422155553728,0.07216926587819555,0.15931909262403832,0.78680587302125
0.0029412422155553728,0.07216926587819555,0.15931909262403832,0.78680587302125
0.0029412422155553728,0.07216926587819555,0.15931909262403832,0.78680587302125
0.0036480208133969276,0.07185514467898689,0.16001129472301914,0.7846300307510785
0.0017218631696039384,0.072339477027971,0.15999037305464775,0.785839912622646
0.0017218631696039384,0.072339477027971,0.15999037305464775,0.785839912622646
0.0017218631696039384,0.072339477027971,0.15999037305464775,0.785839912622646
0.0017218631696039384,0.072339477027971,0.15999037305464775,0.785839912622646
0.0017218631696039384,0.072339477027971,0.15999037305464775,0.785839912622646
0.0017218631696039384,0.072339477027971,0.15999037305464775,0.785839912622646
0.0017218631696039384,0.072339477027971,0.15999037305464775,0.785839912622646
0.0017218631696039384,0.072339477027971,0.15999037305464775,0.785839912622646
0.0017218631696039384,0.072339477027971,0.15999037305464775,0.785839912622646
0.0011469308755345455,0.07329568498633346,0.1585937520653839,0.7856254308871322
0.0011469308755345455,0.07329568498633346,0.1585937520653839,0.7856254308871322
0.0011469308755345455,0.07329568498633346,0.1585937520653839,0.7856254308871322
-0.0006408615929283602,0.07387903117996232,0.15921221139072506,0.7850330399326886
-0.002248494712239409,0.07240725155950979,0.15829458309340358,0.785815878073127
-0.002248494712239409,0.07240725155950979,0.15829458309340358,0.785815878073127
-0.002248494712239409,0.07240725155950979,0.15829458309340358,0.785815878073127
-0.002431660833244298,0.0733607726960746,0.16078337375156834,0.7847679888943024
-0.002431660833244298,0.0733607726960746,0.16078337375156834,0.7847679888943024
-0.0016214522182321925,0.07570836866375634,0.16153738212373578,0.7817756797722288
-0.0016214522182321925,0.07570836866375634,0.16153738212373578,0.7817756797722288
0.0006200229091216976,0.07446927040548063,0.1611799652654502,0.7818722969172598
0.0006200229091216976,0.07446927040548063,0.1611799652654502,0.7818722969172598
0.001715758824901768,0.07540132954800707,0.16081889853483194,0.7816186839851269
0.001715758824901768,0.07540132954800707,0.16081889853483194,0.7816186839851269
0.001715758824901768,0.07540132954800707,0.16081889853483194,0.7816186839851269
0.0016417114938121623,0.07572895601648588,0.1631815775944058,0.7810448460623567
0.0016417114938121623,0.07572895601648588,0.1631815775944058,0.7810448460623567
0.00018574241895636051,0.07427817897896145,0.16543046052317628,0.780415506220929
0.00018574241895636051,0.07427817897896145,0.16543046052317628,0.780415506220929
0.00018574241895636051,0.07427817897896145,0.16543046052317628,0.780415506220929
-0.0005603214160516567,0.07495486727956564,0.16446507711343175,0.7801941217601609
-0.002417629071577295,0.07472044730977012,0.16456607907383453,0.7800382051911703
-0.002417629071577295,0.07472044730977012,0.16456607907383453,0.7800382051911703
-0.002417629071577295,0.07472044730977012,0.16456607907383453,0.7800382051911703
-0.0035831037653304256,0.07460165961506296,0.16411320922163186,0.7813510147374569
-0.0035831037653304256,0.07460165961506296,0.16411320922163186,0.7813510147374569
-0.0012350709354845674,0.07527610762947867,0.16289782128449196,0.7806746408468449
-0.0040632007757909665,0.07598437117160824,0.1642051341020372,0.7796720238014766
-0.002369284526867783,0.07457926371734667,0.1631769632058243,0.780143627967969
-0.002369284526867783,0.07457926371734667,0.1631769632058243,0.780143627967969
-0.002369284526867783,0.07457926371734667,0.1631769632058243,0.780143627967969
-0.002369284526867783,0.07457926371734667,0.1631769632058243,0.780143627967969
-0.002369284526867783,0.07457926371734667,0.1631769632058243,0.780143627967969
-0.002369284526867783,0.07457926371734667,0.1631769632058243,0.780143627967969
0.0002941447987411172,0.07454314103749309,0.1633090366367977,0.7798415776978311
0.0002941447987411172,0.07454314103749309,0.1633090366367977,0.7798415776978311
0.002576323440022829,0.07323443608438439,0.16278492866424532,0.7838199491419745
0.002576323440022829,0.07323443608438439,0.16278492866424532,0.7838199491419745
0.0009658589955950034,0.074567222653897,0.16232827737853617,0.7831444624900231
0.0009658589955950034,0.074567222653897,0.16232827737853617,0.7831444624900231
0.0009658589955950034,0.074567222653897,0.16232827737853617,0.7831444624900231
0.0009658589955950034,0.074567222653897,0.16232827737853617,0.7831444624900231
2.6138713223745674e-05,0.07422923180323313,0.16241390617164264,0.7820409202108103
2.6138713223745674e-05,0.07422923180323313,0.16241390617164264,0.7820409202108103
2.6138713223745674e-05,0.07422923180323313,0.16241390617164264,0.7820409202108103
2.6138713223745674e-05,0.07422923180323313,0.16241390617164264,0.7820409202108103
2.6138713223745674e-05,0.07422923180323313,0.16241390617164264,0.7820409202108103
-0.001299124048406927,0.0714402930295161,0.16136533235078498,0.7863907362683693
-0.001299124048406927,0.0714402930295161,0.16136533235078498,0.7863907362683693
-0.001299124048406927,0.0714402930295161,0.16136533235078498,0.7863907362683693
-0.001299124048406927,0.0714402930295161,0.16136533235078498,0.7863907362683693
-0.001299124048406927,0.0714402930295161,0.16136533235078498,0.7863907362683693
-0.001299124048406927,0.0714402930295161,0.16136533235078498,0.7863907362683693
-0.0013238649916011281,0.07158488483418514,0.1617035115861226,0.7853117660521889
-0.0013238649916011281,0.07158488483418514,0.1617035115861226,0.7853117660521889
-0.0013238649916011281,0.07158488483418514,0.1617035115861226,0.7853117660521889
-0.0011723643431533165,0.07258268398120052,0.1631743150682428,0.7832098785542639
-0.0011723643431533165,0.07258268398120052,0.1631743150682428,0.7832098785542639
-0.0011723643431533165,0.07258268398120052,0.1631743150682428,0.7832098785542639
-0.0003757204326995787,0.07387647156007307,0.16328339628580207,0.7817823900255952
-0.0003757204326995787,0.07387647156007307,0.16328339628580207,0.7817823900255952
-0.0003757204326995787,0.07387647156007307,0.16328339628580207,0.7817823900255952
-0.0003757204326995787,0.07387647156007307,0.16328339628580207,0.7817823900255952
-0.0003757204326995787,0.07387647156007307,0.16328339628580207,0.7817823900255952
-0.0003757204326995787,0.07387647156007307,0.16328339628580207,0.7817823900255952
-0.0003757204326995787,0.07387647156007307,0.16328339628580207,0.7817823900255952
-0.0003757204326995787,0.07387647156007307,0.16328339628580207,0.7817823900255952
-0.0003757204326995787,0.07387647156007307,0.16328339628580207,0.7817823900255952
-0.0008184410234141178,0.07395403791431933,0.1633357787320771,0.7808176542621904
-0.0008184410234141178,0.07395403791431933,0.1633357787320771,0.7808176542621904
-0.0008184410234141178,0.07395403791431933,0.1633357787320771,0.7808176542621904
-0.0008184410234141178,0.07395403791431933,0.1633357787320771,0.7808176542621904
-0.0008184410234141178,0.07395403791431933,0.1633357787320771,0.7808176542621904
0.0013167681208795384,0.07300467530057003,0.16483333195179542,0.7809423444604062
0.0013167681208795384,0.07300467530057003,0.16483333195179542,0.7809423444604062
0.0013167681208795384,0.07300467530057003,0.16483333195179542,0.7809423444604062
0.0019945186760648823,0.0730204368394428,0.1645084115931588,0.7817283392569199
0.0019945186760648823,0.0730204368394428,0.1645084115931588,0.7817283392569199
0.002490151247161501,0.07291707333007733,0.16594500811848895,0.7822660737641446
0.002490151247161501,0.07291707333007733,0.16594500811848895,0.7822660737641446
0.0024312561437359634,0.07246423980936562,0.16531629556272426,0.7809892640579258
0.004150343896735303,0.07225138522995649,0.1652056711716112,0.780107653731117
0.002172211288845537,0.07005557847183103,0.16540153883383468,0.7834400825211187
0.002172211288845537,0.07005557847183103,0.16540153883383468,0.7834400825211187
0.002172211288845537,0.07005557847183103,0.16540153883383468,0.7834400825211187
0.0017056114101695811,0.07039248618945333,0.1652365739028767,0.7837766221914597
0.0040752792614633885,0.0688005284824391,0.16551467266460645,0.7851430361540611
0.0040752792614633885,0.0688005284824391,0.16551467266460645,0.7851430361540611
0.002859980121431083,0.06922269866875926,0.16572079043241478,0.7854428597647057
0.002859980121431083,0.06922269866875926,0.16572079043241478,0.7854428597647057
0.004132328598789679,0.07077632964460256,0.16612737612192613,0.7823465534675086
0.004132328598789679,0.07077632964460256,0.16612737612192613,0.7823465534675086
0.004132328598789679,0.07077632964460256,0.16612737612192613,0.7823465534675086
0.004132328598789679,0.07077632964460256,0.16612737612192613,0.7823465534675086
0.004132328598789679,0.07077632964460256,0.16612737612192613,0.7823465534675086
0.004132328598789679,0.07077632964460256,0.16612737612192613,0.7823465534675086
0.003195248669865729,0.07147233784963757,0.1664402868307918,0.7826114120253949
0.0023209421002773623,0.07402666457665176,0.16579906486704135,0.7809910002812126
0.0023209421002773623,0.07402666457665176,0.16579906486704135,0.7809910002812126
0.004287322177365454,0.07329111354186292,0.16387252747418596,0.7833221063061496
0.004287322177365454,0.07329111354186292,0.16387252747418596,0.7833221063061496
0.003775522475404593,0.07142397911715902,0.16559684753140574,0.7817748231829263
0.003775522475404593,0.07142397911715902,0.16559684753140574,0.7817748231829263
0.001956938683805627,0.07133689633494297,0.1678170551404101,0.7807500479282513
0.002885519492139415,0.07160094010426088,0.16709771565776127,0.7820151808396152
0.002885519492139415,0.07160094010426088,0.16709771565776127,0.7820151808396152
0.002885519492139415,0.07160094010426088,0.16709771565776127,0.7820151808396152
0.002885519492139415,0.07160094010426088,0.16709771565776127,0.7820151808396152
0.0007789929030762874,0.07302628096785399,0.1664850082132345,0.7817770098253222
0.0007789929030762874,0.07302628096785399,0.1664850082132345,0.7817770098253222
0.0007789929030762874,0.07302628096785399,0.1664850082132345,0.7817770098253222
-0.0007082813654832431,0.07387005053985406,0.16947709801864827,0.7776402456617413
-0.0007082813654832431,0.07387005053985406,0.16947709801864827,0.7776402456617413
-0.0007082813654832431,0.07387005053985406,0.16947709801864827,0.7776402456617413
-0.0007082813654832431,0.07387005053985406,0.16947709801864827,0.7776402456617413
-0.0028947918248105374,0.07128929617557436,0.16769735269314295,0.781265273900144
-0.0028947918248105374,0.07128929617557436,0.16769735269314295,0.781265273900144
-0.0028947918248105374,0.07128929617557436,0.16769735269314295,0.781265273900144
-0.0028947918248105374,0.07128929617557436,0.16769735269314295,0.781265273900144
-0.0028947918248105374,0.07128929617557436,0.16769735269314295,0.781265273900144
-0.001858159901004849,0.07020522030542596,0.16867829425148528,0.7813563963803435
-0.001858159901004849,0.07020522030542596,0.16867829425148528,0.7813563963803435
-0.003487191619987226,0.07078896743146672,0.16914128466238015,0.7800461399927555
-0.003487191619987226,0.07078896743146672,0.16914128466238015,0.7800461399927555
-0.0015245399273022286,0.07030856673856048,0.16674234433763813,0.7821543767942022
-0.0015245399273022286,0.07030856673856048,0.16674234433763813,0.7821543767942022
-0.0007102679535938477,0.06921071506636105,0.16649793513295394,0.7829531610906977
0.0006521204244822549,0.071220089599403,0.1675971075828307,0.781187089983383
0.0006521204244822549,0.071220089599403,0.1675971075828307,0.781187089983383
0.0006521204244822549,0.071220089599403,0.1675971075828307,0.781187089983383
0.0006521204244822549,0.071220089599403,0.1675971075828307,0.781187089983383
0.0006521204244822549,0.071220089599403,0.1675971075828307,0.781187089983383
0.0006521204244822549,0.071220089599403,0.1675971075828307,0.781187089983383
0.0006521204244822549,0.071220089599403,0.1675971075828307,0.781187089983383
-0.000247444977750598,0.07101109480236723,0.16710323353999926,0.7825657192033969
-0.00139639409283233,0.07137574330888802,0.16718239112362723,0.7822832903309066
-0.00139639409283233,0.07137574330888802,0.16718239112362723,0.7822832903309066
-0.002130247126817814,0.07094426815469033,0.16400974363483242,0.7815904684891305
-0.0027494278398180155,0.07370920448118401,0.1630444835392833,0.779916512648011
-0.0024428578676239845,0.07239418054945515,0.16479865993829837,0.78025972822262
-0.0024428578676239845,0.07239418054945515,0.16479865993829837,0.78025972822262
-0.0024428578676239845,0.07239418054945515,0.16479865993829837,0.78025972822262
-0.002453732882385874,0.07271242677452906,0.1661675027789343,0.7806499887605848
-0.0026681657396009245,0.07427999644577996,0.16446723745877376,0.7807895660133979
-0.0026681657396009245,0.07427999644577996,0.16446723745877376,0.7807895660133979
-0.0026681657396009245,0.07427999644577996,0.16446723745877376,0.7807895660133979
-0.0026681657396009245,0.07427999644577996,0.16446723745877376,0.7807895660133979
-0.0026681657396009245,0.07427999644577996,0.16446723745877376,0.7807895660133979
-0.0025126387787971424,0.07388084299574793,0.16407933015723064,0.7823781956617198
-0.0007575758911123585,0.07485243448448141,0.16458953974189855,0.7803952329949763
-0.0007575758911123585,0.07485243448448141,0.16458953974189855,0.7803952329949763
-0.0007254540621188654,0.07352414288368794,0.16304743343988834,0.7808911316994028
-0.0007254540621188654,0.07352414288368794,0.16304743343988834,0.7808911316994028
-0.0007254540621188654,0.07352414288368794,0.16304743343988834,0.7808911316994028
-0.0007254540621188654,0.07352414288368794,0.16304743343988834,0.7808911316994028
-0.0007254540621188654,0.07352414288368794,0.16304743343988834,0.7808911316994028
-0.0007254540621188654,0.07352414288368794,0.16304743343988834,0.7808911316994028
0.0015455535642162092,0.07502634718649559,0.16424009766992914,0.780041865048332
0.0015455535642162092,0.07502634718649559,0.16424009766992914,0.780041865048332
0.0029242234360003783,0.07540480811500554,0.16431601486999556,0.777755776517497
0.0016730620558234612,0.07627707425574988,0.1633426521807237,0.7773528661794095
0.0016730620558234612,0.07627707425574988,0.1633426521807237,0.7773528661794095
6.105955554657123e-05,0.07599915566996651,0.1603231999035319,0.7812936055089317
-0.0007301260016043523,0.07595707405887786,0.1609871409669113,0.7810901055846872
-0.0007301260016043523,0.07595707405887786,0.1609871409669113,0.7810901055846872
-0.003101996421079169,0.07407405798958165,0.16523892878880345,0.7806068301249235
-0.003101996421079169,0.07407405798958165,0.16523892878880345,0.7806068301249235
-0.003101996421079169,0.07407405798958165,0.16523892878880345,0.7806068301249235
-0.003101996421079169,0.07407405798958165,0.16523892878880345,0.7806068301249235
-0.003101996421079169,0.07407405798958165,0.16523892878880345,0.7806068301249235
-0.003101996421079169,0.07407405798958165,0.16523892878880345,0.7806068301249235
-0.003101996421079169,0.07407405798958165,0.16523892878880345,0.7806068301249235
-0.004956344298966754,0.07563887829748336,0.16228008519330628,0.7798827640217291
-0.004956344298966754,0.07563887829748336,0.16228008519330628,0.7798827640217291
-0.004956344298966754,0.07563887829748336,0.16228008519330628,0.7798827640217291
-0.004841047285299459,0.07755598767347846,0.1634156839551543,0.7778890915241553
-0.004841047285299459,0.07755598767347846,0.1634156839551543,0.7778890915241553
-0.004841047285299459,0.07755598767347846,0.1634156839551543,0.7778890915241553
-0.00643376712447327,0.07564555375033206,0.16344110492074043,0.7793418869259758
-0.00643376712447327,0.07564555375033206,0.16344110492074043,0.7793418869259758
-0.00643376712447327,0.07564555375033206,0.16344110492074043,0.7793418869259758
-0.006131334393277303,0.07667788573859809,0.1634391699736784,0.7788629934064174
-0.006863005594882485,0.07590812273220877,0.16116293911764476,0.7813607088186857
-0.006863005594882485,0.07590812273220877,0.16116293911764476,0.7813607088186857
-0.006863005594882485,0.07590812273220877,0.16116293911764476,0.7813607088186857
-0.0024909750436929584,0.07524222459563394,0.16121371569791806,0.7819501910872423
-0.004040932269468895,0.07545435572603844,0.1627683255177851,0.7812783576193464
-0.004040932269468895,0.07545435572603844,0.1627683255177851,0.7812783576193464
-0.004040932269468895,0.07545435572603844,0.1627683255177851,0.7812783576193464
-0.004040932269468895,0.07545435572603844,0.1627683255177851,0.7812783576193464
-0.004040932269468895,0.07545435572603844,0.1627683255177851,0.7812783576193464
-0.004040932269468895,0.07545435572603844,0.1627683255177851,0.7812783576193464
-0.000914330381785922,0.07495290353176585,0.1616351254067819,0.7808211455425822
-0.002348888789404935,0.07319949114339362,0.16449364652550882,0.7804310284495694
-0.002348888789404935,0.07319949114339362,0.16449364652550882,0.7804310284495694
-0.0010954709630191975,0.07505265011552081,0.1656466328661923,0.7795341324735531
-0.0021637315110179705,0.07458019484700469,0.1653532467608551,0.7802859268768495
-0.0008555737874696794,0.07436036646252593,0.16415586337301993,0.7806403702372671
-0.0008555737874696794,0.07436036646252593,0.16415586337301993,0.7806403702372671
0.0016098154236516464,0.07203409674060292,0.1641918594537154,0.781519881698357
0.0009733176801445428,0.07291434192681835,0.16489721454954936,0.7827552632973049
0.00036224824063845666,0.07361007188631648,0.16466198183797418,0.7812122299056973
0.003082872481699839,0.07297960366236245,0.16380707530013616,0.7831940856941815
0.00379783235124378,0.07338608612347365,0.1618627927624095,0.7833784827876962
0.00379783235124378,0.07338608612347365,0.1618627927624095,0.7833784827876962
0.0057597859326685855,0.07401559116374548,0.16404038304369759,0.7821442897019104
0.0057597859326685855,0.07401559116374548,0.16404038304369759,0.7821442897019104
0.006098595162722249,0.07219163071633437,0.16460394276733145,0.7834224479072731
0.008165707949671456,0.07260403686333008,0.16412842897440552,0.7832555140074168
0.008165707949671456,0.07260403686333008,0.16412842897440552,0.7832555140074168
0.006332438082027161,0.07094656113870496,0.1636831169937512,0.7826346525247241
0.006332438082027161,0.07094656113870496,0.1636831169937512,0.7826346525247241
0.009281681769224568,0.06885362215142012,0.1647207223059379,0.7845469328607182
0.00662951798627456,0.0715600106464036,0.16392064089592331,0.7819902067713357
0.007106356390232073,0.07211892758711001,0.1635413654732706,0.7814231386317019
0.008448893279930203,0.0729800946657906,0.16412203841450032,0.7808886381864386
0.008448893279930203,0.0729800946657906,0.16412203841450032,0.7808886381864386
0.007523928670835772,0.07373873927657765,0.16315293812254808,0.7816805814191274
0.007523928670835772,0.07373873927657765,0.16315293812254808,0.7816805814191274
0.007523928670835772,0.07373873927657765,0.16315293812254808,0.7816805814191274
0.004657932461298644,0.07419478928637961,0.16135640855288114,0.7819631855128961
0.004657932461298644,0.07419478928637961,0.16135640855288114,0.7819631855128961
0.004206427447653249,0.07520689207995801,0.16055689715935198,0.7833352013832715
0.004206427447653249,0.07520689207995801,0.16055689715935198,0.7833352013832715
0.004206427447653249,0.07520689207995801,0.16055689715935198,0.7833352013832715
0.004206427447653249,0.07520689207995801,0.16055689715935198,0.7833352013832715
0.004206427447653249,0.07520689207995801,0.16055689715935198,0.7833352013832715
0.004206427447653249,0.07520689207995801,0.16055689715935198,0.7833352013832715
0.003264944983879866,0.07476878638855097,0.16113072337877243,0.7835101574955651
0.0034879713132074247,0.0747560640098123,0.15957541814474036,0.783017723866945
0.0022063456114160902,0.07304196181340683,0.15961972862946508,0.7840849494730089
0.0022063456114160902,0.07304196181340683,0.15961972862946508,0.7840849494730089
0.0022063456114160902,0.07304196181340683,0.15961972862946508,0.7840849494730089
0.0022063456114160902,0.07304196181340683,0.15961972862946508,0.7840849494730089
0.0022063456114160902,0.07304196181340683,0.15961972862946508,0.7840849494730089
0.000760204165194801,0.07383698110029628,0.16115786209889343,0.7831837908231232
0.000760204165194801,0.07383698110029628,0.16115786209889343,0.7831837908231232
0.000760204165194801,0.07383698110029628,0.16115786209889343,0.7831837908231232
0.000760204165194801,0.07383698110029628,0.16115786209889343,0.7831837908231232
0.000760204165194801,0.07383698110029628,0.16115786209889343,0.7831837908231232
0.000760204165194801,0.07383698110029628,0.16115786209889343,0.7831837908231232
-0.003120707706847121,0.07474310473138716,0.16096645597171427,0.7843232977231722
-0.003120707706847121,0.07474310473138716,0.16096645597171427,0.7843232977231722
-0.003120707706847121,0.07474310473138716,0.16096645597171427,0.7843232977231722
-0.0030283441984893435,0.07425904714982644,0.16147874132992387,0.78305576721468
-0.005240310299750396,0.07446654288322091,0.16121933324727658,0.7837437168941399
-0.005240310299750396,0.07446654288322091,0.16121933324727658,0.7837437168941399
-0.004430465263961962,0.07404939052636256,0.16116531633798645,0.7826396718241642
-0.003987240245674765,0.07309752251240531,0.16306626936945165,0.782699847943236
-0.003987240245674765,0.07309752251240531,0.16306626936945165,0.782699847943236
-0.0026311614171412026,0.0755445036168581,0.1610806968725791,0.7805782484756465
-0.004053529307598525,0.07496434303841536,0.1619710623024116,0.7810281456783326
-0.004053529307598525,0.07496434303841536,0.1619710623024116,0.7810281456783326
-0.00354613151473715,0.07408418218031301,0.16305087934425674,0.7802211761336802
-0.005177290664979847,0.0742843046994707,0.16287695609203265,0.7812731655470868
-0.005177290664979847,0.0742843046994707,0.16287695609203265,0.7812731655470868
-0.005177290664979847,0.0742843046994707,0.16287695609203265,0.7812731655470868
-0.005177290664979847,0.0742843046994707,0.16287695609203265,0.7812731655470868
-0.005177290664979847,0.0742843046994707,0.16287695609203265,0.7812731655470868
-0.005177290664979847,0.0742843046994707,0.16287695609203265,0.7812731655470868
-0.005177290664979847,0.0742843046994707,0.16287695609203265,0.7812731655470868
-0.005177290664979847,0.0742843046994707,0.16287695609203265,0.7812731655470868
-0.005177290664979847,0.0742843046994707,0.16287695609203265,0.7812731655470868
-0.005177290664979847,0.0742843046994707,0.16287695609203265,0.7812731655470868
-0.005177290664979847,0.0742843046994707,0.16287695609203265,0.7812731655470868
-0.005177290664979847,0.0742843046994707,0.16287695609203265,0.7812731655470868
-0.005055921170617451,0.07405171510835275,0.1607711257331447,0.7837292945613746
-0.004187938909037471,0.07473713265813518,0.16124472069291215,0.7825370987715727
-0.004187938909037471,0.07473713265813518,0.16124472069291215,0.7825370987715727
-0.004187938909037471,0.07473713265813518,0.16124472069291215,0.7825370987715727
-0.004187938909037471,0.07473713265813518,0.16124472069291215,0.7825370987715727
-0.004187938909037471,0.07473713265813518,0.16124472069291215,0.7825370987715727
-0.004187938909037471,0.07473713265813518,0.16124472069291215,0.7825370987715727
-0.0017920608890781668,0.07404995413642122,0.16055143329867408,0.7841502169404365
-0.0017920608890781668,0.07404995413642122,0.16055143329867408,0.7841502169404365
-0.0017920608890781668,0.07404995413642122,0.16055143329867408,0.7841502169404365
-0.002964929457900842,0.07400445999327797,0.16124903113194256,0.783961679231233
-0.0022873967809427134,0.07443933715059048,0.16335119336899137,0.781426409438611
-0.0022873967809427134,0.07443933715059048,0.16335119336899137,0.781426409438611
-0.0022873967809427134,0.07443933715059048,0.16335119336899137,0.781426409438611
-0.0022873967809427134,0.07443933715059048,0.16335119336899137,0.781426409438611
-0.0022873967809427134,0.07443933715059048,0.16335119336899137,0.781426409438611
-0.0022873967809427134,0.07443933715059048,0.16335119336899137,0.781426409438611
-0.0022873967809427134,0.07443933715059048,0.16335119336899137,0.781426409438611
-0.0022873967809427134,0.07443933715059048,0.16335119336899137,0.781426409438611
-0.0028578974428957447,0.07416162260365894,0.16447059886934054,0.7815154208564192
-0.0028578974428957447,0.07416162260365894,0.16447059886934054,0.7815154208564192
-0.0015088289234087935,0.07286614768450804,0.1618044165969441,0.7840870680864691
-0.0015088289234087935,0.07286614768450804,0.1618044165969441,0.7840870680864691
-0.0015088289234087935,0.07286614768450804,0.1618044165969441,0.7840870680864691
-0.0015088289234087935,0.07286614768450804,0.1618044165969441,0.7840870680864691
-0.0012766628757935566,0.07293353392851554,0.15876418333811335,0.784288723442007
2.2814122552378526e-05,0.07453137561144689,0.15862549793089056,0.7848571620013405
2.2814122552378526e-05,0.07453137561144689,0.15862549793089056,0.7848571620013405
2.2814122552378526e-05,0.07453137561144689,0.15862549793089056,0.7848571620013405
2.2814122552378526e-05,0.07453137561144689,0.15862549793089056,0.7848571620013405
2.2814122552378526e-05,0.07453137561144689,0.15862549793089056,0.7848571620013405
2.2814122552378526e-05,0.07453137561144689,0.15862549793089056,0.7848571620013405
0.00014974975066832282,0.07240786591304474,0.1607000147634086,0.7846677810802514
0.00014974975066832282,0.07240786591304474,0.1607000147634086,0.7846677810802514
0.00014974975066832282,0.07240786591304474,0.1607000147634086,0.7846677810802514
0.00014974975066832282,0.07240786591304474,0.1607000147634086,0.7846677810802514
0.00014974975066832282,0.07240786591304474,0.1607000147634086,0.7846677810802514
0.00014974975066832282,0.07240786591304474,0.1607000147634086,0.7846677810802514
0.00014974975066832282,0.07240786591304474,0.1607000147634086,0.7846677810802514
0.00014974975066832282,0.07240786591304474,0.1607000147634086,0.7846677810802514
0.00014974975066832282,0.07240786591304474,0.1607000147634086,0.7846677810802514
0.00014974975066832282,0.07240786591304474,0.1607000147634086,0.7846677810802514
-0.001513475649434552,0.07182160442718519,0.16130154481339232,0.7845691170539627
-0.001513475649434552,0.07182160442718519,0.16130154481339232,0.7845691170539627
-0.001513475649434552,0.07182160442718519,0.16130154481339232,0.7845691170539627
0.0015200515065631735,0.07266284926956482,0.16208086386119744,0.7828624243645254
0.0010117636597050377,0.07390462822256703,0.16235638227137594,0.7829718514295992
-0.0018187203673492164,0.07667382078853278,0.16137545273513512,0.7813215582316368
-0.002853752678110206,0.07526215363076658,0.16217321631101383,0.7802032345782558
-0.002853752678110206,0.07526215363076658,0.16217321631101383,0.7802032345782558
0.00018072756844815822,0.07394317699731931,0.16392196438605164,0.7825101714258079
0.00018072756844815822,0.07394317699731931,0.16392196438605164,0.7825101714258079
0.00016679468809581972,0.07395932516341003,0.16440051029922167,0.781157481600688
0.0008856416096552119,0.07323796136860428,0.161602842416206,0.7820360495160853
0.0016364232246081968,0.07540664543768362,0.16559360188099298,0.7795753269456402
-0.0007011616475121577,0.07535343181173586,0.1644576965047272,0.7789011826588514
0.001740533608942876,0.07302307462410902,0.16546816612758858,0.7806290821411821
0.001740533608942876,0.07302307462410902,0.16546816612758858,0.7806290821411821
0.0010704848044882876,0.07221704090085804,0.16553348340164906,0.7806689169810274
0.0010704848044882876,0.07221704090085804,0.16553348340164906,0.7806689169810274
0.0010704848044882876,0.07221704090085804,0.16553348340164906,0.7806689169810274
0.0010303274212992639,0.07194834440432094,0.16551401191549006,0.7826487688999909
0.0010303274212992639,0.07194834440432094,0.16551401191549006,0.7826487688999909
0.0010303274212992639,0.07194834440432094,0.16551401191549006,0.7826487688999909
0.0010303274212992639,0.07194834440432094,0.16551401191549006,0.7826487688999909
0.0002794867355890815,0.07262496218308864,0.16524075651336897,0.7808789328557941
0.0002794867355890815,0.07262496218308864,0.16524075651336897,0.7808789328557941
0.0002794867355890815,0.07262496218308864,0.16524075651336897,0.7808789328557941
0.0021221594938285277,0.07205472273745075,0.1639184270175875,0.7827492016134674
0.0021221594938285277,0.07205472273745075,0.1639184270175875,0.7827492016134674
0.0021221594938285277,0.07205472273745075,0.1639184270175875,0.7827492016134674
0.0021221594938285277,0.07205472273745075,0.1639184270175875,0.7827492016134674
0.0021221594938285277,0.07205472273745075,0.1639184270175875,0.7827492016134674
0.0021221594938285277,0.07205472273745075,0.1639184270175875,0.7827492016134674
0.003727827931651072,0.07194431018913755,0.16263947580080837,0.7836164465078196
0.003727827931651072,0.07194431018913755,0.16263947580080837,0.7836164465078196
0.003727827931651072,0.07194431018913755,0.16263947580080837,0.7836164465078196
0.00429791564942341,0.0714627569569849,0.16429553995641358,0.7830215121268295
0.00429791564942341,0.0714627569569849,0.16429553995641358,0.7830215121268295
0.00429791564942341,0.0714627569569849,0.16429553995641358,0.7830215121268295
0.004465351208214544,0.0696068397653082,0.16495323359105205,0.7834195892328029
0.004465351208214544,0.0696068397653082,0.16495323359105205,0.7834195892328029
0.004465351208214544,0.0696068397653082,0.16495323359105205,0.7834195892328029
0.005027729422245127,0.06981264709980868,0.16257504863124286,0.7854398188871761
0.005027729422245127,0.06981264709980868,0.16257504863124286,0.7854398188871761
0.005027729422245127,0.06981264709980868,0.16257504863124286,0.7854398188871761
0.005027729422245127,0.06981264709980868,0.16257504863124286,0.7854398188871761
0.005027729422245127,0.06981264709980868,0.16257504863124286,0.7854398188871761
0.005027729422245127,0.06981264709980868,0.16257504863124286,0.7854398188871761
0.005027729422245127,0.06981264709980868,0.16257504863124286,0.7854398188871761
0.005027729422245127,0.06981264709980868,0.16257504863124286,0.7854398188871761
0.0014925761091188006,0.06987912366184823,0.16292419227352578,0.784506582117943
0.0018586320096885597,0.07274662993152847,0.1623285074074488,0.7837204738898084
0.0018586320096885597,0.07274662993152847,0.1623285074074488,0.7837204738898084
0.0018586320096885597,0.07274662993152847,0.1623285074074488,0.7837204738898084
0.0018586320096885597,0.07274662993152847,0.1623285074074488,0.7837204738898084
0.0018586320096885597,0.07274662993152847,0.1623285074074488,0.7837204738898084
-0.0011032309265719491,0.07396504385569892,0.1625859599546395,0.7828639133202833
-0.0011032309265719491,0.07396504385569892,0.1625859599546395,0.7828639133202833
-0.0011032309265719491,0.07396504385569892,0.1625859599546395,0.7828639133202833
-0.00048538156182105204,0.07306541125377315,0.16239106306212103,0.7823837524359485
-5.6204387693170176e-05,0.07218542705580178,0.1660815161790044,0.7814350067655649
-5.6204387693170176e-05,0.07218542705580178,0.1660815161790044,0.7814350067655649
-5.6204387693170176e-05,0.07218542705580178,0.1660815161790044,0.7814350067655649
-5.6204387693170176e-05,0.07218542705580178,0.1660815161790044,0.7814350067655649
-5.6204387693170176e-05,0.07218542705580178,0.1660815161790044,0.7814350067655649
-5.6204387693170176e-05,0.07218542705580178,0.1660815161790044,0.7814350067655649
0.00037495839817539104,0.07397658361573804,0.16592288920867293,0.7802311329437654
0.00037495839817539104,0.07397658361573804,0.16592288920867293,0.7802311329437654
0.00037495839817539104,0.07397658361573804,0.16592288920867293,0.7802311329437654
-0.0001275156249406733,0.07514479425615031,0.164863190243172,0.7792966090275135
-0.0004070552078021434,0.07492747661767614,0.16476657024057642,0.7796568315136154
-0.0004070552078021434,0.07492747661767614,0.16476657024057642,0.7796568315136154
0.0005161334687464525,0.07626210456969384,0.16289216089753006,0.7788011715643177
0.0005161334687464525,0.07626210456969384,0.16289216089753006,0.7788011715643177
0.0005161334687464525,0.07626210456969384,0.16289216089753006,0.7788011715643177
0.0005161334687464525,0.07626210456969384,0.16289216089753006,0.7788011715643177
0.0005161334687464525,0.07626210456969384,0.16289216089753006,0.7788011715643177
0.0005161334687464525,0.07626210456969384,0.16289216089753006,0.7788011715643177
0.0016189529778962025,0.07684682500859354,0.1630958421302082,0.7793204382864574
0.0010190398778118757,0.07670170554751808,0.16436106479835436,0.7788807834946191
0.0010190398778118757,0.07670170554751808,0.16436106479835436,0.7788807834946191
0.0010611404193022163,0.07706816537971622,0.16426736766047076,0.7774936221681702
0.0010611404193022163,0.07706816537971622,0.16426736766047076,0.7774936221681702
0.0010982478891828505,0.07764842228333847,0.1639090261567253,0.7777248224693009
0.0016862004120462926,0.07687786556244611,0.16585718296597177,0.7786025000531175
0.00023576166405689706,0.076984773760519,0.1647568183844604,0.7784504537091312
0.00023576166405689706,0.076984773760519,0.1647568183844604,0.7784504537091312
-0.000562724315811057,0.07458078255361211,0.16425979868889393,0.7804722758697293
-0.0009610156277664234,0.07523662969822431,0.16395149492013436,0.779731986384659
-0.0017696438817275278,0.0761889765760307,0.16482327100599156,0.7793177732535146
-0.0030367525012577985,0.07692103840762016,0.1643471188431579,0.7782729098925387
-0.0030367525012577985,0.07692103840762016,0.1643471188431579,0.7782729098925387
-0.0015509034206250597,0.0751705580924149,0.16562850823812306,0.7783680766456552
-0.0026623933857057563,0.07679685742609961,0.16474676077090314,0.7784005592288215
-0.0026623933857057563,0.07679685742609961,0.16474676077090314,0.7784005592288215
-0.0026623933857057563,0.07679685742609961,0.16474676077090314,0.7784005592288215
-0.0025128805493730534,0.07600511145958695,0.16497745893885613,0.7791729124728821
-0.002795967761559725,0.07425856581576402,0.16294585441692563,0.7814792979690223
-0.002795967761559725,0.07425856581576402,0.16294585441692563,0.7814792979690223
-0.002795967761559725,0.07425856581576402,0.16294585441692563,0.7814792979690223
-0.002795967761559725,0.07425856581576402,0.16294585441692563,0.7814792979690223
-0.002795967761559725,0.07425856581576402,0.16294585441692563,0.7814792979690223
-0.0016473277289051065,0.07404512164404559,0.16248961455325064,0.7832103486230443
-0.0016473277289051065,0.07404512164404559,0.16248961455325064,0.7832103486230443
-0.0028178820601799785,0.07247767410699396,0.16310608630666223,0.7824318582145348
-0.0028178820601799785,0.07247767410699396,0.16310608630666223,0.7824318582145348
-0.0028178820601799785,0.07247767410699396,0.16310608630666223,0.7824318582145348
-0.0028178820601799785,0.07247767410699396,0.16310608630666223,0.7824318582145348
-0.001793211117156884,0.07171729162212019,0.1639158487475813,0.7823469079305094
-0.001793211117156884,0.07171729162212019,0.1639158487475813,0.7823469079305094
-0.0008305551888712252,0.072091536845995,0.16407168310668388,0.7821740895630069
-0.0008305551888712252,0.072091536845995,0.16407168310668388,0.7821740895630069
-0.001118822582040273,0.07279326661077146,0.16252486606526154,0.7827804811714308
-0.0019626098268135596,0.07404156432657578,0.16193161931532482,0.7821566069436392
-0.0012562699200595736,0.07614399961107325,0.16233966582620116,0.781568301731865
0.0003418135209777751,0.07358698982690014,0.16286418018662316,0.7834732900484357
0.0013151934462722658,0.07212908994612974,0.1625124677298494,0.7841860853547211
0.0013151934462722658,0.07212908994612974,0.1625124677298494,0.7841860853547211
0.0014251826424717877,0.0742239701647292,0.16362964427107707,0.7822276960404247
-0.00034866558049560965,0.07622388955778345,0.16142155334990038,0.7822044320385534
-0.00034866558049560965,0.07622388955778345,0.16142155334990038,0.7822044320385534
-0.00034866558049560965,0.07622388955778345,0.16142155334990038,0.7822044320385534
-0.00034866558049560965,0.07622388955778345,0.16142155334990038,0.7822044320385534
-0.00034866558049560965,0.07622388955778345,0.16142155334990038,0.7822044320385534
0.0011390312355004316,0.07657846863106871,0.15967989123730644,0.7830184940613704
0.00127090880937881,0.07689181538668143,0.1596122849127086,0.7831332325740741
0.00127090880937881,0.07689181538668143,0.1596122849127086,0.7831332325740741
0.00127090880937881,0.07689181538668143,0.1596122849127086,0.7831332325740741
0.0024277878947838363,0.07435433363610158,0.16133380646599507,0.7808593970545968
0.0017933632573685016,0.07532284848498004,0.16310417898161267,0.7802363981404196
0.0017933632573685016,0.07532284848498004,0.16310417898161267,0.7802363981404196
0.0017933632573685016,0.07532284848498004,0.16310417898161267,0.7802363981404196
0.0017933632573685016,0.07532284848498004,0.16310417898161267,0.7802363981404196
0.0017933632573685016,0.07532284848498004,0.16310417898161267,0.7802363981404196
0.0017933632573685016,0.07532284848498004,0.16310417898161267,0.7802363981404196
0.0033113138527121294,0.07464763515675032,0.16284797429422065,0.7816281026860781
0.0024262717551193176,0.07481358198938803,0.16447023944182274,0.7797602601073678
0.0024262717551193176,0.07481358198938803,0.16447023944182274,0.7797602601073678
0.0024262717551193176,0.07481358198938803,0.16447023944182274,0.7797602601073678
0.0024262717551193176,0.07481358198938803,0.16447023944182274,0.7797602601073678
0.0024262717551193176,0.07481358198938803,0.16447023944182274,0.7797602601073678
0.0024262717551193176,0.07481358198938803,0.16447023944182274,0.7797602601073678
0.0024262717551193176,0.07481358198938803,0.16447023944182274,0.7797602601073678
0.0024262717551193176,0.07481358198938803,0.16447023944182274,0.7797602601073678
0.0024262717551193176,0.07481358198938803,0.16447023944182274,0.7797602601073678
0.002065185428191563,0.07549790337976939,0.16271529862561557,0.7812848714049133
0.002297152068376115,0.07545226629017948,0.16209468397461949,0.7807927904962353
0.002297152068376115,0.07545226629017948,0.16209468397461949,0.7807927904962353
0.002297152068376115,0.07545226629017948,0.16209468397461949,0.7807927904962353
0.002297152068376115,0.07545226629017948,0.16209468397461949,0.7807927904962353
0.002297152068376115,0.07545226629017948,0.16209468397461949,0.7807927904962353
0.002297152068376115,0.07545226629017948,0.16209468397461949,0.7807927904962353
0.002297152068376115,0.07545226629017948,0.16209468397461949,0.7807927904962353
0.002297152068376115,0.07545226629017948,0.16209468397461949,0.7807927904962353
0.003138662878051589,0.07551189382351767,0.16234649302702003,0.780962799972848
0.003138662878051589,0.07551189382351767,0.16234649302702003,0.780962799972848
0.003138662878051589,0.07551189382351767,0.16234649302702003,0.780962799972848
0.003138662878051589,0.07551189382351767,0.16234649302702003,0.780962799972848
0.003138662878051589,0.07551189382351767,0.16234649302702003,0.780962799972848
0.003138662878051589,0.07551189382351767,0.16234649302702003,0.780962799972848
0.0012414871085585145,0.07404504759779428,0.16139231641532711,0.7830042079087747
0.0012414871085585145,0.07404504759779428,0.16139231641532711,0.7830042079087747
0.0012414871085585145,0.07404504759779428,0.16139231641532711,0.7830042079087747
0.0034419861611360925,0.07354328066637618,0.1618315195787073,0.7837043596831405
0.00027448158344753077,0.07345985954133787,0.16368762444434953,0.7824642319099873
0.00027448158344753077,0.07345985954133787,0.16368762444434953,0.7824642319099873
0.0005425302146948277,0.07343669736144347,0.16533719235552516,0.7808643191550192
0.0005425302146948277,0.07343669736144347,0.16533719235552516,0.7808643191550192
0.0005425302146948277,0.07343669736144347,0.16533719235552516,0.7808643191550192
-0.00033992921937811994,0.07361736622105498,0.16490785865181393,0.7798349028164407
-0.00033992921937811994,0.07361736622105498,0.16490785865181393,0.7798349028164407
-0.00035253157556915815,0.07388970789063225,0.16423543554738074,0.7803404255727993
-0.00035253157556915815,0.07388970789063225,0.16423543554738074,0.7803404255727993
-0.00035253157556915815,0.07388970789063225,0.16423543554738074,0.7803404255727993
-0.0005810746882409757,0.07383554842245117,0.16306307328833172,0.7818798888825704
-0.0005810746882409757,0.07383554842245117,0.16306307328833172,0.7818798888825704
-0.0005810746882409757,0.07383554842245117,0.16306307328833172,0.7818798888825704
-0.0020969615311526996,0.07511484922776412,0.16302485335417907,0.7809691316101895
-0.0020969615311526996,0.07511484922776412,0.16302485335417907,0.7809691316101895
-0.003525306249916793,0.0747398866283995,0.16481897154601363,0.7798791946211227
-0.003525306249916793,0.0747398866283995,0.16481897154601363,0.7798791946211227
-0.003525306249916793,0.0747398866283995,0.16481897154601363,0.7798791946211227
-0.003525306249916793,0.0747398866283995,0.16481897154601363,0.7798791946211227
-0.003525306249916793,0.0747398866283995,0.16481897154601363,0.7798791946211227
-0.003525306249916793,0.0747398866283995,0.16481897154601363,0.7798791946211227
-0.003621559066913114,0.0754037809995616,0.1647498895576121,0.7786166804813344
-0.0017592856524906342,0.07616964940564007,0.16342110182759226,0.7786920686152169
-0.004194947928381349,0.07484589128843745,0.1655827969786954,0.7778880853008783
-0.004194947928381349,0.07484589128843745,0.1655827969786954,0.7778880853008783
-0.004843202523908019,0.0755900569668284,0.16586289525930828,0.7774566198662682
-0.004843202523908019,0.0755900569668284,0.16586289525930828,0.7774566198662682
-0.0025893291646836803,0.07637792829398536,0.16662469155186738,0.777244360184024
-0.0025893291646836803,0.07637792829398536,0.16662469155186738,0.777244360184024
-0.0025893291646836803,0.07637792829398536,0.16662469155186738,0.777244360184024
-0.0025893291646836803,0.07637792829398536,0.16662469155186738,0.777244360184024
-0.0025893291646836803,0.07637792829398536,0.16662469155186738,0.777244360184024
-0.0025893291646836803,0.07637792829398536,0.16662469155186738,0.777244360184024
0.002299115654542918,0.07553088271242052,0.16673580269104268,0.7778034266476145
0.0018946524275416854,0.07216015827386005,0.16438644976129818,0.7811034060221784
0.0034546754519284863,0.07184396432322292,0.16500604767050217,0.78063622281639
0.0034546754519284863,0.07184396432322292,0.16500604767050217,0.78063622281639
0.005257215550076572,0.07369108995155735,0.16393447381909398,0.78161214837415
0.005257215550076572,0.07369108995155735,0.16393447381909398,0.78161214837415
0.005257215550076572,0.07369108995155735,0.16393447381909398,0.78161214837415
0.00561349701208509,0.07276555715992052,0.16238893736794432,0.7835347345578523
0.00561349701208509,0.07276555715992052,0.16238893736794432,0.7835347345578523
0.00561349701208509,0.07276555715992052,0.16238893736794432,0.7835347345578523
0.0038823145965525283,0.07296085568411348,0.1630046563356383,0.784624631801163
0.0038823145965525283,0.07296085568411348,0.1630046563356383,0.784624631801163
0.001606432244876057,0.07323214480201046,0.1610245177291081,0.7849591309655664
0.001606432244876057,0.07323214480201046,0.1610245177291081,0.7849591309655664
0.00039656162616360786,0.07281056870183689,0.16022555975242922,0.7836813699432663
0.0008568286102156582,0.07182493827753557,0.15990580885148636,0.7843752371258543
0.0008568286102156582,0.07182493827753557,0.15990580885148636,0.7843752371258543
0.0008568286102156582,0.07182493827753557,0.15990580885148636,0.7843752371258543
0.0008568286102156582,0.07182493827753557,0.15990580885148636,0.7843752371258543
0.0008568286102156582,0.07182493827753557,0.15990580885148636,0.7843752371258543
0.0008568286102156582,0.07182493827753557,0.15990580885148636,0.7843752371258543
0.00044088833505575285,0.07186766886139746,0.1625624710953134,0.782997828580405
0.00044088833505575285,0.07186766886139746,0.1625624710953134,0.782997828580405
-0.0003087845080304044,0.07204602273919163,0.16245110035598348,0.7827196365570132
0.00010309500397085911,0.07289660618835725,0.16245175248822413,0.7812509633317359
0.00010309500397085911,0.07289660618835725,0.16245175248822413,0.7812509633317359
0.00010309500397085911,0.07289660618835725,0.16245175248822413,0.7812509633317359
0.00010309500397085911,0.07289660618835725,0.16245175248822413,0.7812509633317359
0.00010309500397085911,0.07289660618835725,0.16245175248822413,0.7812509633317359
0.00010309500397085911,0.07289660618835725,0.16245175248822413,0.7812509633317359
0.00010309500397085911,0.07289660618835725,0.16245175248822413,0.7812509633317359
0.00010309500397085911,0.07289660618835725,0.16245175248822413,0.7812509633317359
0.00010309500397085911,0.07289660618835725,0.16245175248822413,0.7812509633317359
0.00010309500397085911,0.07289660618835725,0.16245175248822413,0.7812509633317359
0.00010309500397085911,0.07289660618835725,0.16245175248822413,0.7812509633317359
0.00010309500397085911,0.07289660618835725,0.16245175248822413,0.7812509633317359
0.00010309500397085911,0.07289660618835725,0.16245175248822413,0.7812509633317359
0.00010309500397085911,0.07289660618835725,0.16245175248822413,0.7812509633317359
0.0015814406366889495,0.07517502989740839,0.16390472762556643,0.7804209064094434
0.0008702251324411934,0.0758339575197792,0.16442587907020792,0.7791566940867346
0.0008702251324411934,0.0758339575197792,0.16442587907020792,0.7791566940867346
0.0005089053578209721,0.07553380469384924,0.16431242447368802,0.7781487187227671
0.0019369966893120548,0.07552018890399571,0.16494507955634732,0.7778709580343233
-0.0023034621348121923,0.07500512133478261,0.1671983374889089,0.7783096214856734
-0.003100961790001193,0.07548295961392834,0.16465544337403787,0.7794088026081036
-0.003100961790001193,0.07548295961392834,0.16465544337403787,0.7794088026081036
-0.0017988463848042195,0.07332794404669636,0.1649650273036471,0.7807839196061503
-0.0017988463848042195,0.07332794404669636,0.1649650273036471,0.7807839196061503
-0.0017988463848042195,0.07332794404669636,0.1649650273036471,0.7807839196061503
-0.0017988463848042195,0.07332794404669636,0.1649650273036471,0.7807839196061503
-0.0009640208600089549,0.07500881172304588,0.1628853630049151,0.7801446907769437
-0.0009640208600089549,0.07500881172304588,0.1628853630049151,0.7801446907769437
-0.0009640208600089549,0.07500881172304588,0.1628853630049151,0.7801446907769437
-0.0009640208600089549,0.07500881172304588,0.1628853630049151,0.7801446907769437
-0.0009640208600089549,0.07500881172304588,0.1628853630049151,0.7801446907769437
-0.0009640208600089549,0.07500881172304588,0.1628853630049151,0.7801446907769437
-0.0009640208600089549,0.07500881172304588,0.1628853630049151,0.7801446907769437
-0.0009640208600089549,0.07500881172304588,0.1628853630049151,0.7801446907769437
-0.0009640208600089549,0.07500881172304588,0.1628853630049151,0.7801446907769437
-0.0009640208600089549,0.07500881172304588,0.1628853630049151,0.7801446907769437
-0.0009640208600089549,0.07500881172304588,0.1628853630049151,0.7801446907769437
-0.0009640208600089549,0.07500881172304588,0.1628853630049151,0.7801446907769437
-0.00045332798032406943,0.07559514352493595,0.16390302511259464,0.7804732374581269
-0.00045332798032406943,0.07559514352493595,0.16390302511259464,0.7804732374581269
-0.00045332798032406943,0.07559514352493595,0.16390302511259464,0.7804732374581269
0.0017167529498760125,0.0756656164673493,0.1644717677957743,0.7789524892176868
0.0017167529498760125,0.0756656164673493,0.1644717677957743,0.7789524892176868
0.0017167529498760125,0.0756656164673493,0.1644717677957743,0.7789524892176868
0.0017167529498760125,0.0756656164673493,0.1644717677957743,0.7789524892176868
-0.00027257605587750126,0.07590084739069934,0.16458258660539535,0.7781896969108215
-0.00027257605587750126,0.07590084739069934,0.16458258660539535,0.7781896969108215
0.002039325583913596,0.07660065590251987,0.16314631598015902,0.7776496563134532
0.002039325583913596,0.07660065590251987,0.16314631598015902,0.7776496563134532
0.002039325583913596,0.07660065590251987,0.16314631598015902,0.7776496563134532
0.002828177062394063,0.07540508117194215,0.16143793135415674,0.7797059174354775
0.0031480059214088873,0.07610667153856006,0.16346476350357278,0.7781373578605633
0.004085715459928167,0.07641489976385342,0.16234679625047693,0.7796256351764842
0.0024449983680036105,0.07834151754825021,0.1631383407305284,0.7773422616315644
0.0024449983680036105,0.07834151754825021,0.1631383407305284,0.7773422616315644
0.000923838253566732,0.07736392096993283,0.1636803284374581,0.7780051012716714
0.000923838253566732,0.07736392096993283,0.1636803284374581,0.7780051012716714
0.000923838253566732,0.07736392096993283,0.1636803284374581,0.7780051012716714
0.000923838253566732,0.07736392096993283,0.1636803284374581,0.7780051012716714
0.000923838253566732,0.07736392096993283,0.1636803284374581,0.7780051012716714
0.0026081679012231705,0.07644446079497344,0.16322100198632794,0.7799290313462713
0.0026081679012231705,0.07644446079497344,0.16322100198632794,0.7799290313462713
0.0026081679012231705,0.07644446079497344,0.16322100198632794,0.7799290313462713
0.0026081679012231705,0.07644446079497344,0.16322100198632794,0.7799290313462713
0.0026081679012231705,0.07644446079497344,0.16322100198632794,0.7799290313462713
0.0026081679012231705,0.07644446079497344,0.16322100198632794,0.7799290313462713
0.0028847882594973256,0.07501208603003498,0.16324171414515848,0.7796285812837825
0.003050411298626907,0.07663203565201358,0.16371405058325608,0.7788900249367564
0.0028309664069808894,0.07633397688448483,0.16344221747600202,0.7779021352619808
0.0028309664069808894,0.07633397688448483,0.16344221747600202,0.7779021352619808
0.0028309664069808894,0.07633397688448483,0.16344221747600202,0.7779021352619808
0.004473240151640993,0.07652942332018099,0.16336478882402541,0.7786237835774359
0.004473240151640993,0.07652942332018099,0.16336478882402541,0.7786237835774359
0.004067840013164329,0.07576054019108569,0.16399583437768323,0.7792953285744233
0.003790276309096634,0.07500499769995574,0.16424560810533287,0.7795397895232337
0.0031331604047042548,0.07615322609208833,0.16242464884327334,0.7791992786413632
0.0037354781422595856,0.07665136674545948,0.1630933590180463,0.7791558917604808
0.0037354781422595856,0.07665136674545948,0.1630933590180463,0.7791558917604808
0.004239287250133179,0.07668269125386881,0.1626289224927835,0.7802710833404617
0.004239287250133179,0.07668269125386881,0.1626289224927835,0.7802710833404617
0.00446981238347851,0.07552209051877153,0.16016360921645506,0.7817944590467455
0.007034929104853786,0.07504127165551899,0.15924310184553972,0.7823172708969434
0.006383720669188524,0.07294233647159573,0.16136929942979744,0.7827006404941969
0.006383720669188524,0.07294233647159573,0.16136929942979744,0.7827006404941969
0.006383720669188524,0.07294233647159573,0.16136929942979744,0.7827006404941969
0.006383720669188524,0.07294233647159573,0.16136929942979744,0.7827006404941969
0.006383720669188524,0.07294233647159573,0.16136929942979744,0.7827006404941969
0.006383720669188524,0.07294233647159573,0.16136929942979744,0.7827006404941969
0.0052428692415726445,0.07189348564807105,0.161381809846471,0.7833333562705852
0.0052428692415726445,0.07189348564807105,0.161381809846471,0.7833333562705852
0.005069780195263651,0.07057536041836888,0.1625411175774139,0.7838626206010103
0.003997252806196544,0.072545813779254,0.16050019678815292,0.78451268329439
0.003997252806196544,0.072545813779254,0.16050019678815292,0.78451268329439
0.003997252806196544,0.072545813779254,0.16050019678815292,0.78451268329439
0.003997252806196544,0.072545813779254,0.16050019678815292,0.78451268329439
0.0018404735665433114,0.0731329389395317,0.16188052943627737,0.7847228956346253
0.0018177284332370914,0.0735847844395451,0.15984624134045963,0.7856867744627213
0.0007129772916658517,0.07401332131085582,0.16099271924298897,0.7844842212455042
0.0007129772916658517,0.07401332131085582,0.16099271924298897,0.7844842212455042
0.0007129772916658517,0.07401332131085582,0.16099271924298897,0.7844842212455042
0.0003967043809054621,0.07526539916101296,0.1592878264514966,0.7833480428599149
0.0003967043809054621,0.07526539916101296,0.1592878264514966,0.7833480428599149
0.0003967043809054621,0.07526539916101296,0.1592878264514966,0.7833480428599149
-0.0008047804829345219,0.07521696695040443,0.15934953812152786,0.7823652288377705
-0.0026571083102771603,0.07565776485678082,0.15863808143841723,0.7826964107305037
-0.0026571083102771603,0.07565776485678082,0.15863808143841723,0.7826964107305037
-0.004148827464567277,0.07590159535590228,0.15916821769184644,0.7823881917907525
-0.004148827464567277,0.07590159535590228,0.15916821769184644,0.7823881917907525
-0.000709675646238854,0.07420595718843356,0.15869232309703474,0.7845416610309656
0.0011196340569646793,0.07359315219946352,0.15906385237401083,0.7848174444293047
-0.0029827638590312873,0.07345940284227666,0.15979852816347345,0.7851200549272902
-0.0034730316767044222,0.07245895778900244,0.1591441567504282,0.7867833682866996
-0.0034730316767044222,0.07245895778900244,0.1591441567504282,0.7867833682866996
-0.0034730316767044222,0.07245895778900244,0.1591441567504282,0.7867833682866996
-0.0034730316767044222,0.07245895778900244,0.1591441567504282,0.7867833682866996
-0.0010221772020139195,0.07356978551531415,0.16154418888216648,0.784769093058309
-0.0035354327485553005,0.0727574098508795,0.16165138195537723,0.7847059422442694
-0.0035354327485553005,0.0727574098508795,0.16165138195537723,0.7847059422442694
-0.0035354327485553005,0.0727574098508795,0.16165138195537723,0.7847059422442694
-0.0035354327485553005,0.0727574098508795,0.16165138195537723,0.7847059422442694
-0.0035354327485553005,0.0727574098508795,0.16165138195537723,0.7847059422442694
-0.0024831684487668887,0.07160999228491219,0.16189655139826947,0.7857727185018216
-0.0024831684487668887,0.07160999228491219,0.16189655139826947,0.7857727185018216
-0.0024831684487668887,0.07160999228491219,0.16189655139826947,0.7857727185018216
-4.2768205778430206e-05,0.07090902114009667,0.1607249484660834,0.7860754582481726
-4.2768205778430206e-05,0.07090902114009667,0.1607249484660834,0.7860754582481726
-4.2768205778430206e-05,0.07090902114009667,0.1607249484660834,0.7860754582481726
-0.0007045189431808764,0.07162335001590177,0.15924764034627076,0.7859192245951652
-0.0007045189431808764,0.07162335001590177,0.15924764034627076,0.7859192245951652
-0.0022944960785748715,0.07064517964877985,0.15801727274719835,0.7878528651375064
-0.0029062835919448143,0.07092115055813983,0.15958976477373915,0.7870957353257877
-0.0029062835919448143,0.07092115055813983,0.15958976477373915,0.7870957353257877
-0.0029062835919448143,0.07092115055813983,0.15958976477373915,0.7870957353257877
-0.0029062835919448143,0.07092115055813983,0.15958976477373915,0.7870957353257877
-0.0029062835919448143,0.07092115055813983,0.15958976477373915,0.7870957353257877
-0.0029062835919448143,0.07092115055813983,0.15958976477373915,0.7870957353257877
-0.0029062835919448143,0.07092115055813983,0.15958976477373915,0.7870957353257877
-0.0029062835919448143,0.07092115055813983,0.15958976477373915,0.7870957353257877
-0.0029062835919448143,0.07092115055813983,0.15958976477373915,0.7870957353257877
-0.0029062835919448143,0.07092115055813983,0.15958976477373915,0.7870957353257877
-0.0029062835919448143,0.07092115055813983,0.15958976477373915,0.7870957353257877
-0.0029062835919448143,0.07092115055813983,0.15958976477373915,0.7870957353257877
-0.0029062835919448143,0.07092115055813983,0.15958976477373915,0.7870957353257877
-0.0029062835919448143,0.07092115055813983,0.15958976477373915,0.7870957353257877
-0.0029062835919448143,0.07092115055813983,0.15958976477373915,0.7870957353257877
-0.003403002391984,0.07055565703724292,0.1598928327274095,0.7871938381423584
-0.0020278069749176232,0.07036610090726247,0.16119902203513972,0.7851166470752271
-0.0020278069749176232,0.07036610090726247,0.16119902203513972,0.7851166470752271
-0.004687522573865889,0.07106046519224697,0.16117534264875444,0.7851435631567525
-0.004687522573865889,0.07106046519224697,0.16117534264875444,0.7851435631567525
-0.004687522573865889,0.07106046519224697,0.16117534264875444,0.7851435631567525
-0.004687522573865889,0.07106046519224697,0.16117534264875444,0.7851435631567525
-0.005080378806150827,0.07303702433902211,0.15902161447217739,0.786287151383916
-0.005080378806150827,0.07303702433902211,0.15902161447217739,0.786287151383916
-0.004420607176991581,0.07301244471126729,0.15855813128838703,0.7856677861751238
-0.004420607176991581,0.07301244471126729,0.15855813128838703,0.7856677861751238
-0.001823264313426878,0.0750253665865933,0.16137833048646713,0.7840901984334769
-0.001823264313426878,0.0750253665865933,0.16137833048646713,0.7840901984334769
-0.0007582959024396026,0.07513357283710673,0.16186771308344405,0.7822828165907987
-0.0007582959024396026,0.07513357283710673,0.16186771308344405,0.7822828165907987
-0.0016329731443439767,0.07550740933445564,0.1620991723766801,0.7809630640294567
-0.0016329731443439767,0.07550740933445564,0.1620991723766801,0.7809630640294567
-0.003686261749492984,0.07258182965926362,0.16281607460661598,0.7821552306248111
-0.003686261749492984,0.07258182965926362,0.16281607460661598,0.7821552306248111
-0.002961681306760699,0.07372353172403294,0.16376789296475902,0.7814100719325945
-0.002961681306760699,0.07372353172403294,0.16376789296475902,0.7814100719325945
-0.002961681306760699,0.07372353172403294,0.16376789296475902,0.7814100719325945
-0.002961681306760699,0.07372353172403294,0.16376789296475902,0.7814100719325945
-0.002961681306760699,0.07372353172403294,0.16376789296475902,0.7814100719325945
-0.002961681306760699,0.07372353172403294,0.16376789296475902,0.7814100719325945
-0.0030764504420408264,0.07464344111963911,0.16229656501007958,0.7816252575968932
-0.0030764504420408264,0.07464344111963911,0.16229656501007958,0.7816252575968932
-0.0030764504420408264,0.07464344111963911,0.16229656501007958,0.7816252575968932
-0.0030764504420408264,0.07464344111963911,0.16229656501007958,0.7816252575968932
-0.0030764504420408264,0.07464344111963911,0.16229656501007958,0.7816252575968932
-0.0021169022073053044,0.07515486834412569,0.16200765299390463,0.7820503419465192
-0.0025554447930725335,0.07609034914369082,0.15942610711232816,0.7819930922431442
-0.0025554447930725335,0.07609034914369082,0.15942610711232816,0.7819930922431442
-0.0025554447930725335,0.07609034914369082,0.15942610711232816,0.7819930922431442
-0.0003379768943531664,0.07532919641180517,0.1606252122365398,0.7825831829801074
-0.0003379768943531664,0.07532919641180517,0.1606252122365398,0.7825831829801074
-0.0003379768943531664,0.07532919641180517,0.1606252122365398,0.7825831829801074
-0.0003379768943531664,0.07532919641180517,0.1606252122365398,0.7825831829801074
-0.0003379768943531664,0.07532919641180517,0.1606252122365398,0.7825831829801074
-0.0003379768943531664,0.07532919641180517,0.1606252122365398,0.7825831829801074
-8.510278488567651e-05,0.07614997786176472,0.16016334364313156,0.7816012246712818
-8.510278488567651e-05,0.07614997786176472,0.16016334364313156,0.7816012246712818
-8.510278488567651e-05,0.07614997786176472,0.16016334364313156,0.7816012246712818
-8.510278488567651e-05,0.07614997786176472,0.16016334364313156,0.7816012246712818
-0.0003479586936267165,0.07705975323667838,0.1614125297777366,0.7809711733476716
-0.0003479586936267165,0.07705975323667838,0.1614125297777366,0.7809711733476716
-0.0003479586936267165,0.07705975323667838,0.1614125297777366,0.7809711733476716
-0.0013248492874495823,0.07732819183993364,0.16162509410043369,0.7812511311469633
-0.0006185147456057204,0.07664073366895939,0.16080406915893555,0.7818064518780433
0.0009865968751186648,0.07687611096098555,0.16186735390585635,0.7801070258186557
0.0009865968751186648,0.07687611096098555,0.16186735390585635,0.7801070258186557
0.0009865968751186648,0.07687611096098555,0.16186735390585635,0.7801070258186557
0.0009865968751186648,0.07687611096098555,0.16186735390585635,0.7801070258186557
0.0008912757007584289,0.07509307693772543,0.16058041836250853,0.7825319428311179
-0.0022638667257297894,0.0732660687962362,0.16178990368484297,0.784625249141681
-0.0026507756576277276,0.07392767163173046,0.162961271435381,0.7808515384461271
-0.0026507756576277276,0.07392767163173046,0.162961271435381,0.7808515384461271
-0.0026507756576277276,0.07392767163173046,0.162961271435381,0.7808515384461271
-0.0015153046820986288,0.07385696885116527,0.1635903935379014,0.779610444513759
-0.0005554298621532898,0.07414853405167424,0.16349554643025593,0.7793487052340725
-0.0005554298621532898,0.07414853405167424,0.16349554643025593,0.7793487052340725
-0.0014875557893023433,0.0744130380040275,0.16339557822843545,0.7799024073610765
7.193085739102428e-05,0.0741130782120134,0.16404374519965464,0.7820484519103622
7.193085739102428e-05,0.0741130782120134,0.16404374519965464,0.7820484519103622
-0.0013706386706817456,0.0746792869410735,0.16303297548850643,0.7823660829378287
-0.0024494765525987297,0.0743425729434726,0.16276358203589997,0.7816055093238437
-0.0019530019873485668,0.07252024649895283,0.16199193432641049,0.7847172266912688
-0.0019530019873485668,0.07252024649895283,0.16199193432641049,0.7847172266912688
-0.002114518957591885,0.07205857806045357,0.16133506125388708,0.7846310060498785
-0.002114518957591885,0.07205857806045357,0.16133506125388708,0.7846310060498785
-0.002114518957591885,0.07205857806045357,0.16133506125388708,0.7846310060498785
-0.002114518957591885,0.07205857806045357,0.16133506125388708,0.7846310060498785
-0.001420807141026552,0.07240750813368453,0.16203214169635266,0.7842021355610157
-0.001420807141026552,0.07240750813368453,0.16203214169635266,0.7842021355610157
-0.001420807141026552,0.07240750813368453,0.16203214169635266,0.7842021355610157
-0.001420807141026552,0.07240750813368453,0.16203214169635266,0.7842021355610157
-0.001420807141026552,0.07240750813368453,0.16203214169635266,0.7842021355610157
-0.001420807141026552,0.07240750813368453,0.16203214169635266,0.7842021355610157
-0.001420807141026552,0.07240750813368453,0.16203214169635266,0.7842021355610157
-0.001420807141026552,0.07240750813368453,0.16203214169635266,0.7842021355610157
-0.001420807141026552,0.07240750813368453,0.16203214169635266,0.7842021355610157
-0.001420807141026552,0.07240750813368453,0.16203214169635266,0.7842021355610157
-0.001420807141026552,0.07240750813368453,0.16203214169635266,0.7842021355610157
-0.001420807141026552,0.07240750813368453,0.16203214169635266,0.7842021355610157
-0.001420807141026552,0.07240750813368453,0.16203214169635266,0.7842021355610157
-0.00219115153867999,0.0734569131528904,0.16199588725543895,0.783860780550006
-0.00219115153867999,0.0734569131528904,0.16199588725543895,0.783860780550006
-0.00219115153867999,0.0734569131528904,0.16199588725543895,0.783860780550006
-0.00219115153867999,0.0734569131528904,0.16199588725543895,0.783860780550006
-0.0014844537788090287,0.07186730329129981,0.162385506420176,0.7844070459722964
-2.401807664279671e-05,0.07272689051628733,0.16190316651649816,0.7824349782267688
-0.0011334493698208566,0.07224297442346822,0.16120742296480023,0.7846332033046036
-0.0011334493698208566,0.07224297442346822,0.16120742296480023,0.7846332033046036
-0.0025634391954565626,0.07279705672501667,0.16237305197052754,0.7840588779050611
-0.0029673610927493698,0.07278045084033216,0.16511835555932836,0.7807365381439523
-0.0029673610927493698,0.07278045084033216,0.16511835555932836,0.7807365381439523
-0.0029673610927493698,0.07278045084033216,0.16511835555932836,0.7807365381439523
-0.0015055973272575913,0.0730108152022661,0.16553765578618515,0.7814191619758732
-0.0019594470646505397,0.07193346534298706,0.16430078335904066,0.7817615892041774
-0.00047443844039040555,0.07296579629111521,0.1645574678875473,0.7815390168089065
0.0003710270394727169,0.07347159088586508,0.1647146972595955,0.7800941255509014
0.0003710270394727169,0.07347159088586508,0.1647146972595955,0.7800941255509014
0.0002705991552036356,0.07358701191003873,0.16740403234982978,0.7788954564496363
0.0002705991552036356,0.07358701191003873,0.16740403234982978,0.7788954564496363
0.0002705991552036356,0.07358701191003873,0.16740403234982978,0.7788954564496363
0.0002705991552036356,0.07358701191003873,0.16740403234982978,0.7788954564496363
0.0002705991552036356,0.07358701191003873,0.16740403234982978,0.7788954564496363
-0.0002640440210947957,0.07602022340357366,0.1664439106038714,0.7777632518194425
-0.0002640440210947957,0.07602022340357366,0.1664439106038714,0.7777632518194425
-0.0002640440210947957,0.07602022340357366,0.1664439106038714,0.7777632518194425
-0.0002640440210947957,0.07602022340357366,0.1664439106038714,0.7777632518194425
-0.0002640440210947957,0.07602022340357366,0.1664439106038714,0.7777632518194425
-0.0002640440210947957,0.07602022340357366,0.1664439106038714,0.7777632518194425
-0.0002640440210947957,0.07602022340357366,0.1664439106038714,0.7777632518194425
0.00024562809864527165,0.07549183915904224,0.16532278478942491,0.7779830588951039
0.00024562809864527165,0.07549183915904224,0.16532278478942491,0.7779830588951039
0.00024562809864527165,0.07549183915904224,0.16532278478942491,0.7779830588951039
0.0005302361854426118,0.07635858942256794,0.16399489103076428,0.7781745733928042
0.0009055438479056638,0.0738104112584684,0.16509109906558336,0.7805947377158975
-0.0006746024928484004,0.07275673684220264,0.16410090141720518,0.7814401065500048
0.0006939580735768433,0.07145234262189726,0.1636150882888539,0.7826058138366033
0.0006939580735768433,0.07145234262189726,0.1636150882888539,0.7826058138366033
0.002607389992869741,0.07269292923412081,0.16084799566939958,0.7841059842211392
0.001611097645724361,0.07280173312971824,0.16098840790051605,0.7850159741410697
0.001611097645724361,0.07280173312971824,0.16098840790051605,0.7850159741410697
0.001611097645724361,0.07280173312971824,0.16098840790051605,0.7850159741410697
-0.001627712988692124,0.07375543246239583,0.16065973412898027,0.783282587176218
-0.0007275253902815082,0.07607792499726734,0.15993245939570525,0.782412555891716
-0.0007275253902815082,0.07607792499726734,0.15993245939570525,0.782412555891716
-0.0007275253902815082,0.07607792499726734,0.15993245939570525,0.782412555891716
-0.0007275253902815082,0.07607792499726734,0.15993245939570525,0.782412555891716
-0.0007275253902815082,0.07607792499726734,0.15993245939570525,0.782412555891716
-0.0019545340232006115,0.07501317776693205,0.16155159366583205,0.7830572055278012
-0.0019545340232006115,0.07501317776693205,0.16155159366583205,0.7830572055278012
-0.0019545340232006115,0.07501317776693205,0.16155159366583205,0.7830572055278012
-0.0025251908871446105,0.07261878022517844,0.16123812960546524,0.7837083098241469
-0.0025251908871446105,0.07261878022517844,0.16123812960546524,0.7837083098241469
-0.0025251908871446105,0.07261878022517844,0.16123812960546524,0.7837083098241469
-0.0025251908871446105,0.07261878022517844,0.16123812960546524,0.7837083098241469
-0.0025251908871446105,0.07261878022517844,0.16123812960546524,0.7837083098241469
-0.0025251908871446105,0.07261878022517844,0.16123812960546524,0.7837083098241469
-0.0017774745845977411,0.07334192677345426,0.16142741409966957,0.7836201438694579
-0.0017774745845977411,0.07334192677345426,0.16142741409966957,0.7836201438694579
-0.0006798733844253107,0.0738266982920503,0.16237380796429715,0.7823750724543483
-0.0006798733844253107,0.0738266982920503,0.16237380796429715,0.7823750724543483
-0.0006201932313896582,0.07370512115629288,0.16084419338087863,0.7836793769500815
-0.0006201932313896582,0.07370512115629288,0.16084419338087863,0.7836793769500815
-0.0015862950821277312,0.07408432612211971,0.16102451164422923,0.7845573458629554
-0.0015862950821277312,0.07408432612211971,0.16102451164422923,0.7845573458629554
-0.002491798531071331,0.07392803332321816,0.16251264735923493,0.7835200972558635
-0.0013118673194907856,0.07206536041047724,0.16273803933879571,0.7848244290680035
-0.0007013549038381599,0.07039758980920661,0.16309410599656463,0.7853592834884583
-0.0003506087532092992,0.07203245133602816,0.1618834602531138,0.7844317314390314
-0.002345621445539605,0.0728183603293797,0.1627078959141494,0.7828244361324
-0.002345621445539605,0.0728183603293797,0.1627078959141494,0.7828244361324
-0.002345621445539605,0.0728183603293797,0.1627078959141494,0.7828244361324
-0.002345621445539605,0.0728183603293797,0.1627078959141494,0.7828244361324
-0.002345621445539605,0.0728183603293797,0.1627078959141494,0.7828244361324
-0.0035512011085394478,0.07302513420452901,0.16347908618018706,0.7836596408043591
-0.0035512011085394478,0.07302513420452901,0.16347908618018706,0.7836596408043591
-0.0040405629626204835,0.07440513546026581,0.16421876498936525,0.7817440076054343
-0.0036618761219222094,0.07097138234397668,0.16407972200722049,0.7836133900559493
-0.0036618761219222094,0.07097138234397668,0.16407972200722049,0.7836133900559493
-0.0052370618160669565,0.07208866716789371,0.16389361893711266,0.7833714063611595
-0.005126600788799223,0.07393625167960062,0.1639053643939721,0.7828151684431212
-0.005126600788799223,0.07393625167960062,0.1639053643939721,0.7828151684431212
-0.004807753521145372,0.07341146057529438,0.16451672585528254,0.7822651315325597
-0.0029723163702605315,0.07337452498355644,0.16456762484229137,0.7818105407568186
-0.0038099112367313884,0.07365325959726828,0.16338146049913826,0.7809297265572126
-0.0038099112367313884,0.07365325959726828,0.16338146049913826,0.7809297265572126
-0.004340668640128845,0.0723702683904049,0.16270237877618512,0.7819387220219616
-0.0017301761408963535,0.07341216953040196,0.1637686871673392,0.7839811211420784
-0.0017301761408963535,0.07341216953040196,0.1637686871673392,0.7839811211420784
-0.0017301761408963535,0.07341216953040196,0.1637686871673392,0.7839811211420784
-0.000980480448151945,0.07236595357460063,0.1628906278881766,0.7834247227211664
-0.000980480448151945,0.07236595357460063,0.1628906278881766,0.7834247227211664
-0.000980480448151945,0.07236595357460063,0.1628906278881766,0.7834247227211664
-0.000980480448151945,0.07236595357460063,0.1628906278881766,0.7834247227211664
-0.0018671015852557435,0.07161626563701946,0.1641354796671796,0.7833345981458018
-0.0018671015852557435,0.07161626563701946,0.1641354796671796,0.7833345981458018
-0.0018671015852557435,0.07161626563701946,0.1641354796671796,0.7833345981458018
-0.0027759056336690074,0.07195448813275257,0.16358882768581262,0.7830296631449085
-0.0027759056336690074,0.07195448813275257,0.16358882768581262,0.7830296631449085
-0.004192806336422574,0.07440580942595006,0.16436516081653674,0.7817960634331235
-0.004192806336422574,0.07440580942595006,0.16436516081653674,0.7817960634331235
-0.004192806336422574,0.07440580942595006,0.16436516081653674,0.7817960634331235
-0.004192806336422574,0.07440580942595006,0.16436516081653674,0.7817960634331235
-0.005262933405082247,0.07536850488495372,0.16392351917650894,0.7800546344924142
-0.0037292916285850877,0.07509619264238057,0.16109117983334625,0.7809306968567091
-0.0037292916285850877,0.07509619264238057,0.16109117983334625,0.7809306968567091
-0.004413377736322036,0.07431169860877689,0.1609720223483056,0.7821642684746831
-0.004413377736322036,0.07431169860877689,0.1609720223483056,0.7821642684746831
-0.0038993274571711128,0.07372548905761393,0.16063085101486493,0.7838743440432182
-0.0031006339992311624,0.07325771104681011,0.1600954268120232,0.7841180190093122
-0.0009725548048125552,0.07405060759049152,0.16163120012011434,0.7839332314167946
-0.0009725548048125552,0.07405060759049152,0.16163120012011434,0.7839332314167946
0.00032928615622716925,0.07313934721596294,0.16124363707055658,0.7833085373762348
-2.441665836924392e-05,0.0723647348098763,0.16286437389189473,0.7820370295314969
-2.441665836924392e-05,0.0723647348098763,0.16286437389189473,0.7820370295314969
0.00046104999522225817,0.07192453324694208,0.16311853556311862,0.7838163194322816
0.00046104999522225817,0.07192453324694208,0.16311853556311862,0.7838163194322816
-0.000616922334481281,0.07371204646539403,0.1640019548980192,0.7828436110013144
-0.000616922334481281,0.07371204646539403,0.1640019548980192,0.7828436110013144
-0.000616922334481281,0.07371204646539403,0.1640019548980192,0.7828436110013144
-0.000616922334481281,0.07371204646539403,0.1640019548980192,0.7828436110013144
0.00027714093981868896,0.07425955513929497,0.16346579379767906,0.7812274841680391
0.00027714093981868896,0.07425955513929497,0.16346579379767906,0.7812274841680391
0.00027714093981868896,0.07425955513929497,0.16346579379767906,0.7812274841680391
0.00027714093981868896,0.07425955513929497,0.16346579379767906,0.7812274841680391
0.0024597757660296603,0.0735939237029449,0.16242077196309168,0.7824694376748197
0.0034325960512830355,0.07288647272717902,0.1598341053671064,0.7855578833280189
0.0034325960512830355,0.07288647272717902,0.1598341053671064,0.7855578833280189
0.0023567411991701585,0.07323720466181625,0.16072723057024818,0.7850455852111773
0.0023567411991701585,0.07323720466181625,0.16072723057024818,0.7850455852111773
0.0003297974597421668,0.07270982364825546,0.16190135611161227,0.78466052176401
0.0003297974597421668,0.07270982364825546,0.16190135611161227,0.78466052176401
7.269344347491378e-05,0.07174278001372293,0.15934305433534643,0.7867292155610068
7.269344347491378e-05,0.07174278001372293,0.15934305433534643,0.7867292155610068
0.0012553647249072086,0.07158073435234655,0.15979904281027676,0.7866731190180485
0.0012553647249072086,0.07158073435234655,0.15979904281027676,0.7866731190180485
0.0012553647249072086,0.07158073435234655,0.15979904281027676,0.7866731190180485
0.0012553647249072086,0.07158073435234655,0.15979904281027676,0.7866731190180485
0.0012553647249072086,0.07158073435234655,0.15979904281027676,0.7866731190180485
0.0012553647249072086,0.07158073435234655,0.15979904281027676,0.7866731190180485
-0.0001636127279151466,0.07138754911761236,0.16202647393293335,0.784452720910602
-0.0011563242177401603,0.07342932245705332,0.16402633331321267,0.7822529675337951
-0.0011563242177401603,0.07342932245705332,0.16402633331321267,0.7822529675337951
-0.0017121271178206449,0.07484152032847607,0.16472775963343972,0.7811716562737905
-0.0017121271178206449,0.07484152032847607,0.16472775963343972,0.7811716562737905
-0.0017121271178206449,0.07484152032847607,0.16472775963343972,0.7811716562737905
-0.0017121271178206449,0.07484152032847607,0.16472775963343972,0.7811716562737905
-0.0017121271178206449,0.07484152032847607,0.16472775963343972,0.7811716562737905
-0.0017121271178206449,0.07484152032847607,0.16472775963343972,0.7811716562737905
-0.0017121271178206449,0.07484152032847607,0.16472775963343972,0.7811716562737905
-0.0017121271178206449,0.07484152032847607,0.16472775963343972,0.7811716562737905
-0.0017121271178206449,0.07484152032847607,0.16472775963343972,0.7811716562737905
5.767952608674615e-05,0.07444047643306222,0.16497695693797004,0.7805606411121957
-0.0018226756417689869,0.0757113108588655,0.16540445251627253,0.7788711301976403
-0.0018226756417689869,0.0757113108588655,0.16540445251627253,0.7788711301976403
-0.0018226756417689869,0.0757113108588655,0.16540445251627253,0.7788711301976403
-0.0018226756417689869,0.0757113108588655,0.16540445251627253,0.7788711301976403
-0.003250523923142618,0.07722710585947049,0.16816785855281483,0.7748304270628503
-0.0025305145409784792,0.07639508541816586,0.16802224876134586,0.7765886453088252
-0.0025305145409784792,0.07639508541816586,0.16802224876134586,0.7765886453088252
-0.0025305145409784792,0.07639508541816586,0.16802224876134586,0.7765886453088252
-0.0025305145409784792,0.07639508541816586,0.16802224876134586,0.7765886453088252
0.0002245768502096338,0.0742004058591926,0.1686333634429389,0.7778408645329141
0.0002245768502096338,0.0742004058591926,0.1686333634429389,0.7778408645329141
0.0011831333404243149,0.07486693662912902,0.16827290140083512,0.7779061957928287
0.002694012632340932,0.07459655979723206,0.16693380982214273,0.7789516610083255
0.002694012632340932,0.07459655979723206,0.16693380982214273,0.7789516610083255
0.002694012632340932,0.07459655979723206,0.16693380982214273,0.7789516610083255
0.001969736908538959,0.07321100891848144,0.16543706759030988,0.7812468682740678
0.0023864852792200137,0.07237697025471954,0.1671150237218301,0.7804227319859158
0.0023864852792200137,0.07237697025471954,0.1671150237218301,0.7804227319859158
0.0023864852792200137,0.07237697025471954,0.1671150237218301,0.7804227319859158
0.0023864852792200137,0.07237697025471954,0.1671150237218301,0.7804227319859158
0.0023864852792200137,0.07237697025471954,0.1671150237218301,0.7804227319859158
0.0014702487847806033,0.07400997233566427,0.16764940612837445,0.7783159023336931
0.0007478628591656532,0.07494005758450756,0.1680360721607471,0.7776558292969259
0.0012086931993134941,0.07415857165245644,0.16883099767377177,0.7779417649612261
0.0014219590164443448,0.07370780278298215,0.16770851650670388,0.7794742041854265
0.0014976805641857792,0.0748715323840813,0.16837681604966215,0.7774284331795208
0.0014976805641857792,0.0748715323840813,0.16837681604966215,0.7774284331795208
0.0015226371995348252,0.07457351613067426,0.1686665214956938,0.7779985372550725
0.0015226371995348252,0.07457351613067426,0.1686665214956938,0.7779985372550725
0.001883102446737978,0.07467724475795977,0.16620372388442312,0.7793325531031544
0.001883102446737978,0.07467724475795977,0.16620372388442312,0.7793325531031544
0.001883102446737978,0.07467724475795977,0.16620372388442312,0.7793325531031544
0.001883102446737978,0.07467724475795977,0.16620372388442312,0.7793325531031544
0.00334892729486608,0.07435265380539498,0.1671611733264109,0.7784962559011335
0.0033391962830880335,0.07597523092747654,0.16610899362740777,0.778793306165929
0.004443706573451554,0.07491214087684384,0.16591080090501342,0.7798847202701276
0.004073086683170526,0.07538253283545807,0.16750898482155324,0.7778845080313004
0.004073086683170526,0.07538253283545807,0.16750898482155324,0.7778845080313004
0.0028837132211088747,0.07716457181842962,0.16692805455736306,0.7770552258609558
0.005021835440579006,0.07678460789690952,0.16713510976074583,0.7762194096967798
0.005021835440579006,0.07678460789690952,0.16713510976074583,0.7762194096967798
0.005021835440579006,0.07678460789690952,0.16713510976074583,0.7762194096967798
0.005021835440579006,0.07678460789690952,0.16713510976074583,0.7762194096967798
0.005021835440579006,0.07678460789690952,0.16713510976074583,0.7762194096967798
0.00697642707141964,0.07661447554738025,0.16758632110678806,0.776289601494174
0.00697642707141964,0.07661447554738025,0.16758632110678806,0.776289601494174
0.00697642707141964,0.07661447554738025,0.16758632110678806,0.776289601494174
0.00697642707141964,0.07661447554738025,0.16758632110678806,0.776289601494174
0.00697642707141964,0.07661447554738025,0.16758632110678806,0.776289601494174
0.00697642707141964,0.07661447554738025,0.16758632110678806,0.776289601494174
0.00697642707141964,0.07661447554738025,0.16758632110678806,0.776289601494174
0.00697642707141964,0.07661447554738025,0.16758632110678806,0.776289601494174
0.00697642707141964,0.07661447554738025,0.16758632110678806,0.776289601494174
0.0068694280080224025,0.07448864731251477,0.16547893759128562,0.7787455106575683
0.0068694280080224025,0.07448864731251477,0.16547893759128562,0.7787455106575683
0.005815333837961641,0.07519650159407278,0.16412495296857316,0.7788825222804815
0.0066034882737975795,0.07662434970631005,0.16368560910118016,0.7781394403416548
0.0066034882737975795,0.07662434970631005,0.16368560910118016,0.7781394403416548
0.004417847092589666,0.07406277855158493,0.162236804488477,0.7804666854595715
0.004314204433618486,0.07397349111182672,0.16335144992545395,0.7818089767496555
0.004314204433618486,0.07397349111182672,0.16335144992545395,0.7818089767496555
0.004314204433618486,0.07397349111182672,0.16335144992545395,0.7818089767496555
0.006446789527469002,0.07231208490913964,0.16199146915784934,0.7845684411829879
0.005265277188754216,0.07347157277051777,0.16155816579337656,0.7837938330192339
0.005265277188754216,0.07347157277051777,0.16155816579337656,0.7837938330192339
0.005265277188754216,0.07347157277051777,0.16155816579337656,0.7837938330192339
0.0019700435973332465,0.07406099275901934,0.16006008441986977,0.7853568812741002
0.0019700435973332465,0.07406099275901934,0.16006008441986977,0.7853568812741002
0.0035192350902434576,0.07174522875041248,0.16019688113992728,0.7855326050840933
0.0048276705377493885,0.07105403190515455,0.15932107171951213,0.7868125849134839
0.0037380847811201378,0.07074932148519021,0.15889550703996552,0.7872721205403046
0.0037380847811201378,0.07074932148519021,0.15889550703996552,0.7872721205403046
0.005163640131540052,0.072249294283581,0.15813653950835155,0.7864551248370638
0.005163640131540052,0.072249294283581,0.15813653950835155,0.7864551248370638
0.005163640131540052,0.072249294283581,0.15813653950835155,0.7864551248370638
0.005163640131540052,0.072249294283581,0.15813653950835155,0.7864551248370638
0.005600399316988224,0.07143485436849542,0.15802217084265835,0.7882566743645342
0.005304803630942392,0.07147085375622955,0.15979849440372026,0.7862846598699208
0.004634535721748815,0.07101133799012829,0.1597249623901737,0.786378156553088
0.004634535721748815,0.07101133799012829,0.1597249623901737,0.786378156553088
0.004089296687842457,0.07274671680547318,0.15886351081972536,0.7851644373090323
0.0032895898319748058,0.07326317700429562,0.1596822779814335,0.7834380162775096
0.0032895898319748058,0.07326317700429562,0.1596822779814335,0.7834380162775096
0.006005613911117931,0.07314377617162751,0.15990907257731804,0.7842434831025207
0.006005613911117931,0.07314377617162751,0.15990907257731804,0.7842434831025207
0.005585102846891534,0.07399741573202985,0.16083036420457847,0.7838829442633819
0.005004997772123191,0.07457108020770009,0.16083097740438576,0.783602221717096
0.005004997772123191,0.07457108020770009,0.16083097740438576,0.783602221717096
0.005004997772123191,0.07457108020770009,0.16083097740438576,0.783602221717096
0.0028057192738776245,0.07543161482248215,0.16212295481467398,0.7816450402485137
0.0028057192738776245,0.07543161482248215,0.16212295481467398,0.7816450402485137
0.0028057192738776245,0.07543161482248215,0.16212295481467398,0.7816450402485137
0.0028057192738776245,0.07543161482248215,0.16212295481467398,0.7816450402485137
0.0028057192738776245,0.07543161482248215,0.16212295481467398,0.7816450402485137
0.0028057192738776245,0.07543161482248215,0.16212295481467398,0.7816450402485137
0.0028057192738776245,0.07543161482248215,0.16212295481467398,0.7816450402485137
0.0028057192738776245,0.07543161482248215,0.16212295481467398,0.7816450402485137
0.0028057192738776245,0.07543161482248215,0.16212295481467398,0.7816450402485137
0.0028057192738776245,0.07543161482248215,0.16212295481467398,0.7816450402485137
0.00317494602210655,0.07406190553293404,0.1619822869817041,0.7819141737345124
0.00317494602210655,0.07406190553293404,0.1619822869817041,0.7819141737345124
0.0010856568017028538,0.07336108190483696,0.16362919295972433,0.7810181427662718
0.0010856568017028538,0.07336108190483696,0.16362919295972433,0.7810181427662718
0.0010856568017028538,0.07336108190483696,0.16362919295972433,0.7810181427662718
0.000692909378357731,0.07222995747480587,0.16337860223516593,0.7819652275087003
0.000692909378357731,0.07222995747480587,0.16337860223516593,0.7819652275087003
0.000594314916709625,0.07146049794437713,0.16451495732017213,0.7818055727257731
0.0008139550708480684,0.07082376790081235,0.1639964593873239,0.7834393965870341
0.0008139550708480684,0.07082376790081235,0.1639964593873239,0.7834393965870341
0.0008139550708480684,0.07082376790081235,0.1639964593873239,0.7834393965870341
0.000129470974320771,0.07306164115073728,0.16199181601217266,0.7824003093099235
0.000129470974320771,0.07306164115073728,0.16199181601217266,0.7824003093099235
0.000129470974320771,0.07306164115073728,0.16199181601217266,0.7824003093099235
0.000129470974320771,0.07306164115073728,0.16199181601217266,0.7824003093099235
0.000633856753131978,0.07215357851194064,0.16208799358324624,0.783610271325436
0.000633856753131978,0.07215357851194064,0.16208799358324624,0.783610271325436
0.0017949648342901765,0.07071417034224903,0.16010600883043788,0.7861419182878534
0.001922298873110789,0.07126974559941056,0.16021918798669232,0.7849886107472076
0.001922298873110789,0.07126974559941056,0.16021918798669232,0.7849886107472076
0.001922298873110789,0.07126974559941056,0.16021918798669232,0.7849886107472076
0.0017208771226714802,0.07335738141748795,0.16106813108729495,0.7827996371873092
-0.00021346102798820775,0.07485606422616198,0.1631639153843062,0.7812827609766787
-0.00021346102798820775,0.07485606422616198,0.1631639153843062,0.7812827609766787
-0.00021346102798820775,0.07485606422616198,0.1631639153843062,0.7812827609766787
0.0007999809879075783,0.07494265457610554,0.16247069409972884,0.7807822700859389
0.0031226113921190356,0.0735830228878032,0.1624348251385883,0.7818189497274445
0.0031226113921190356,0.0735830228878032,0.1624348251385883,0.7818189497274445
0.0031226113921190356,0.0735830228878032,0.1624348251385883,0.7818189497274445
0.0031226113921190356,0.0735830228878032,0.1624348251385883,0.7818189497274445
0.0031226113921190356,0.0735830228878032,0.1624348251385883,0.7818189497274445
0.0024966237471175756,0.07200281501016718,0.16169240823941208,0.7837587260020833
0.0014309752020090405,0.07195368525113068,0.16070220376154445,0.7854197228410181
0.0014309752020090405,0.07195368525113068,0.16070220376154445,0.7854197228410181
0.0014309752020090405,0.07195368525113068,0.16070220376154445,0.7854197228410181
0.0014309752020090405,0.07195368525113068,0.16070220376154445,0.7854197228410181
0.0006218592140316584,0.07079009250813005,0.16015420691275603,0.7870378856338086
0.0006218592140316584,0.07079009250813005,0.16015420691275603,0.7870378856338086
0.0006218592140316584,0.07079009250813005,0.16015420691275603,0.7870378856338086
0.0006218592140316584,0.07079009250813005,0.16015420691275603,0.7870378856338086
0.0006218592140316584,0.07079009250813005,0.16015420691275603,0.7870378856338086
0.0006218592140316584,0.07079009250813005,0.16015420691275603,0.7870378856338086
-0.0017763178096305027,0.07149313782547562,0.16192569573399754,0.7866029366018897
-0.0017763178096305027,0.07149313782547562,0.16192569573399754,0.7866029366018897
-0.003648972425216045,0.06923921567206359,0.1613295404211877,0.7870670333482918
-0.003648972425216045,0.06923921567206359,0.1613295404211877,0.7870670333482918
-0.003648972425216045,0.06923921567206359,0.1613295404211877,0.7870670333482918
-0.003648972425216045,0.06923921567206359,0.1613295404211877,0.7870670333482918
-0.003648972425216045,0.06923921567206359,0.1613295404211877,0.7870670333482918
-0.003766726404272269,0.07067697846495946,0.1627395220636618,0.7848498038306645
-0.0040684562396125,0.06931859684847994,0.16505449522981272,0.7836950846357865
-0.0064006722575751206,0.07085817893555313,0.16386493633697882,0.7834859905970915
-0.0048896205856954365,0.07030759627011271,0.1653190888570927,0.7829584924948
-0.005137574533013017,0.07101523079611613,0.16399911268912182,0.78244238693535
-0.005137574533013017,0.07101523079611613,0.16399911268912182,0.78244238693535
-0.005137574533013017,0.07101523079611613,0.16399911268912182,0.78244238693535
-0.005137574533013017,0.07101523079611613,0.16399911268912182,0.78244238693535
-0.005137574533013017,0.07101523079611613,0.16399911268912182,0.78244238693535
-0.005137574533013017,0.07101523079611613,0.16399911268912182,0.78244238693535
-0.005137574533013017,0.07101523079611613,0.16399911268912182,0.78244238693535
-0.0045250525402215115,0.07062219736549365,0.16283175739156736,0.7835661412279871
-0.0045250525402215115,0.07062219736549365,0.16283175739156736,0.7835661412279871
-0.0021299511455977822,0.070864427716744,0.16467645100916103,0.7820373814355972
-0.004173851056471128,0.07248581307675295,0.1635578471846999,0.7831749796305937
-0.004173851056471128,0.07248581307675295,0.1635578471846999,0.7831749796305937
-0.004173851056471128,0.07248581307675295,0.1635578471846999,0.7831749796305937
-0.004173851056471128,0.07248581307675295,0.1635578471846999,0.7831749796305937
-0.004173851056471128,0.07248581307675295,0.1635578471846999,0.7831749796305937
-0.005700983130090542,0.07190642896829509,0.1626476597141816,0.7832638322667175
-0.005700983130090542,0.07190642896829509,0.1626476597141816,0.7832638322667175
-0.002323177823278523,0.07076163308602033,0.1648964982488617,0.7825167223629771
-0.002323177823278523,0.07076163308602033,0.1648964982488617,0.7825167223629771
0.0002515676967023658,0.0711724608474597,0.1639561469245621,0.7831085668617827
0.0002515676967023658,0.0711724608474597,0.1639561469245621,0.7831085668617827
0.0002515676967023658,0.0711724608474597,0.1639561469245621,0.7831085668617827
0.0002515676967023658,0.0711724608474597,0.1639561469245621,0.7831085668617827
0.00017577105531969427,0.07175296517409833,0.165351239028018,0.7821288345244617
0.0009642688050513044,0.07328579041430798,0.16584997408623423,0.7817362712999315
0.001449981142566014,0.072545179784109,0.16495153313080002,0.7814311646701975
0.001449981142566014,0.072545179784109,0.16495153313080002,0.7814311646701975
0.001449981142566014,0.072545179784109,0.16495153313080002,0.7814311646701975
0.001449981142566014,0.072545179784109,0.16495153313080002,0.7814311646701975
0.0023533970304893187,0.07381370062564503,0.1641364703276549,0.7814806867122921
0.0020161375022948115,0.07334252720440287,0.1635332422019164,0.7823448525717894
0.0022850331047474994,0.07403070294496836,0.16244252229709133,0.7829242560259673
0.0022850331047474994,0.07403070294496836,0.16244252229709133,0.7829242560259673
-0.00018492565087315296,0.07356551116077496,0.16088397352528266,0.7829458450915957
-0.00018492565087315296,0.07356551116077496,0.16088397352528266,0.7829458450915957
0.0012418394940448762,0.07516074907483844,0.1618210130588272,0.7822556806099213
0.0012418394940448762,0.07516074907483844,0.1618210130588272,0.7822556806099213
0.0012418394940448762,0.07516074907483844,0.1618210130588272,0.7822556806099213
0.0012418394940448762,0.07516074907483844,0.1618210130588272,0.7822556806099213
0.0012418394940448762,0.07516074907483844,0.1618210130588272,0.7822556806099213
0.001994584131068478,0.07453738234456891,0.16230593264875032,0.7815897039106078
0.0007100317412245905,0.07407328422035482,0.16165677006363208,0.7805566379664804
0.0007100317412245905,0.07407328422035482,0.16165677006363208,0.7805566379664804
-5.197922847399554e-05,0.07562748565828901,0.16129151504126255,0.7815849751209789
-5.197922847399554e-05,0.07562748565828901,0.16129151504126255,0.7815849751209789
-0.0008278549591895109,0.07489323280812163,0.16171023737996082,0.7826269112513107
-0.0008278549591895109,0.07489323280812163,0.16171023737996082,0.7826269112513107
0.001201431901127819,0.07615571157026489,0.16126438997247047,0.7807364784764577
0.001201431901127819,0.07615571157026489,0.16126438997247047,0.7807364784764577
0.001201431901127819,0.07615571157026489,0.16126438997247047,0.7807364784764577
0.001650373218561034,0.0755624635740822,0.1625812506089745,0.7815594347907582
0.001650373218561034,0.0755624635740822,0.1625812506089745,0.7815594347907582
0.001650373218561034,0.0755624635740822,0.1625812506089745,0.7815594347907582
0.001650373218561034,0.0755624635740822,0.1625812506089745,0.7815594347907582
0.001650373218561034,0.0755624635740822,0.1625812506089745,0.7815594347907582
0.001650373218561034,0.0755624635740822,0.1625812506089745,0.7815594347907582
-0.0011886178944258115,0.07417788403296893,0.16272118347362435,0.7810929840519915
-0.0011886178944258115,0.07417788403296893,0.16272118347362435,0.7810929840519915
-0.0013979401363800467,0.07499916494160462,0.16013975633869873,0.7816358531464435
-0.0013979401363800467,0.07499916494160462,0.16013975633869873,0.7816358531464435
-0.0013979401363800467,0.07499916494160462,0.16013975633869873,0.7816358531464435
-0.0013979401363800467,0.07499916494160462,0.16013975633869873,0.7816358531464435
-0.001362645004654518,0.0751307161753498,0.1592030140953315,0.7840014930447954
0.0014120019258333527,0.07683848202181243,0.1597565349620229,0.781947715143638
-0.0010656781394832579,0.07589213200276751,0.1599401546191665,0.782159964420002
-0.0010656781394832579,0.07589213200276751,0.1599401546191665,0.782159964420002
-0.0010656781394832579,0.07589213200276751,0.1599401546191665,0.782159964420002
-4.2463478782338825e-07,0.07465496758081408,0.16035396809406868,0.7813267736082817
-4.2463478782338825e-07,0.07465496758081408,0.16035396809406868,0.7813267736082817
0.0009241900429791643,0.07607056307110172,0.16171668872212747,0.7792243263610745
-0.0020216144102402425,0.07380503892536165,0.1618389968097771,0.7820198787857735
-0.0020216144102402425,0.07380503892536165,0.1618389968097771,0.7820198787857735
-0.002872516954509085,0.072895894007821,0.16524315969411113,0.7801285891536776
-0.002872516954509085,0.072895894007821,0.16524315969411113,0.7801285891536776
-0.002872516954509085,0.072895894007821,0.16524315969411113,0.7801285891536776
-0.002872516954509085,0.072895894007821,0.16524315969411113,0.7801285891536776
-0.002872516954509085,0.072895894007821,0.16524315969411113,0.7801285891536776
-0.002872516954509085,0.072895894007821,0.16524315969411113,0.7801285891536776
-0.0032749478096888575,0.07254147850323686,0.16593651888741476,0.7805358106586432
-0.0032749478096888575,0.07254147850323686,0.16593651888741476,0.7805358106586432
-0.002044268544457331,0.07349419963838498,0.16637602823320485,0.7805479301086491
-0.002044268544457331,0.07349419963838498,0.16637602823320485,0.7805479301086491
0.0012565151273991968,0.07285171389236,0.1663773731914968,0.780940020057964
0.0012565151273991968,0.07285171389236,0.1663773731914968,0.780940020057964
0.0012565151273991968,0.07285171389236,0.1663773731914968,0.780940020057964
0.0015286053264385328,0.07306794207944124,0.16607947654443736,0.7814438740424007
0.0015286053264385328,0.07306794207944124,0.16607947654443736,0.7814438740424007
0.0015286053264385328,0.07306794207944124,0.16607947654443736,0.7814438740424007
0.003666026530142804,0.07306149268946699,0.16717945321268415,0.7793080470926699
0.003666026530142804,0.07306149268946699,0.16717945321268415,0.7793080470926699
0.0020551200553678038,0.07268088025197471,0.16818273479354057,0.7777859845441039
0.0020551200553678038,0.07268088025197471,0.16818273479354057,0.7777859845441039
0.0005766919685124658,0.07138421498042223,0.16936974875228622,0.777718721587959
-0.0006579469104546647,0.06970979385099897,0.16965402857287568,0.7797056104697577
-0.0011226390623034282,0.07094172123835268,0.1700779831132199,0.7779076821218879
-0.0011226390623034282,0.07094172123835268,0.1700779831132199,0.7779076821218879
-0.0009746899908511796,0.06952698884553216,0.1695276899400231,0.7809560623497092
-0.0009746899908511796,0.06952698884553216,0.1695276899400231,0.7809560623497092
-0.0009746899908511796,0.06952698884553216,0.1695276899400231,0.7809560623497092
-0.0009746899908511796,0.06952698884553216,0.1695276899400231,0.7809560623497092
-0.001679064460819866,0.07079343995629155,0.16927523404877912,0.7799668606994529
-0.001679064460819866,0.07079343995629155,0.16927523404877912,0.7799668606994529
-0.001679064460819866,0.07079343995629155,0.16927523404877912,0.7799668606994529
-0.00319146408754394,0.07328115368294776,0.16894083965125073,0.7773028736766854
-0.002728817142886395,0.07278531196247719,0.16942092326550268,0.7789577052993677
-0.002728817142886395,0.07278531196247719,0.16942092326550268,0.7789577052993677
-0.0026808837487516863,0.07193010580504423,0.1693217862665151,0.7792223819951617
-0.0028997094501584555,0.07324176291791148,0.16705998729449306,0.7809369545209035
-0.0031711720106605335,0.07286192858420784,0.16301503222059885,0.7818224798996777
-0.0031711720106605335,0.07286192858420784,0.16301503222059885,0.7818224798996777
-0.0031711720106605335,0.07286192858420784,0.16301503222059885,0.7818224798996777
-0.0019718411909801672,0.07253271592701921,0.16316864382739008,0.7814377784062307
-0.0019718411909801672,0.07253271592701921,0.16316864382739008,0.7814377784062307
-0.0019718411909801672,0.07253271592701921,0.16316864382739008,0.7814377784062307
-0.0019718411909801672,0.07253271592701921,0.16316864382739008,0.7814377784062307
-0.0019718411909801672,0.07253271592701921,0.16316864382739008,0.7814377784062307
-0.0019718411909801672,0.07253271592701921,0.16316864382739008,0.7814377784062307
-0.002564708535819358,0.0729669488456956,0.16295022905693238,0.7815630757534772
-0.002564708535819358,0.0729669488456956,0.16295022905693238,0.7815630757534772
-0.002564708535819358,0.0729669488456956,0.16295022905693238,0.7815630757534772
-0.002564708535819358,0.0729669488456956,0.16295022905693238,0.7815630757534772
-0.002564708535819358,0.0729669488456956,0.16295022905693238,0.7815630757534772
-0.004217428390526838,0.07421631117456877,0.16387489063510874,0.7802924380273292
-0.004217428390526838,0.07421631117456877,0.16387489063510874,0.7802924380273292
-0.004229218711532009,0.07398821859348424,0.16211840174102654,0.7830402307427469
-0.0029179428994239027,0.07412259579701189,0.161878644506242,0.7830957762126688
-0.006218166980646669,0.07306936932942426,0.1620333020023296,0.7836686023883572
-0.0045984474875366485,0.07254159891161102,0.16249949335897726,0.7820099849801017
-0.005528751663073354,0.07266865080115317,0.16194583940597584,0.7830209581157342
-0.004580100386473954,0.07278809932528789,0.16248254843003465,0.782106405582469
-0.004580100386473954,0.07278809932528789,0.16248254843003465,0.782106405582469
-0.004580100386473954,0.07278809932528789,0.16248254843003465,0.782106405582469
-0.004580100386473954,0.07278809932528789,0.16248254843003465,0.782106405582469
-0.004580100386473954,0.07278809932528789,0.16248254843003465,0.782106405582469
-0.004580100386473954,0.07278809932528789,0.16248254843003465,0.782106405582469
-0.004580100386473954,0.07278809932528789,0.16248254843003465,0.782106405582469
-0.0034478138103370775,0.07310974846481048,0.16329898145289676,0.7816779990368375
-0.0030966787801626834,0.07161133211361868,0.1599693984326508,0.7858598009863298
-0.0030966787801626834,0.07161133211361868,0.1599693984326508,0.7858598009863298
-0.0030966787801626834,0.07161133211361868,0.1599693984326508,0.7858598009863298
-0.0033460116641267543,0.0713244140597628,0.16186214896716125,0.7858142956803987
-0.0015798398563093138,0.07259866301347563,0.16054974079174422,0.7865141332874449
-0.0015051664927197821,0.0722445051376149,0.1608293667330395,0.7853616656283469
-0.0011707769321184036,0.07300041879461344,0.16145972832979041,0.7851892951882526
-0.0011707769321184036,0.07300041879461344,0.16145972832979041,0.7851892951882526
-0.0011707769321184036,0.07300041879461344,0.16145972832979041,0.7851892951882526
-0.0011707769321184036,0.07300041879461344,0.16145972832979041,0.7851892951882526
-0.0004772801990522317,0.07458203485906434,0.16026017654214464,0.7832468197303154
-0.001148992827514681,0.07570254246919865,0.16106023634657382,0.7819571314489034
-0.001148992827514681,0.07570254246919865,0.16106023634657382,0.7819571314489034
-0.001148992827514681,0.07570254246919865,0.16106023634657382,0.7819571314489034
-0.001148992827514681,0.07570254246919865,0.16106023634657382,0.7819571314489034
-0.001148992827514681,0.07570254246919865,0.16106023634657382,0.7819571314489034
0.0001397734862561117,0.07551490655313334,0.1626525964530756,0.7812344464341352
0.0001397734862561117,0.07551490655313334,0.1626525964530756,0.7812344464341352
0.0019889300134707175,0.07380801882680528,0.1619208522469477,0.7832787029027438
0.0005919169319309719,0.07596089472023296,0.16129282101942286,0.7820602335156916
0.0005919169319309719,0.07596089472023296,0.16129282101942286,0.7820602335156916
0.000572053808442218,0.07611471314419452,0.16230874877744986,0.7795756043525084
0.000572053808442218,0.07611471314419452,0.16230874877744986,0.7795756043525084
-0.0028801242366149277,0.07613383906605545,0.1626453936499342,0.7803784796091259
-0.0028801242366149277,0.07613383906605545,0.1626453936499342,0.7803784796091259
-0.0037855531665261354,0.07605784193614339,0.16398775812266006,0.7790337882615123
-0.0027146173664983593,0.0761760317579515,0.16350656822221835,0.7788941522738955
-0.0027146173664983593,0.0761760317579515,0.16350656822221835,0.7788941522738955
-0.0027146173664983593,0.0761760317579515,0.16350656822221835,0.7788941522738955
-0.0027146173664983593,0.0761760317579515,0.16350656822221835,0.7788941522738955
-0.0027146173664983593,0.0761760317579515,0.16350656822221835,0.7788941522738955
-0.0027146173664983593,0.0761760317579515,0.16350656822221835,0.7788941522738955
-0.0027146173664983593,0.0761760317579515,0.16350656822221835,0.7788941522738955
-0.0027146173664983593,0.0761760317579515,0.16350656822221835,0.7788941522738955
-0.0027146173664983593,0.0761760317579515,0.16350656822221835,0.7788941522738955
-0.0035034238277724386,0.07440093014094441,0.16458442167986503,0.779594837573385
-0.0035034238277724386,0.07440093014094441,0.16458442167986503,0.779594837573385
-0.001946691429134824,0.07384490957066377,0.16334063983163444,0.7815725687257775
-0.001946691429134824,0.07384490957066377,0.16334063983163444,0.7815725687257775
-0.001946691429134824,0.07384490957066377,0.16334063983163444,0.7815725687257775
-0.001946691429134824,0.07384490957066377,0.16334063983163444,0.7815725687257775
-0.001946691429134824,0.07384490957066377,0.16334063983163444,0.7815725687257775
-0.001946691429134824,0.07384490957066377,0.16334063983163444,0.7815725687257775
-0.0021157641061755736,0.07365941983669687,0.16330730043570504,0.7807800038541507
-0.0021157641061755736,0.07365941983669687,0.16330730043570504,0.7807800038541507
-0.0021157641061755736,0.07365941983669687,0.16330730043570504,0.7807800038541507
-0.0021157641061755736,0.07365941983669687,0.16330730043570504,0.7807800038541507
-0.0021157641061755736,0.07365941983669687,0.16330730043570504,0.7807800038541507
-0.0021157641061755736,0.07365941983669687,0.16330730043570504,0.7807800038541507
-0.0010799600759518796,0.07561865468232741,0.1639668226269167,0.7793412113533452
-0.0009018235598494967,0.07486463015460249,0.16446228252771863,0.7795239779572406
-0.0009018235598494967,0.07486463015460249,0.16446228252771863,0.7795239779572406
-0.0009018235598494967,0.07486463015460249,0.16446228252771863,0.7795239779572406
-0.0009018235598494967,0.07486463015460249,0.16446228252771863,0.7795239779572406
-0.0009018235598494967,0.07486463015460249,0.16446228252771863,0.7795239779572406
-0.0009018235598494967,0.07486463015460249,0.16446228252771863,0.7795239779572406
-0.0012708710521854856,0.07422538492170905,0.16416161175946084,0.7811368618530613
-0.0012708710521854856,0.07422538492170905,0.16416161175946084,0.7811368618530613
7.931279190767377e-06,0.07565336939365333,0.1612358200125973,0.7827631366670796
7.931279190767377e-06,0.07565336939365333,0.1612358200125973,0.7827631366670796
7.931279190767377e-06,0.07565336939365333,0.1612358200125973,0.7827631366670796
-0.00041636796360353074,0.0764429367984931,0.16106411853667127,0.7804181194515671
-0.0010434024485810242,0.07577537696310471,0.16374319733780554,0.7791102673193656
-0.0010434024485810242,0.07577537696310471,0.16374319733780554,0.7791102673193656
-0.0010434024485810242,0.07577537696310471,0.16374319733780554,0.7791102673193656
-0.0010434024485810242,0.07577537696310471,0.16374319733780554,0.7791102673193656
-0.0010434024485810242,0.07577537696310471,0.16374319733780554,0.7791102673193656
-0.0010434024485810242,0.07577537696310471,0.16374319733780554,0.7791102673193656
-0.0010434024485810242,0.07577537696310471,0.16374319733780554,0.7791102673193656
-0.0010434024485810242,0.07577537696310471,0.16374319733780554,0.7791102673193656
-0.0010434024485810242,0.07577537696310471,0.16374319733780554,0.7791102673193656
-0.0010434024485810242,0.07577537696310471,0.16374319733780554,0.7791102673193656
-0.0010434024485810242,0.07577537696310471,0.16374319733780554,0.7791102673193656
-0.0029942892727399667,0.07584343402031787,0.16389944756947067,0.7792183151048119
-0.0023334140932741027,0.07563047179390832,0.16312646812834772,0.7798152167551741
0.0004479253823562253,0.07708024717900348,0.16346023894745051,0.7790708703291939
0.0004479253823562253,0.07708024717900348,0.16346023894745051,0.7790708703291939
-0.0006188112064404181,0.07675283363616513,0.16266907101672,0.778744796219762
0.002059812949632703,0.07713992988367468,0.16448688128199707,0.7762978806398309
0.0017501932406840987,0.07532167018259257,0.16626053681060185,0.7761100198096419
0.0005409121825934759,0.07630204012509421,0.16799477382456113,0.7746980996681788
-0.000724016043665543,0.07580280027412663,0.16746921753105623,0.7755210180516753
-0.000724016043665543,0.07580280027412663,0.16746921753105623,0.7755210180516753
-0.0006756121996755072,0.07561259455661122,0.16907458751839363,0.7764854863196887
-0.0006756121996755072,0.07561259455661122,0.16907458751839363,0.7764854863196887
-0.0010871099320477117,0.07531845948889909,0.1687068077287837,0.7764755912736662
-0.0010871099320477117,0.07531845948889909,0.1687068077287837,0.7764755912736662
-0.0010871099320477117,0.07531845948889909,0.1687068077287837,0.7764755912736662
0.00010122954057815037,0.07524675957773769,0.1686892399480344,0.7763700324877213
0.00010122954057815037,0.07524675957773769,0.1686892399480344,0.7763700324877213
0.00010122954057815037,0.07524675957773769,0.1686892399480344,0.7763700324877213
0.00010122954057815037,0.07524675957773769,0.1686892399480344,0.7763700324877213
-0.0005058067442332444,0.0721786411392441,0.16528714394246963,0.7802476052660474
-0.0012702809484007914,0.07242096257386849,0.16644941523797574,0.7803095602088645
-0.0012702809484007914,0.07242096257386849,0.16644941523797574,0.7803095602088645
-0.00046031875452316317,0.07420371335715525,0.16790759158687624,0.77742852979445
0.0011213032870202697,0.07591675604082203,0.16557924725754392,0.7778476705138189
0.0011213032870202697,0.07591675604082203,0.16557924725754392,0.7778476705138189
0.0011213032870202697,0.07591675604082203,0.16557924725754392,0.7778476705138189
0.0011213032870202697,0.07591675604082203,0.16557924725754392,0.7778476705138189
0.0011213032870202697,0.07591675604082203,0.16557924725754392,0.7778476705138189
0.0011213032870202697,0.07591675604082203,0.16557924725754392,0.7778476705138189
0.0011213032870202697,0.07591675604082203,0.16557924725754392,0.7778476705138189
0.0011213032870202697,0.07591675604082203,0.16557924725754392,0.7778476705138189
0.0011213032870202697,0.07591675604082203,0.16557924725754392,0.7778476705138189
0.00025085728005445787,0.07561989989659317,0.16522887945070266,0.7778997996517507
-0.0012581625236281148,0.07364778148282607,0.1658555819239497,0.7805500679590398
-0.0012581625236281148,0.07364778148282607,0.1658555819239497,0.7805500679590398
-0.0012581625236281148,0.07364778148282607,0.1658555819239497,0.7805500679590398
-0.0002458929175885309,0.07213177386426395,0.16448784904768363,0.7817315959950304
-0.0002458929175885309,0.07213177386426395,0.16448784904768363,0.7817315959950304
-0.0002458929175885309,0.07213177386426395,0.16448784904768363,0.7817315959950304
-0.0002458929175885309,0.07213177386426395,0.16448784904768363,0.7817315959950304
0.000745128374753137,0.07145858539339782,0.16357427575500696,0.7828392339232554
-0.0011145659107447963,0.07239588661383202,0.16324046004487278,0.7837430599026214
-0.0011145659107447963,0.07239588661383202,0.16324046004487278,0.7837430599026214
-0.0011145659107447963,0.07239588661383202,0.16324046004487278,0.7837430599026214
-0.0011145659107447963,0.07239588661383202,0.16324046004487278,0.7837430599026214
-0.0011145659107447963,0.07239588661383202,0.16324046004487278,0.7837430599026214
-0.0011145659107447963,0.07239588661383202,0.16324046004487278,0.7837430599026214
-0.0011145659107447963,0.07239588661383202,0.16324046004487278,0.7837430599026214
-0.0035406183734274657,0.07204208346553752,0.16411518368065614,0.7839829065028656
-0.0035406183734274657,0.07204208346553752,0.16411518368065614,0.7839829065028656
-0.0035406183734274657,0.07204208346553752,0.16411518368065614,0.7839829065028656
-0.0013878361458512958,0.07124911951914631,0.16559525752306267,0.7816488830447282
0.0006954481545231529,0.07085034713138263,0.16526957114116442,0.782293940527074
0.0006954481545231529,0.07085034713138263,0.16526957114116442,0.782293940527074
0.0006954481545231529,0.07085034713138263,0.16526957114116442,0.782293940527074
0.0006954481545231529,0.07085034713138263,0.16526957114116442,0.782293940527074
0.0006954481545231529,0.07085034713138263,0.16526957114116442,0.782293940527074
-0.001410454279172091,0.07063466331971163,0.16270700253156045,0.7856083945028388
-0.001410454279172091,0.07063466331971163,0.16270700253156045,0.7856083945028388
-0.002783849853288165,0.07029648810961667,0.16055049829212095,0.7867978005017358
-0.0006321199057073399,0.07099448230017552,0.15898287217593282,0.7875572258662096
-2.622522060998281e-05,0.07126948747625676,0.1600766263039723,0.7863307379320165
-0.0006712513312063311,0.07170957281201584,0.16016816048672425,0.7858733615961797
-0.0006712513312063311,0.07170957281201584,0.16016816048672425,0.7858733615961797
-0.0009599389574017395,0.0719210421840781,0.16080943494781422,0.7862293948496161
-0.0009599389574017395,0.0719210421840781,0.16080943494781422,0.7862293948496161
-0.0009599389574017395,0.0719210421840781,0.16080943494781422,0.7862293948496161
-0.0009599389574017395,0.0719210421840781,0.16080943494781422,0.7862293948496161
-0.0009599389574017395,0.0719210421840781,0.16080943494781422,0.7862293948496161
-0.0009599389574017395,0.0719210421840781,0.16080943494781422,0.7862293948496161
-0.0009599389574017395,0.0719210421840781,0.16080943494781422,0.7862293948496161
-0.0009599389574017395,0.0719210421840781,0.16080943494781422,0.7862293948496161
-0.0009599389574017395,0.0719210421840781,0.16080943494781422,0.7862293948496161
-0.0009599389574017395,0.0719210421840781,0.16080943494781422,0.7862293948496161
-0.0009599389574017395,0.0719210421840781,0.16080943494781422,0.7862293948496161
-0.0015717188410106526,0.07229152840577767,0.16201129105457696,0.7846193738744552
-0.0034398220510633657,0.07280110199514617,0.16112028054131694,0.7842970756907909
-0.0034398220510633657,0.07280110199514617,0.16112028054131694,0.7842970756907909
-0.0033357568717912295,0.07328517236729966,0.16058061809928745,0.7847949127038825
-0.0033357568717912295,0.07328517236729966,0.16058061809928745,0.7847949127038825
-0.0011637317425286413,0.07209930128023691,0.16049542702239314,0.7855450637938688
-0.0017328385775949606,0.0719462577264122,0.16086301635228803,0.7865516066042322
-0.0017328385775949606,0.0719462577264122,0.16086301635228803,0.7865516066042322
-0.0017328385775949606,0.0719462577264122,0.16086301635228803,0.7865516066042322
-0.003924422209928781,0.0733721552421808,0.16125882372848496,0.7841756072259124
-0.003416244261501142,0.07326236557080965,0.16018222753910477,0.7824256807118726
-0.003416244261501142,0.07326236557080965,0.16018222753910477,0.7824256807118726
-0.00460520603104131,0.0747553554375271,0.16100017245476142,0.7817928653830787
-0.0011701384004294442,0.07649760442536532,0.16050243572280018,0.7806539783919878
-0.0011701384004294442,0.07649760442536532,0.16050243572280018,0.7806539783919878
-0.0011701384004294442,0.07649760442536532,0.16050243572280018,0.7806539783919878
-0.0011701384004294442,0.07649760442536532,0.16050243572280018,0.7806539783919878
-0.0011701384004294442,0.07649760442536532,0.16050243572280018,0.7806539783919878
-0.0011701384004294442,0.07649760442536532,0.16050243572280018,0.7806539783919878
-0.0011701384004294442,0.07649760442536532,0.16050243572280018,0.7806539783919878
-0.0018578421506439137,0.07592220034509274,0.16271954598751862,0.7819262259300233
-0.0018578421506439137,0.07592220034509274,0.16271954598751862,0.7819262259300233
-0.0009286971695466288,0.07635194519340724,0.16300644639114295,0.77954793143395
-0.0009286971695466288,0.07635194519340724,0.16300644639114295,0.77954793143395
-0.0009286971695466288,0.07635194519340724,0.16300644639114295,0.77954793143395
-0.0008701029637379799,0.07505121524000442,0.16103762987697334,0.7826937747077962
-0.0013623013615867876,0.07619055897578102,0.16145691652740074,0.7820080605481184
-0.0001712179473651503,0.07859044464913627,0.1632044505375291,0.7783768880157441
-0.0001712179473651503,0.07859044464913627,0.1632044505375291,0.7783768880157441
-0.0001712179473651503,0.07859044464913627,0.1632044505375291,0.7783768880157441
-0.0001712179473651503,0.07859044464913627,0.1632044505375291,0.7783768880157441
-0.0001712179473651503,0.07859044464913627,0.1632044505375291,0.7783768880157441
-0.0001712179473651503,0.07859044464913627,0.1632044505375291,0.7783768880157441
0.0009338418785445586,0.07588770426303461,0.16027108192853226,0.7816619249462597
0.0009338418785445586,0.07588770426303461,0.16027108192853226,0.7816619249462597
0.0009338418785445586,0.07588770426303461,0.16027108192853226,0.7816619249462597
0.0016068819954298832,0.07467046292150564,0.1603297409074591,0.782230918070855
0.0016068819954298832,0.07467046292150564,0.1603297409074591,0.782230918070855
0.0016068819954298832,0.07467046292150564,0.1603297409074591,0.782230918070855
0.0007495053345413373,0.07258949695527181,0.15923633179365465,0.7846830241512095
0.0007495053345413373,0.07258949695527181,0.15923633179365465,0.7846830241512095
-0.00016396194644987551,0.07290819305586094,0.15848278177715688,0.7874380144014815
-0.00016396194644987551,0.07290819305586094,0.15848278177715688,0.7874380144014815
-0.00016396194644987551,0.07290819305586094,0.15848278177715688,0.7874380144014815
0.0010284422817473284,0.07345368282234184,0.15949153877950875,0.786474604674178
6.892817677014117e-05,0.07220246364304626,0.15826798985199508,0.7880661698805204
0.0008956518915889467,0.0708266631884163,0.1594966728406831,0.7887488778406906
0.00012793962703435443,0.07249818154738681,0.15672762195803253,0.7888789398219612
0.00012793962703435443,0.07249818154738681,0.15672762195803253,0.7888789398219612
0.0009437755244768683,0.07154370023290078,0.15900432994189204,0.7862470121031452
0.0009437755244768683,0.07154370023290078,0.15900432994189204,0.7862470121031452
0.0014815904491508349,0.07025202679469683,0.1613536853749367,0.7864928531416626
0.0013082625293245958,0.06868975955381551,0.1623786996799934,0.7880647011924037
0.0013082625293245958,0.06868975955381551,0.1623786996799934,0.7880647011924037
0.0013583976143208558,0.07088581792686047,0.1626305655608675,0.7874993480503509
0.0013583976143208558,0.07088581792686047,0.1626305655608675,0.7874993480503509
0.0015412798404922045,0.07049340777170743,0.16302125284322092,0.78549801819355
0.0015412798404922045,0.07049340777170743,0.16302125284322092,0.78549801819355
0.00031814806301875284,0.07285866424225163,0.16419812574403353,0.783653373768965
0.00031814806301875284,0.07285866424225163,0.16419812574403353,0.783653373768965
0.001959310690847503,0.07321470483632507,0.1646960342197782,0.7825922593224361
0.001959310690847503,0.07321470483632507,0.1646960342197782,0.7825922593224361
0.001959310690847503,0.07321470483632507,0.1646960342197782,0.7825922593224361
0.001959310690847503,0.07321470483632507,0.1646960342197782,0.7825922593224361
-0.0010042888075527446,0.07188197064748642,0.1665086139475767,0.7812400352636107
-0.0014837184054198468,0.07166445559937289,0.16539814023675228,0.7825669128157895
-0.0014837184054198468,0.07166445559937289,0.16539814023675228,0.7825669128157895
-0.0014837184054198468,0.07166445559937289,0.16539814023675228,0.7825669128157895
-0.0014837184054198468,0.07166445559937289,0.16539814023675228,0.7825669128157895
-0.0014837184054198468,0.07166445559937289,0.16539814023675228,0.7825669128157895
-0.0014837184054198468,0.07166445559937289,0.16539814023675228,0.7825669128157895
-0.0014837184054198468,0.07166445559937289,0.16539814023675228,0.7825669128157895
-0.0030191473710976633,0.07277568979522259,0.16475856682326667,0.7830979413171817
-0.0029174727100731296,0.07349670271420199,0.16429273937422811,0.781781102813876
-0.0022908142904645027,0.07279751098341448,0.16546328820385703,0.7802298568065668
-0.0022908142904645027,0.07279751098341448,0.16546328820385703,0.7802298568065668
-0.0034067467467011137,0.07464793459154213,0.16589647087940218,0.7800675444510916
-0.004561470745439574,0.07144051041366274,0.1639957145022261,0.7823312454228588
-0.0013645144901368207,0.07316116607917952,0.16481744587295874,0.7798690812051748
-0.0013645144901368207,0.07316116607917952,0.16481744587295874,0.7798690812051748
-0.0013645144901368207,0.07316116607917952,0.16481744587295874,0.7798690812051748
-0.0013645144901368207,0.07316116607917952,0.16481744587295874,0.7798690812051748
-0.0013645144901368207,0.07316116607917952,0.16481744587295874,0.7798690812051748
-0.0009562554432502132,0.07340290811632925,0.1668933212226159,0.7800860891027205
-0.0009562554432502132,0.07340290811632925,0.1668933212226159,0.7800860891027205
-0.0009562554432502132,0.07340290811632925,0.1668933212226159,0.7800860891027205
-0.0009562554432502132,0.07340290811632925,0.1668933212226159,0.7800860891027205
-0.0009562554432502132,0.07340290811632925,0.1668933212226159,0.7800860891027205
-0.0009562554432502132,0.07340290811632925,0.1668933212226159,0.7800860891027205
-0.0009562554432502132,0.07340290811632925,0.1668933212226159,0.7800860891027205
-0.0009562554432502132,0.07340290811632925,0.1668933212226159,0.7800860891027205
-0.0012982624951190893,0.07176418530418281,0.1664734659934668,0.7821046957869019
-0.0012982624951190893,0.07176418530418281,0.1664734659934668,0.7821046957869019
-0.0012982624951190893,0.07176418530418281,0.1664734659934668,0.7821046957869019
-0.0008529280687622628,0.07268618326930204,0.16729590788356427,0.780354065809161
-0.0008529280687622628,0.07268618326930204,0.16729590788356427,0.780354065809161
-0.0008529280687622628,0.07268618326930204,0.16729590788356427,0.780354065809161
-0.0008529280687622628,0.07268618326930204,0.16729590788356427,0.780354065809161
-0.0008529280687622628,0.07268618326930204,0.16729590788356427,0.780354065809161
-0.00010687048060425823,0.07433950994749158,0.16802031112752958,0.7782218389463096
-0.00010687048060425823,0.07433950994749158,0.16802031112752958,0.7782218389463096
-0.0016880644095746303,0.07374868777252903,0.16438256608328286,0.7803729989088187
-0.0004670334208661574,0.07418212983744843,0.16368690129469685,0.7819722543541561
-0.0017820203640815501,0.07560594176288017,0.16242851481287868,0.7817893415843995
-0.0017820203640815501,0.07560594176288017,0.16242851481287868,0.7817893415843995
-0.0016523825636754197,0.07541929076992271,0.16270703454791172,0.7818064309277528
-0.000127990331485544,0.07501818233132415,0.16124837771739947,0.7836320247179746
-1.1910399315083264e-05,0.07370526200259679,0.16258645141283565,0.7827237596855655
-1.1910399315083264e-05,0.07370526200259679,0.16258645141283565,0.7827237596855655
-1.1910399315083264e-05,0.07370526200259679,0.16258645141283565,0.7827237596855655
-1.1910399315083264e-05,0.07370526200259679,0.16258645141283565,0.7827237596855655
-1.1910399315083264e-05,0.07370526200259679,0.16258645141283565,0.7827237596855655
-1.1910399315083264e-05,0.07370526200259679,0.16258645141283565,0.7827237596855655
-0.0006490518007426557,0.07248489306862999,0.1638707237648803,0.7826831514448347
-0.0006490518007426557,0.07248489306862999,0.1638707237648803,0.7826831514448347
-0.0006490518007426557,0.07248489306862999,0.1638707237648803,0.7826831514448347
-0.0019998169441879264,0.0714970940380294,0.16275482032038388,0.7840092509485275
-0.0011128435136154254,0.07135775765712575,0.16100326673627413,0.7853684514734955
-0.0011128435136154254,0.07135775765712575,0.16100326673627413,0.7853684514734955
-0.0011128435136154254,0.07135775765712575,0.16100326673627413,0.7853684514734955
-0.0011128435136154254,0.07135775765712575,0.16100326673627413,0.7853684514734955
-0.0013789706607603713,0.07386310875337315,0.15999822648186632,0.7840376627256451
-0.0013789706607603713,0.07386310875337315,0.15999822648186632,0.7840376627256451
0.0008621733074245027,0.07413270260619195,0.1617248088931879,0.7815332818152667
0.0008621733074245027,0.07413270260619195,0.1617248088931879,0.7815332818152667
0.0008621733074245027,0.07413270260619195,0.1617248088931879,0.7815332818152667
0.0008621733074245027,0.07413270260619195,0.1617248088931879,0.7815332818152667
0.0007748236671818345,0.07433401310473624,0.16204300705109353,0.7833085405496654
0.0007748236671818345,0.07433401310473624,0.16204300705109353,0.7833085405496654
0.0007748236671818345,0.07433401310473624,0.16204300705109353,0.7833085405496654
-0.0001806443104500411,0.07574911969202985,0.16173840371444442,0.7823550441240402
0.0008478383916953004,0.07566273610753088,0.16082113127220368,0.7823805607187831
0.002411459479773664,0.07540044573168107,0.16112327220352085,0.7831638911239404
0.002411459479773664,0.07540044573168107,0.16112327220352085,0.7831638911239404
0.002411459479773664,0.07540044573168107,0.16112327220352085,0.7831638911239404
0.002454944879439909,0.07480929954472695,0.16015368368869967,0.7834498608189239
0.002454944879439909,0.07480929954472695,0.16015368368869967,0.7834498608189239
0.002454944879439909,0.07480929954472695,0.16015368368869967,0.7834498608189239
0.002454944879439909,0.07480929954472695,0.16015368368869967,0.7834498608189239
0.002454944879439909,0.07480929954472695,0.16015368368869967,0.7834498608189239
0.002454944879439909,0.07480929954472695,0.16015368368869967,0.7834498608189239
0.0019468574007438914,0.0754942032670791,0.1613636398269884,0.7821992331678108
0.0019468574007438914,0.0754942032670791,0.1613636398269884,0.7821992331678108
0.0019468574007438914,0.0754942032670791,0.1613636398269884,0.7821992331678108
0.0019468574007438914,0.0754942032670791,0.1613636398269884,0.7821992331678108
0.0019468574007438914,0.0754942032670791,0.1613636398269884,0.7821992331678108
0.0019468574007438914,0.0754942032670791,0.1613636398269884,0.7821992331678108
0.0019468574007438914,0.0754942032670791,0.1613636398269884,0.7821992331678108
0.00011557972932952102,0.07548543705159111,0.16324910405526932,0.7796993066881666
0.00011557972932952102,0.07548543705159111,0.16324910405526932,0.7796993066881666
0.00011557972932952102,0.07548543705159111,0.16324910405526932,0.7796993066881666
-0.0008957688156411995,0.07450187899902232,0.16307237267050276,0.7807094993225985
-0.0008957688156411995,0.07450187899902232,0.16307237267050276,0.7807094993225985
-0.0008957688156411995,0.07450187899902232,0.16307237267050276,0.7807094993225985
-0.0008957688156411995,0.07450187899902232,0.16307237267050276,0.7807094993225985
-0.00013176976944610926,0.0741204323459661,0.16279202607534096,0.7806961843824913
0.0018674388306693821,0.0749049932982327,0.1639273793759899,0.781221964149297
0.0018674388306693821,0.0749049932982327,0.1639273793759899,0.781221964149297
0.0018674388306693821,0.0749049932982327,0.1639273793759899,0.781221964149297
0.0018674388306693821,0.0749049932982327,0.1639273793759899,0.781221964149297
0.0018674388306693821,0.0749049932982327,0.1639273793759899,0.781221964149297
0.0018674388306693821,0.0749049932982327,0.1639273793759899,0.781221964149297
0.0018674388306693821,0.0749049932982327,0.1639273793759899,0.781221964149297
0.0015421356216126626,0.07521169241600449,0.16380110974966575,0.7803982323322786
0.0010871855583665226,0.07662610242818219,0.16435739665236612,0.7790303983328903
0.0010871855583665226,0.07662610242818219,0.16435739665236612,0.7790303983328903
0.0014487106726443085,0.07448997261499143,0.16479701274258302,0.7789431886173183
0.0014487106726443085,0.07448997261499143,0.16479701274258302,0.7789431886173183
0.0025263109821668586,0.07437383716217427,0.16556930254525276,0.7803858498508844
0.0020498522309491973,0.07447515960858142,0.16373431169781466,0.7806011213382245
-0.00026602777380193253,0.07283094219934483,0.16570366017530655,0.7823994776921698
-0.00033128707714965335,0.07210742669889789,0.16570948817424885,0.7811624267221543
-0.00033128707714965335,0.07210742669889789,0.16570948817424885,0.7811624267221543
-0.0009234077655145743,0.07351210283965952,0.16351187997841105,0.780888451446989
-0.0009234077655145743,0.07351210283965952,0.16351187997841105,0.780888451446989
-0.0009234077655145743,0.07351210283965952,0.16351187997841105,0.780888451446989
0.00031312337092915393,0.07434619992019745,0.16391606936045944,0.7823839696263629
0.00040154484215873786,0.07479667622097914,0.16377279346903875,0.7822306327008685
0.00040154484215873786,0.07479667622097914,0.16377279346903875,0.7822306327008685
0.0005151662819909095,0.0723413380233771,0.16439499035196717,0.7817212118616689
-9.828661827705352e-05,0.07342578754127352,0.1641413899109743,0.780897282875517
-0.0019559875639426436,0.07433639071428343,0.1632479819780906,0.7813158880833012
-0.0019559875639426436,0.07433639071428343,0.1632479819780906,0.7813158880833012
-0.0019559875639426436,0.07433639071428343,0.1632479819780906,0.7813158880833012
-0.0019559875639426436,0.07433639071428343,0.1632479819780906,0.7813158880833012
-0.0019559875639426436,0.07433639071428343,0.1632479819780906,0.7813158880833012
-0.0005530054912005417,0.07609126888203077,0.16118121821743325,0.7805719447670803
-0.0005530054912005417,0.07609126888203077,0.16118121821743325,0.7805719447670803
-0.0005530054912005417,0.07609126888203077,0.16118121821743325,0.7805719447670803
-0.0005530054912005417,0.07609126888203077,0.16118121821743325,0.7805719447670803
0.0002357885897558401,0.07513971945642985,0.16478077033361005,0.7807852460480355
0.0017214589099257534,0.07409162470849033,0.16362235845147247,0.7813688892849726
0.0017214589099257534,0.07409162470849033,0.16362235845147247,0.7813688892849726
0.004070393301090053,0.07452464597266288,0.16613627101441467,0.7802551447059192
0.0036243667364829163,0.07546325788723215,0.16590635349073468,0.7797342890683274
0.0036243667364829163,0.07546325788723215,0.16590635349073468,0.7797342890683274
0.0039434851916527475,0.0757281528660835,0.16531900238129849,0.7774924900466441
0.003174551553678645,0.0733044358489989,0.1661473705565057,0.778808568366993
0.0029868724991372044,0.07112276400047761,0.1611962556743081,0.7840299999950116
0.003423123299354459,0.07100435505318281,0.163172646358966,0.783462479279032
0.003837722802048157,0.07308603902039011,0.16329514039343315,0.7822709189662588
0.003837722802048157,0.07308603902039011,0.16329514039343315,0.7822709189662588
0.002185637281431148,0.07302474639033288,0.16315219776100368,0.780995902784488
0.0038546662105437292,0.07216723488762754,0.16237484045627584,0.783792572568095
0.0038546662105437292,0.07216723488762754,0.16237484045627584,0.783792572568095
0.0038546662105437292,0.07216723488762754,0.16237484045627584,0.783792572568095
0.002949268202652807,0.07245511887270563,0.161196093959123,0.7840810960601856
0.00017827895221497964,0.0741167931468191,0.16215405404624053,0.7842406192102359
-0.0005511777668629022,0.07468538920587067,0.16341003766237072,0.7826006906368741
-0.0005511777668629022,0.07468538920587067,0.16341003766237072,0.7826006906368741
-0.00046297583486670243,0.07419272341479954,0.16375180176740542,0.7824613488741984
-0.0009220109341459186,0.07375441766342046,0.16356431297700988,0.7815592181225457
-0.0009220109341459186,0.07375441766342046,0.16356431297700988,0.7815592181225457
-0.0009220109341459186,0.07375441766342046,0.16356431297700988,0.7815592181225457
-0.0009220109341459186,0.07375441766342046,0.16356431297700988,0.7815592181225457
-0.0009220109341459186,0.07375441766342046,0.16356431297700988,0.7815592181225457
-0.0022512488216490717,0.07424112936836237,0.16225544734029604,0.7815097933234384
-0.0017662752372342887,0.07285415863104233,0.16145630721523702,0.7843503591326241
-0.0017662752372342887,0.07285415863104233,0.16145630721523702,0.7843503591326241
-0.0029750405353664118,0.07026791670668658,0.16243117356786296,0.7862040217525795
-0.0029750405353664118,0.07026791670668658,0.16243117356786296,0.7862040217525795
-0.0029750405353664118,0.07026791670668658,0.16243117356786296,0.7862040217525795
-0.0029750405353664118,0.07026791670668658,0.16243117356786296,0.7862040217525795
-0.0029750405353664118,0.07026791670668658,0.16243117356786296,0.7862040217525795
-0.0029750405353664118,0.07026791670668658,0.16243117356786296,0.7862040217525795
-0.0029750405353664118,0.07026791670668658,0.16243117356786296,0.7862040217525795
-0.0018122279757851688,0.06952665191663454,0.16173243021893208,0.7858934775357229
-0.0017144723639592318,0.07060609756556087,0.16376219734508465,0.7835825081702685
-0.0017144723639592318,0.07060609756556087,0.16376219734508465,0.7835825081702685
-0.0006882727073018694,0.07065916861398824,0.16471588273196563,0.7843045103518359
-0.0006882727073018694,0.07065916861398824,0.16471588273196563,0.7843045103518359
-0.0006882727073018694,0.07065916861398824,0.16471588273196563,0.7843045103518359
-0.0006882727073018694,0.07065916861398824,0.16471588273196563,0.7843045103518359
-0.0003188417577174652,0.07244062457538178,0.1644363009747965,0.7825427176576748
-0.0003188417577174652,0.07244062457538178,0.1644363009747965,0.7825427176576748
0.0002962570737950293,0.07336468630600801,0.1647797893140574,0.7819601828105218
0.0002962570737950293,0.07336468630600801,0.1647797893140574,0.7819601828105218
-4.820238344269281e-05,0.07463983772600376,0.16414911358109163,0.7814904904562395
0.001583369925240915,0.07401961109581844,0.16359168541134786,0.7807363317249351
0.0002029763978467331,0.07183322583712212,0.16531136630706209,0.7822921810993669
-0.0028681393111148344,0.0716758983379772,0.1636480735155181,0.7854130762063238
-0.0017165000634949059,0.07037132735629853,0.16402042996624605,0.783805524550166
-0.0017165000634949059,0.07037132735629853,0.16402042996624605,0.783805524550166
-0.0017165000634949059,0.07037132735629853,0.16402042996624605,0.783805524550166
-0.002201208877356727,0.07181976509574065,0.16371248767839655,0.7830719562036239
-0.002201208877356727,0.07181976509574065,0.16371248767839655,0.7830719562036239
-0.0043444336235849215,0.07359104718609613,0.16176918006724303,0.7823268241297979
-0.0034632990713157246,0.07346030347194249,0.1635426984995907,0.7808562007806057
-0.0029344030590786867,0.07444301306348505,0.16419636234576512,0.7793356561242437
-0.0029344030590786867,0.07444301306348505,0.16419636234576512,0.7793356561242437
-0.0013875554013076518,0.07231981417187436,0.16521093344757457,0.7803300879976266
-0.0013875554013076518,0.07231981417187436,0.16521093344757457,0.7803300879976266
-0.00010196357307572842,0.0714104597603552,0.1612850894769133,0.7848483666732291
0.0004131330336067492,0.07177554656167633,0.16186643274656579,0.7843672530462061
0.0004131330336067492,0.07177554656167633,0.16186643274656579,0.7843672530462061
0.0004131330336067492,0.07177554656167633,0.16186643274656579,0.7843672530462061
-0.0006545077127990329,0.07223295476661491,0.16060323414065028,0.7846396609644621
-0.0006545077127990329,0.07223295476661491,0.16060323414065028,0.7846396609644621
0.0008267818341900689,0.07342814275074833,0.16032858233803401,0.7845379979492199
-0.0005667372163960792,0.07142117348335808,0.15912074992111452,0.7872878817708258
-0.0005667372163960792,0.07142117348335808,0.15912074992111452,0.7872878817708258
-0.0005667372163960792,0.07142117348335808,0.15912074992111452,0.7872878817708258
-0.0005667372163960792,0.07142117348335808,0.15912074992111452,0.7872878817708258
-0.0005667372163960792,0.07142117348335808,0.15912074992111452,0.7872878817708258
-0.0005667372163960792,0.07142117348335808,0.15912074992111452,0.7872878817708258
-0.0017051242419651152,0.07020036296406174,0.15825684894764533,0.7873348330844308
-0.0005932935298899442,0.07135174263905855,0.15821724010996072,0.7878044322370727
-0.0005932935298899442,0.07135174263905855,0.15821724010996072,0.7878044322370727
-0.0005932935298899442,0.07135174263905855,0.15821724010996072,0.7878044322370727
-0.0010805292478535216,0.07045570417284933,0.15810077999306443,0.7882948713930695
-0.0010805292478535216,0.07045570417284933,0.15810077999306443,0.7882948713930695
-0.0010805292478535216,0.07045570417284933,0.15810077999306443,0.7882948713930695
-0.0010805292478535216,0.07045570417284933,0.15810077999306443,0.7882948713930695
-0.0010805292478535216,0.07045570417284933,0.15810077999306443,0.7882948713930695
-0.00221826066874576,0.07157595871609013,0.15705272444699597,0.7881944843651477
-0.00221826066874576,0.07157595871609013,0.15705272444699597,0.7881944843651477
-0.002232279111638115,0.07284703626881907,0.15682153708655558,0.7874333810550156
-0.0038273676791814705,0.07135545717258958,0.15544336734712363,0.7892302696987353
-0.003111434023115293,0.07306831528466468,0.15648079623735742,0.7870177938951357
-0.0014659663498996247,0.07452700371547105,0.15669513453869766,0.7864178054804344
-0.0014659663498996247,0.07452700371547105,0.15669513453869766,0.7864178054804344
-0.0014659663498996247,0.07452700371547105,0.15669513453869766,0.7864178054804344
-0.0014659663498996247,0.07452700371547105,0.15669513453869766,0.7864178054804344
-0.0009140454991929686,0.07534217200708525,0.1582609082116923,0.7846862465108041
0.001772099435664839,0.07381608815410406,0.15732683703100567,0.7858084226127386
0.001772099435664839,0.07381608815410406,0.15732683703100567,0.7858084226127386
0.001772099435664839,0.07381608815410406,0.15732683703100567,0.7858084226127386
0.002183679054537358,0.07380197956424217,0.1585253397576189,0.7852169422876932
0.002183679054537358,0.07380197956424217,0.1585253397576189,0.7852169422876932
0.002183679054537358,0.07380197956424217,0.1585253397576189,0.7852169422876932
0.002183679054537358,0.07380197956424217,0.1585253397576189,0.7852169422876932
0.0017341960736979723,0.0744263229585408,0.15798608586393167,0.7852123091296798
0.0017341960736979723,0.0744263229585408,0.15798608586393167,0.7852123091296798
0.0017341960736979723,0.0744263229585408,0.15798608586393167,0.7852123091296798
8.826988788904612e-05,0.0751630994801745,0.15897175977095626,0.7827822760831648
0.0012387951923577484,0.07486338061749315,0.1590092525155076,0.7823090290778053
7.37522875703168e-05,0.0756973479658735,0.16125325671097449,0.7827804872110198
7.37522875703168e-05,0.0756973479658735,0.16125325671097449,0.7827804872110198
0.00020335473899755834,0.07431183370117198,0.16185654980533232,0.7817682299563724
0.00020335473899755834,0.07431183370117198,0.16185654980533232,0.7817682299563724
-0.0004155155345148086,0.07440223539266108,0.16259408310872434,0.7821678853597357
-0.0004155155345148086,0.07440223539266108,0.16259408310872434,0.7821678853597357
-0.0004155155345148086,0.07440223539266108,0.16259408310872434,0.7821678853597357
-0.002521336031139342,0.07392887633398448,0.16148241569077126,0.7830281453975726
-0.002521336031139342,0.07392887633398448,0.16148241569077126,0.7830281453975726
-0.002521336031139342,0.07392887633398448,0.16148241569077126,0.7830281453975726
-0.002521336031139342,0.07392887633398448,0.16148241569077126,0.7830281453975726
-0.002521336031139342,0.07392887633398448,0.16148241569077126,0.7830281453975726
-0.002521336031139342,0.07392887633398448,0.16148241569077126,0.7830281453975726
-0.0027422860646510636,0.07315165978995138,0.16004754319583278,0.784183084118709
-0.0027422860646510636,0.07315165978995138,0.16004754319583278,0.784183084118709
-0.0033505315538516064,0.07435214295547911,0.15801916430496588,0.7857200717288495
-0.0033505315538516064,0.07435214295547911,0.15801916430496588,0.7857200717288495
-0.0033505315538516064,0.07435214295547911,0.15801916430496588,0.7857200717288495
-0.0033505315538516064,0.07435214295547911,0.15801916430496588,0.7857200717288495
-0.0011045331864891154,0.07461754211659127,0.15904654927441053,0.7845445493438479
-0.0011045331864891154,0.07461754211659127,0.15904654927441053,0.7845445493438479
-0.0011045331864891154,0.07461754211659127,0.15904654927441053,0.7845445493438479
-0.0011045331864891154,0.07461754211659127,0.15904654927441053,0.7845445493438479
-0.0011045331864891154,0.07461754211659127,0.15904654927441053,0.7845445493438479
-0.00019091778007464797,0.07106075972591636,0.15945667685005535,0.786253089527202
-0.000596325056810334,0.07405354064027397,0.15976532491408774,0.7848624965204287
-0.000596325056810334,0.07405354064027397,0.15976532491408774,0.7848624965204287
-0.000596325056810334,0.07405354064027397,0.15976532491408774,0.7848624965204287
-0.000596325056810334,0.07405354064027397,0.15976532491408774,0.7848624965204287
-0.00174679675326748,0.07401967246944918,0.16333624291429735,0.782788641744937
-0.000850715806135356,0.07616991452328233,0.15992368925762976,0.7833176756748425
-0.000850715806135356,0.07616991452328233,0.15992368925762976,0.7833176756748425
-0.000850715806135356,0.07616991452328233,0.15992368925762976,0.7833176756748425
-0.000850715806135356,0.07616991452328233,0.15992368925762976,0.7833176756748425
-0.000850715806135356,0.07616991452328233,0.15992368925762976,0.7833176756748425
-0.000850715806135356,0.07616991452328233,0.15992368925762976,0.7833176756748425
-0.000850715806135356,0.07616991452328233,0.15992368925762976,0.7833176756748425
-0.0006908057961584943,0.07612049122673224,0.15982563280269527,0.7831270563148115
-0.0006908057961584943,0.07612049122673224,0.15982563280269527,0.7831270563148115
-0.0006908057961584943,0.07612049122673224,0.15982563280269527,0.7831270563148115
-0.0006908057961584943,0.07612049122673224,0.15982563280269527,0.7831270563148115
-0.001190658259110703,0.07726376336986682,0.16041098691449246,0.7811557021230374
0.0003081662893388865,0.07591595003305013,0.16123312769360099,0.7803319311074421
0.0003081662893388865,0.07591595003305013,0.16123312769360099,0.7803319311074421
0.0013816135141531032,0.07724549510883895,0.16089979895993747,0.7809543525137447
0.0028467690990460637,0.07696951633619831,0.16367485049764918,0.7786671900136922
0.0021499411947180887,0.07516051310690601,0.1669282354063274,0.7799483449917926
0.0021499411947180887,0.07516051310690601,0.1669282354063274,0.7799483449917926
0.0017708689069908102,0.07448831574792703,0.165545282461,0.7819575681049676
0.0016288187410676204,0.07290854015217026,0.16484516230469792,0.7817093479134956
0.001560421236039391,0.07360510003381864,0.16464039588602922,0.7820600410740571
0.001560421236039391,0.07360510003381864,0.16464039588602922,0.7820600410740571
0.0017514430694217868,0.07391721662587968,0.16453789249825443,0.7812375639876089
0.0017941519135872394,0.0726190175229282,0.16359988250336857,0.7815737216156107
0.0017941519135872394,0.0726190175229282,0.16359988250336857,0.7815737216156107
0.0017941519135872394,0.0726190175229282,0.16359988250336857,0.7815737216156107
0.0017941519135872394,0.0726190175229282,0.16359988250336857,0.7815737216156107
0.0020259904536879384,0.07427205190251501,0.16414668658152584,0.7804987501293796
0.0021422071027548052,0.07652735862859712,0.16590148751550612,0.7775446657173158
0.0021422071027548052,0.07652735862859712,0.16590148751550612,0.7775446657173158
0.0021422071027548052,0.07652735862859712,0.16590148751550612,0.7775446657173158
0.0021422071027548052,0.07652735862859712,0.16590148751550612,0.7775446657173158
0.0028474388487645663,0.0754582143539105,0.16575479725390377,0.7778041757562661
0.0028474388487645663,0.0754582143539105,0.16575479725390377,0.7778041757562661
0.0009758951348031702,0.07695882114325381,0.16564867393755722,0.7770466692731135
0.0005549658486987748,0.07582334280797538,0.164190107208199,0.7798535523671241
2.248531014428421e-05,0.0759666927312083,0.16269923930598892,0.7789889905293801
0.0001619056829688607,0.07769326449024291,0.16159426537584573,0.7788554718807835
0.0001619056829688607,0.07769326449024291,0.16159426537584573,0.7788554718807835
0.0001619056829688607,0.07769326449024291,0.16159426537584573,0.7788554718807835
0.0001619056829688607,0.07769326449024291,0.16159426537584573,0.7788554718807835
-0.0011932072951293797,0.07756772319007506,0.1617068529613016,0.7796468146074821
-0.0011932072951293797,0.07756772319007506,0.1617068529613016,0.7796468146074821
-0.000907557850209025,0.07766052121084971,0.16276549947577956,0.7799083897952814
-0.000907557850209025,0.07766052121084971,0.16276549947577956,0.7799083897952814
-0.000907557850209025,0.07766052121084971,0.16276549947577956,0.7799083897952814
-0.0005591328630181911,0.07872790167723526,0.16171237586776993,0.778754984870035
-0.0005591328630181911,0.07872790167723526,0.16171237586776993,0.778754984870035
-0.0005591328630181911,0.07872790167723526,0.16171237586776993,0.778754984870035
0.002329865453402007,0.07869564563285002,0.16071305193596605,0.7788956969233553
0.003640373892460455,0.07896967034073266,0.16121342235452227,0.7793812413467629
0.0020107291387150878,0.07898535831096253,0.162165884149035,0.7784804942506032
0.0020107291387150878,0.07898535831096253,0.162165884149035,0.7784804942506032
0.0020107291387150878,0.07898535831096253,0.162165884149035,0.7784804942506032
0.0020107291387150878,0.07898535831096253,0.162165884149035,0.7784804942506032
0.0020107291387150878,0.07898535831096253,0.162165884149035,0.7784804942506032
0.0020107291387150878,0.07898535831096253,0.162165884149035,0.7784804942506032
0.0020107291387150878,0.07898535831096253,0.162165884149035,0.7784804942506032
0.004844841162659283,0.07703784270357499,0.16241143251950851,0.778173179699974
0.004844841162659283,0.07703784270357499,0.16241143251950851,0.778173179699974
0.0054162825779139065,0.07841234032620956,0.16518774437185824,0.7760991353715425
0.007255399107863594,0.07755348710992366,0.16472350840294234,0.7777834370801754
0.006248799624602624,0.07834315024752254,0.16601038359435955,0.7769190327131796
0.006248799624602624,0.07834315024752254,0.16601038359435955,0.7769190327131796
0.006248799624602624,0.07834315024752254,0.16601038359435955,0.7769190327131796
0.006248799624602624,0.07834315024752254,0.16601038359435955,0.7769190327131796
0.006248799624602624,0.07834315024752254,0.16601038359435955,0.7769190327131796
0.006248799624602624,0.07834315024752254,0.16601038359435955,0.7769190327131796
0.006248799624602624,0.07834315024752254,0.16601038359435955,0.7769190327131796
0.007479304316581426,0.07684193942241432,0.16727668114415806,0.7765769093691824
0.007479304316581426,0.07684193942241432,0.16727668114415806,0.7765769093691824
0.006502676928568332,0.07638036988277054,0.16783548967702838,0.7777808578811762
0.006502676928568332,0.07638036988277054,0.16783548967702838,0.7777808578811762
0.006641988208834745,0.07500037022785325,0.16838255277855868,0.7776160442820442
0.006641988208834745,0.07500037022785325,0.16838255277855868,0.7776160442820442
0.006641988208834745,0.07500037022785325,0.16838255277855868,0.7776160442820442
0.006641988208834745,0.07500037022785325,0.16838255277855868,0.7776160442820442
0.006641988208834745,0.07500037022785325,0.16838255277855868,0.7776160442820442
0.005553477669890287,0.0752945759980949,0.17024269898947136,0.7753203395837758
0.005553477669890287,0.0752945759980949,0.17024269898947136,0.7753203395837758
0.005553477669890287,0.0752945759980949,0.17024269898947136,0.7753203395837758
0.005553477669890287,0.0752945759980949,0.17024269898947136,0.7753203395837758
0.005553477669890287,0.0752945759980949,0.17024269898947136,0.7753203395837758
0.0036087607550385706,0.07486388038772647,0.16694887033896183,0.7762190119490169
0.004010300106867073,0.07480798473187966,0.16734507203350976,0.7786350406107154
0.004010300106867073,0.07480798473187966,0.16734507203350976,0.7786350406107154
0.0031535034344510166,0.07469066187426197,0.16715892897331824,0.7788237988917743
0.0031535034344510166,0.07469066187426197,0.16715892897331824,0.7788237988917743
0.0031535034344510166,0.07469066187426197,0.16715892897331824,0.7788237988917743
0.004189347689105333,0.07697147675794311,0.16961132437250026,0.7744875804553094
0.0035633679339975035,0.07610437763726256,0.17082327350661083,0.7755093933093127
0.0028782410458307,0.0760841831385296,0.1695970543983074,0.7735868696547751
0.0028782410458307,0.0760841831385296,0.1695970543983074,0.7735868696547751
0.0028782410458307,0.0760841831385296,0.1695970543983074,0.7735868696547751
0.005061135155774235,0.07835860990725581,0.17106286417053665,0.7718965845678221
0.005061135155774235,0.07835860990725581,0.17106286417053665,0.7718965845678221
0.005061135155774235,0.07835860990725581,0.17106286417053665,0.7718965845678221
0.005061135155774235,0.07835860990725581,0.17106286417053665,0.7718965845678221
0.005007453113321736,0.07759858305195405,0.17097392592697422,0.7733031296065896
0.0012808045110095229,0.07649860730113747,0.1695576156100041,0.7748874223993868
0.0035765388344002687,0.0744548192316901,0.1682334518675624,0.7774638491918681
0.0035765388344002687,0.0744548192316901,0.1682334518675624,0.7774638491918681
0.0034599714016248506,0.07619778043761381,0.16538272583313046,0.7786490409984291
0.004458069921322342,0.07606018821526757,0.16465624887331917,0.7780499122594706
0.0051813084075998175,0.07535551348183249,0.1625379311589585,0.7816934434944903
0.0051813084075998175,0.07535551348183249,0.1625379311589585,0.7816934434944903
0.0051813084075998175,0.07535551348183249,0.1625379311589585,0.7816934434944903
0.0051813084075998175,0.07535551348183249,0.1625379311589585,0.7816934434944903
0.00532397119489955,0.07564233148868503,0.16448231375214137,0.780301244916279
0.00532397119489955,0.07564233148868503,0.16448231375214137,0.780301244916279
0.006197426527904912,0.07358554028464072,0.16568509586770488,0.7803080160082706
0.005183173434004509,0.07310917548459692,0.1631092914321023,0.7807723550408383
0.0025821205331203714,0.07384568716641485,0.16354788232195347,0.7795017232057921
0.0025821205331203714,0.07384568716641485,0.16354788232195347,0.7795017232057921
0.0025821205331203714,0.07384568716641485,0.16354788232195347,0.7795017232057921
0.0025821205331203714,0.07384568716641485,0.16354788232195347,0.7795017232057921
0.003459028800749471,0.07480619421845663,0.16486388436584049,0.7791476976596153
0.0004118917497634659,0.07354787671042373,0.16598341591769422,0.780512572613752
0.0028673042164627568,0.07435693116383223,0.1679206990179329,0.7784345623134838
0.0028673042164627568,0.07435693116383223,0.1679206990179329,0.7784345623134838
0.0028869378686065526,0.07321841192210485,0.16364019101327976,0.782163779335539
0.0028869378686065526,0.07321841192210485,0.16364019101327976,0.782163779335539
0.0028869378686065526,0.07321841192210485,0.16364019101327976,0.782163779335539
0.0028869378686065526,0.07321841192210485,0.16364019101327976,0.782163779335539
0.0023283100859272984,0.07391843759032517,0.1620051700011478,0.7838678475089745
0.0023283100859272984,0.07391843759032517,0.1620051700011478,0.7838678475089745
0.0023283100859272984,0.07391843759032517,0.1620051700011478,0.7838678475089745
0.0023283100859272984,0.07391843759032517,0.1620051700011478,0.7838678475089745
0.0023283100859272984,0.07391843759032517,0.1620051700011478,0.7838678475089745
0.0023283100859272984,0.07391843759032517,0.1620051700011478,0.7838678475089745
0.000693295527625853,0.07290639686072393,0.16036717358627436,0.7849084286176149
0.000693295527625853,0.07290639686072393,0.16036717358627436,0.7849084286176149
-4.0677738158813076e-05,0.07243986122093846,0.16359142128939308,0.7837230271341273
-4.0677738158813076e-05,0.07243986122093846,0.16359142128939308,0.7837230271341273
-4.0677738158813076e-05,0.07243986122093846,0.16359142128939308,0.7837230271341273
-4.0677738158813076e-05,0.07243986122093846,0.16359142128939308,0.7837230271341273
0.0015846096052854076,0.07179100448278512,0.16070099565310902,0.7859110235114324
0.0015846096052854076,0.07179100448278512,0.16070099565310902,0.7859110235114324
0.0015846096052854076,0.07179100448278512,0.16070099565310902,0.7859110235114324
0.0015846096052854076,0.07179100448278512,0.16070099565310902,0.7859110235114324
0.0015846096052854076,0.07179100448278512,0.16070099565310902,0.7859110235114324
0.0015846096052854076,0.07179100448278512,0.16070099565310902,0.7859110235114324
0.0015846096052854076,0.07179100448278512,0.16070099565310902,0.7859110235114324
0.0015846096052854076,0.07179100448278512,0.16070099565310902,0.7859110235114324
0.0019624237382589974,0.07189183017139122,0.15926887181599836,0.7863009604002501
0.0019624237382589974,0.07189183017139122,0.15926887181599836,0.7863009604002501
0.001302982389536325,0.07185599399267183,0.1590134854457167,0.7863129897070888
0.001302982389536325,0.07185599399267183,0.1590134854457167,0.7863129897070888
0.001302982389536325,0.07185599399267183,0.1590134854457167,0.7863129897070888
0.001302982389536325,0.07185599399267183,0.1590134854457167,0.7863129897070888
8.339428582581384e-05,0.07040078300339289,0.16007992701279705,0.786388101588981
8.339428582581384e-05,0.07040078300339289,0.16007992701279705,0.786388101588981
8.339428582581384e-05,0.07040078300339289,0.16007992701279705,0.786388101588981
8.339428582581384e-05,0.07040078300339289,0.16007992701279705,0.786388101588981
8.339428582581384e-05,0.07040078300339289,0.16007992701279705,0.786388101588981
8.339428582581384e-05,0.07040078300339289,0.16007992701279705,0.786388101588981
8.339428582581384e-05,0.07040078300339289,0.16007992701279705,0.786388101588981
8.339428582581384e-05,0.07040078300339289,0.16007992701279705,0.786388101588981
-0.0011135774255791192,0.07013452896832273,0.16124117028237708,0.7871232159354583
-0.0011135774255791192,0.07013452896832273,0.16124117028237708,0.7871232159354583
-0.0011135774255791192,0.07013452896832273,0.16124117028237708,0.7871232159354583
-0.0011135774255791192,0.07013452896832273,0.16124117028237708,0.7871232159354583
-0.0011135774255791192,0.07013452896832273,0.16124117028237708,0.7871232159354583
-0.0011135774255791192,0.07013452896832273,0.16124117028237708,0.7871232159354583
-0.003032044176303729,0.07111241006025855,0.16119133276612768,0.7856447770569782
-0.003032044176303729,0.07111241006025855,0.16119133276612768,0.7856447770569782
-0.003032044176303729,0.07111241006025855,0.16119133276612768,0.7856447770569782
-0.003032044176303729,0.07111241006025855,0.16119133276612768,0.7856447770569782
-0.0010809517602083521,0.07032547627568388,0.16291902808193648,0.7860604752205093
-0.0010809517602083521,0.07032547627568388,0.16291902808193648,0.7860604752205093
-0.0010809517602083521,0.07032547627568388,0.16291902808193648,0.7860604752205093
-0.0010809517602083521,0.07032547627568388,0.16291902808193648,0.7860604752205093
-0.0010809517602083521,0.07032547627568388,0.16291902808193648,0.7860604752205093
-0.0020796576838186145,0.069153952718767,0.1607562037458041,0.7892925371405427
8.795222199139367e-05,0.07094896210637903,0.16228677145427803,0.7878878232753469
-0.00012829337924084264,0.07019041902600083,0.16166887721343953,0.7872003113649365
0.000617472928945625,0.07105981357207451,0.15994632507563908,0.7862538476704624
0.000617472928945625,0.07105981357207451,0.15994632507563908,0.7862538476704624
0.000617472928945625,0.07105981357207451,0.15994632507563908,0.7862538476704624
-0.0010491319488743405,0.06941751416147546,0.15774363910547964,0.7900640719529008
-0.0010491319488743405,0.06941751416147546,0.15774363910547964,0.7900640719529008
-0.0010491319488743405,0.06941751416147546,0.15774363910547964,0.7900640719529008
-0.0010491319488743405,0.06941751416147546,0.15774363910547964,0.7900640719529008
0.0013178192725542416,0.069829437185839,0.15798939047116495,0.7898776623328081
0.0013178192725542416,0.069829437185839,0.15798939047116495,0.7898776623328081
0.0013178192725542416,0.069829437185839,0.15798939047116495,0.7898776623328081
0.0009527958780135551,0.07046751152887523,0.1606593808362346,0.7865986066607209
0.0009527958780135551,0.07046751152887523,0.1606593808362346,0.7865986066607209
0.0009527958780135551,0.07046751152887523,0.1606593808362346,0.7865986066607209
0.0009527958780135551,0.07046751152887523,0.1606593808362346,0.7865986066607209
0.0009527958780135551,0.07046751152887523,0.1606593808362346,0.7865986066607209
0.0009527958780135551,0.07046751152887523,0.1606593808362346,0.7865986066607209
0.0008504469617650197,0.07051994493662843,0.1613988279748835,0.7871056871787481
0.0008504469617650197,0.07051994493662843,0.1613988279748835,0.7871056871787481
0.0008504469617650197,0.07051994493662843,0.1613988279748835,0.7871056871787481
0.0008504469617650197,0.07051994493662843,0.1613988279748835,0.7871056871787481
0.0008504469617650197,0.07051994493662843,0.1613988279748835,0.7871056871787481
0.0008504469617650197,0.07051994493662843,0.1613988279748835,0.7871056871787481
0.0008504469617650197,0.07051994493662843,0.1613988279748835,0.7871056871787481
0.0008504469617650197,0.07051994493662843,0.1613988279748835,0.7871056871787481
0.0008504469617650197,0.07051994493662843,0.1613988279748835,0.7871056871787481
0.0008504469617650197,0.07051994493662843,0.1613988279748835,0.7871056871787481
-0.0001268083194416208,0.06839821676916408,0.16178615637478208,0.7877489353981135
-0.0001268083194416208,0.06839821676916408,0.16178615637478208,0.7877489353981135
-0.0001268083194416208,0.06839821676916408,0.16178615637478208,0.7877489353981135
-0.0001268083194416208,0.06839821676916408,0.16178615637478208,0.7877489353981135
-0.0001268083194416208,0.06839821676916408,0.16178615637478208,0.7877489353981135
-0.0001268083194416208,0.06839821676916408,0.16178615637478208,0.7877489353981135
-0.0001268083194416208,0.06839821676916408,0.16178615637478208,0.7877489353981135
-0.00029018540800169774,0.06887227726191268,0.1622627252531315,0.7870515219409631
-0.00029018540800169774,0.06887227726191268,0.1622627252531315,0.7870515219409631
-0.00029018540800169774,0.06887227726191268,0.1622627252531315,0.7870515219409631
-0.00029018540800169774,0.06887227726191268,0.1622627252531315,0.7870515219409631
0.002619433009473558,0.07232451963410166,0.16156196956305952,0.786254946564577
0.0037375056461784713,0.07292468631173465,0.15987835428839278,0.7851554519708382
0.002308228783884479,0.07249393628087661,0.15991169984030412,0.7864557884859554
0.002308228783884479,0.07249393628087661,0.15991169984030412,0.7864557884859554
0.002308228783884479,0.07249393628087661,0.15991169984030412,0.7864557884859554
0.0014226343600776065,0.07399406701185354,0.15871036636091848,0.7852531148186046
0.001146705891276359,0.07481889047279906,0.15988920907213405,0.7839900070796036
0.001146705891276359,0.07481889047279906,0.15988920907213405,0.7839900070796036
0.002958584867266967,0.07551025543734925,0.16146458794234753,0.7828678101768511
0.0027299450033231145,0.073238731861393,0.161437599134586,0.7845092432774762
0.0027299450033231145,0.073238731861393,0.161437599134586,0.7845092432774762
0.0027299450033231145,0.073238731861393,0.161437599134586,0.7845092432774762
0.0027299450033231145,0.073238731861393,0.161437599134586,0.7845092432774762
0.0027299450033231145,0.073238731861393,0.161437599134586,0.7845092432774762
0.0027299450033231145,0.073238731861393,0.161437599134586,0.7845092432774762
0.0027299450033231145,0.073238731861393,0.161437599134586,0.7845092432774762
0.0027299450033231145,0.073238731861393,0.161437599134586,0.7845092432774762
0.0022125920564013907,0.07361676743425258,0.16151959594500634,0.7834293310498283
0.0022125920564013907,0.07361676743425258,0.16151959594500634,0.7834293310498283
0.0022125920564013907,0.07361676743425258,0.16151959594500634,0.7834293310498283
0.0022125920564013907,0.07361676743425258,0.16151959594500634,0.7834293310498283
0.0022125920564013907,0.07361676743425258,0.16151959594500634,0.7834293310498283
0.0022125920564013907,0.07361676743425258,0.16151959594500634,0.7834293310498283
0.0020123928157172503,0.07346863351392399,0.16302320715467314,0.7831166258626893
0.0017142933077709404,0.07247745308091522,0.16204996936170624,0.7844479524144473
0.0006761524959988546,0.0745247640617565,0.1627287117056956,0.783174200987261
-0.0005201361477282539,0.07568668064770084,0.16244201213067475,0.7817213092724214
-0.0005201361477282539,0.07568668064770084,0.16244201213067475,0.7817213092724214
-0.0005201361477282539,0.07568668064770084,0.16244201213067475,0.7817213092724214
-0.0011085432508451203,0.07532313254557241,0.16134230556139748,0.7823156519117509
-0.0011085432508451203,0.07532313254557241,0.16134230556139748,0.7823156519117509
-0.0011085432508451203,0.07532313254557241,0.16134230556139748,0.7823156519117509
-0.0006786764465058348,0.07770511875467408,0.162704150216774,0.7796645046511748
-0.001498793495809634,0.07792709124905661,0.16202238829538756,0.7797743473781538
-0.001434562065337162,0.07714834814703142,0.16260203297731704,0.777792785026607
-0.001434562065337162,0.07714834814703142,0.16260203297731704,0.777792785026607
-0.001434562065337162,0.07714834814703142,0.16260203297731704,0.777792785026607
-0.001434562065337162,0.07714834814703142,0.16260203297731704,0.777792785026607
0.00020858174229516782,0.07881517137993857,0.1638854278507668,0.7775402278651344
0.00020858174229516782,0.07881517137993857,0.1638854278507668,0.7775402278651344
-0.0010055298081681472,0.07845994006905568,0.1645414518740867,0.7770119840074475
-0.0025215511719237573,0.07677851741744296,0.1636528167973207,0.7777837360827605
-0.0025215511719237573,0.07677851741744296,0.1636528167973207,0.7777837360827605
-0.0017351740661098588,0.07552090489528976,0.1639831236152197,0.7803150316754193
-0.003089124280445348,0.07252416791136301,0.16390011448603015,0.7815886195113277
-0.003089124280445348,0.07252416791136301,0.16390011448603015,0.7815886195113277
-0.004174554903480436,0.0736867595243193,0.16151619236255566,0.7828935700613763
-0.004174554903480436,0.0736867595243193,0.16151619236255566,0.7828935700613763
-0.0018967568152214163,0.07469074628473522,0.16038764875289818,0.7824369076496464
3.428555042804147e-05,0.07410289068705775,0.1606906495909029,0.7844099611402654
0.00041988543905046433,0.07201580381148193,0.16036616518244848,0.7851444992660669
0.00041988543905046433,0.07201580381148193,0.16036616518244848,0.7851444992660669
0.001854665902682226,0.07153779701353297,0.16155906509876894,0.7846085712567187
0.001854665902682226,0.07153779701353297,0.16155906509876894,0.7846085712567187
0.001854665902682226,0.07153779701353297,0.16155906509876894,0.7846085712567187
0.00202231346474504,0.07342410128097354,0.16145312488969119,0.7841906154883869
0.00202231346474504,0.07342410128097354,0.16145312488969119,0.7841906154883869
0.00202231346474504,0.07342410128097354,0.16145312488969119,0.7841906154883869
0.00202231346474504,0.07342410128097354,0.16145312488969119,0.7841906154883869
0.002548637296438592,0.07421967974086201,0.16025428670668143,0.7850123534151908
0.002548637296438592,0.07421967974086201,0.16025428670668143,0.7850123534151908
0.0031609947209810746,0.07401857921387825,0.1603201445878342,0.7840292446607677
0.0031609947209810746,0.07401857921387825,0.1603201445878342,0.7840292446607677
0.0006607307355433593,0.07285746616190095,0.15682436187612753,0.786799735576886
0.0006607307355433593,0.07285746616190095,0.15682436187612753,0.786799735576886
0.0005257667691448911,0.07236143654045471,0.15708154788111345,0.7874067069076826
0.0005257667691448911,0.07236143654045471,0.15708154788111345,0.7874067069076826
0.0005257667691448911,0.07236143654045471,0.15708154788111345,0.7874067069076826
0.0005257667691448911,0.07236143654045471,0.15708154788111345,0.7874067069076826
0.0005257667691448911,0.07236143654045471,0.15708154788111345,0.7874067069076826
0.0005257667691448911,0.07236143654045471,0.15708154788111345,0.7874067069076826
0.0005257667691448911,0.07236143654045471,0.15708154788111345,0.7874067069076826
0.0005257667691448911,0.07236143654045471,0.15708154788111345,0.7874067069076826
0.0005257667691448911,0.07236143654045471,0.15708154788111345,0.7874067069076826
0.0005257667691448911,0.07236143654045471,0.15708154788111345,0.7874067069076826
0.0005257667691448911,0.07236143654045471,0.15708154788111345,0.7874067069076826
0.0005257667691448911,0.07236143654045471,0.15708154788111345,0.7874067069076826
0.0005257667691448911,0.07236143654045471,0.15708154788111345,0.7874067069076826
0.00043799971782913663,0.07355231403585548,0.15813648620029222,0.7865884960361872
0.00043799971782913663,0.07355231403585548,0.15813648620029222,0.7865884960361872
0.00043799971782913663,0.07355231403585548,0.15813648620029222,0.7865884960361872
0.00043799971782913663,0.07355231403585548,0.15813648620029222,0.7865884960361872
-0.001930594978741199,0.07275631357476291,0.16013329359239278,0.7855491401337216
-0.0019007607563995173,0.07182219942100111,0.15935621498152738,0.7862310803341916
-0.0019007607563995173,0.07182219942100111,0.15935621498152738,0.7862310803341916
-0.0019007607563995173,0.07182219942100111,0.15935621498152738,0.7862310803341916
0.0005328230433669658,0.07303040928083232,0.16004894487784438,0.7854619942650204
0.0005328230433669658,0.07303040928083232,0.16004894487784438,0.7854619942650204
0.0010956488377758138,0.07085438744984543,0.161233226075983,0.7861219435844061
0.0010956488377758138,0.07085438744984543,0.161233226075983,0.7861219435844061
0.0010956488377758138,0.07085438744984543,0.161233226075983,0.7861219435844061
0.0010956488377758138,0.07085438744984543,0.161233226075983,0.7861219435844061
0.0022423112417596647,0.06942542173202298,0.1602927596764227,0.7873848067136773
0.0022423112417596647,0.06942542173202298,0.1602927596764227,0.7873848067136773
0.0008335078681380283,0.07183196592738562,0.1633729101455815,0.7852117661975062
0.0008335078681380283,0.07183196592738562,0.1633729101455815,0.7852117661975062
0.0008335078681380283,0.07183196592738562,0.1633729101455815,0.7852117661975062
0.0008335078681380283,0.07183196592738562,0.1633729101455815,0.7852117661975062
0.0030104732007896476,0.07226326139624448,0.16212565648846936,0.7857202360225507
0.0047110282026754146,0.07463731870794178,0.1616898740843702,0.7822729961482987
0.004384068998731269,0.07484762224039479,0.15933525155636621,0.7835075591782898
0.004384068998731269,0.07484762224039479,0.15933525155636621,0.7835075591782898
0.005072957937769407,0.07157914541922816,0.15963440932624676,0.7863123416023466
0.005072957937769407,0.07157914541922816,0.15963440932624676,0.7863123416023466
0.005072957937769407,0.07157914541922816,0.15963440932624676,0.7863123416023466
0.004135800051528245,0.07093108447923548,0.16030963941935789,0.7877257775521819
0.004135800051528245,0.07093108447923548,0.16030963941935789,0.7877257775521819
0.004209972932991985,0.07137820794279358,0.15972469150773186,0.7875839340502465
0.004209972932991985,0.07137820794279358,0.15972469150773186,0.7875839340502465
0.004770244640997232,0.07184661762886782,0.16133913459738056,0.7850729429982239
0.004770244640997232,0.07184661762886782,0.16133913459738056,0.7850729429982239
0.004770244640997232,0.07184661762886782,0.16133913459738056,0.7850729429982239
0.004770244640997232,0.07184661762886782,0.16133913459738056,0.7850729429982239
0.004770244640997232,0.07184661762886782,0.16133913459738056,0.7850729429982239
0.004770244640997232,0.07184661762886782,0.16133913459738056,0.7850729429982239
0.004770244640997232,0.07184661762886782,0.16133913459738056,0.7850729429982239
0.005880347726407986,0.07333408795758019,0.16111166101584962,0.78300615569205
0.005880347726407986,0.07333408795758019,0.16111166101584962,0.78300615569205
0.00824304060806588,0.0756137972072934,0.163347865906351,0.779930886954719
0.00824304060806588,0.0756137972072934,0.163347865906351,0.779930886954719
0.007962625038511487,0.07580421999552359,0.16459860746609742,0.7789194781231791
0.007460356679809928,0.07420014833390003,0.16236804703592347,0.7832551816365181
0.007460356679809928,0.07420014833390003,0.16236804703592347,0.7832551816365181
0.007460356679809928,0.07420014833390003,0.16236804703592347,0.7832551816365181
0.007460356679809928,0.07420014833390003,0.16236804703592347,0.7832551816365181
0.006524150962002837,0.07505171627388799,0.16247227564527697,0.7816726629523684
0.006524150962002837,0.07505171627388799,0.16247227564527697,0.7816726629523684
0.006524150962002837,0.07505171627388799,0.16247227564527697,0.7816726629523684
0.006524150962002837,0.07505171627388799,0.16247227564527697,0.7816726629523684
0.006524150962002837,0.07505171627388799,0.16247227564527697,0.7816726629523684
0.006524150962002837,0.07505171627388799,0.16247227564527697,0.7816726629523684
0.006524150962002837,0.07505171627388799,0.16247227564527697,0.7816726629523684
0.006524150962002837,0.07505171627388799,0.16247227564527697,0.7816726629523684
0.006524150962002837,0.07505171627388799,0.16247227564527697,0.7816726629523684
0.006340908496434749,0.07251236445469644,0.1613504124420291,0.7833385492061928
0.005624634237109047,0.07281129334493039,0.15956798970351363,0.7859359736770201
0.005624634237109047,0.07281129334493039,0.15956798970351363,0.7859359736770201
0.0052242574603129505,0.07257650759251995,0.16216501065663438,0.784212460848822
0.0052242574603129505,0.07257650759251995,0.16216501065663438,0.784212460848822
0.0052242574603129505,0.07257650759251995,0.16216501065663438,0.784212460848822
0.0052242574603129505,0.07257650759251995,0.16216501065663438,0.784212460848822
0.0052242574603129505,0.07257650759251995,0.16216501065663438,0.784212460848822
0.0052242574603129505,0.07257650759251995,0.16216501065663438,0.784212460848822
0.0052242574603129505,0.07257650759251995,0.16216501065663438,0.784212460848822
0.0052242574603129505,0.07257650759251995,0.16216501065663438,0.784212460848822
0.006190635187885695,0.07249562616835033,0.16244634572776437,0.7837221717926626
0.006190635187885695,0.07249562616835033,0.16244634572776437,0.7837221717926626
0.006190635187885695,0.07249562616835033,0.16244634572776437,0.7837221717926626
0.006190635187885695,0.07249562616835033,0.16244634572776437,0.7837221717926626
0.006190635187885695,0.07249562616835033,0.16244634572776437,0.7837221717926626
0.006190635187885695,0.07249562616835033,0.16244634572776437,0.7837221717926626
0.006190635187885695,0.07249562616835033,0.16244634572776437,0.7837221717926626
0.004067552912745966,0.0734351039977805,0.16346332529582505,0.7825552494673008
0.004067552912745966,0.0734351039977805,0.16346332529582505,0.7825552494673008
0.004189436831347539,0.07318936795050054,0.16363512309926415,0.7820559836140899
0.002974383863377267,0.07331453666311492,0.16220240596079633,0.7823055877345808
0.002974383863377267,0.07331453666311492,0.16220240596079633,0.7823055877345808
0.002974383863377267,0.07331453666311492,0.16220240596079633,0.7823055877345808
0.002974383863377267,0.07331453666311492,0.16220240596079633,0.7823055877345808
0.005769133873220646,0.07466075178110666,0.16181925419694917,0.7830307168000941
0.005175875996027828,0.07283514197713269,0.16517957824017665,0.7823129996060605
0.005175875996027828,0.07283514197713269,0.16517957824017665,0.7823129996060605
0.005175875996027828,0.07283514197713269,0.16517957824017665,0.7823129996060605
0.005175875996027828,0.07283514197713269,0.16517957824017665,0.7823129996060605
0.005175875996027828,0.07283514197713269,0.16517957824017665,0.7823129996060605
0.005175875996027828,0.07283514197713269,0.16517957824017665,0.7823129996060605
0.005175875996027828,0.07283514197713269,0.16517957824017665,0.7823129996060605
0.005175875996027828,0.07283514197713269,0.16517957824017665,0.7823129996060605
0.005175875996027828,0.07283514197713269,0.16517957824017665,0.7823129996060605
0.0028539217239790648,0.07194443718355573,0.16333204028989182,0.7828387407645728
0.0028539217239790648,0.07194443718355573,0.16333204028989182,0.7828387407645728
0.0028539217239790648,0.07194443718355573,0.16333204028989182,0.7828387407645728
0.004436669210085689,0.07426832937033596,0.1635363311421026,0.7814879520101528
0.004436669210085689,0.07426832937033596,0.1635363311421026,0.7814879520101528
0.004436669210085689,0.07426832937033596,0.1635363311421026,0.7814879520101528
0.005342634903954693,0.07439496464192862,0.16314977634666325,0.7825645484164764
0.005342634903954693,0.07439496464192862,0.16314977634666325,0.7825645484164764
0.005342634903954693,0.07439496464192862,0.16314977634666325,0.7825645484164764
0.005342634903954693,0.07439496464192862,0.16314977634666325,0.7825645484164764
0.0046386231943453034,0.0737703259111053,0.16377265198023885,0.7825780179838913
0.005084919938277365,0.07354728511147586,0.16373100931876058,0.7806541280445042
0.005084919938277365,0.07354728511147586,0.16373100931876058,0.7806541280445042
0.0040115352384325915,0.07070585737300814,0.16258251909280463,0.7863019029158921
0.0040115352384325915,0.07070585737300814,0.16258251909280463,0.7863019029158921
0.0040115352384325915,0.07070585737300814,0.16258251909280463,0.7863019029158921
0.0040115352384325915,0.07070585737300814,0.16258251909280463,0.7863019029158921
0.0040115352384325915,0.07070585737300814,0.16258251909280463,0.7863019029158921
0.00041361472083656153,0.07081853307444295,0.16136406517011792,0.7875313186664307
0.00041361472083656153,0.07081853307444295,0.16136406517011792,0.7875313186664307
0.00041361472083656153,0.07081853307444295,0.16136406517011792,0.7875313186664307
-0.0013818120064411931,0.07066459530989859,0.1602373835139633,0.7860350782374491
-0.0025688730089429507,0.07022695098850307,0.1608097097350868,0.7867888156483538
-0.0025688730089429507,0.07022695098850307,0.1608097097350868,0.7867888156483538
-0.0023256575518728266,0.07221671140362741,0.1596033379068862,0.785398907951268
-0.0034513613986605716,0.07090185248784532,0.1612400913425419,0.7855858358325221
-0.0034513613986605716,0.07090185248784532,0.1612400913425419,0.7855858358325221
-0.0022126514106984747,0.07256372170438528,0.1609018553512933,0.7835934788057949
-0.0010169526754919382,0.07452947544122963,0.1626116464732755,0.7816039798401381
-0.0010169526754919382,0.07452947544122963,0.1626116464732755,0.7816039798401381
-0.0010169526754919382,0.07452947544122963,0.1626116464732755,0.7816039798401381
-0.0010169526754919382,0.07452947544122963,0.1626116464732755,0.7816039798401381
-0.0010169526754919382,0.07452947544122963,0.1626116464732755,0.7816039798401381
-0.0010169526754919382,0.07452947544122963,0.1626116464732755,0.7816039798401381
-0.0010169526754919382,0.07452947544122963,0.1626116464732755,0.7816039798401381
-0.0010169526754919382,0.07452947544122963,0.1626116464732755,0.7816039798401381
0.0006260401266675781,0.07376920668986764,0.16515126857627654,0.7808282372359894
0.0006260401266675781,0.07376920668986764,0.16515126857627654,0.7808282372359894
0.0006260401266675781,0.07376920668986764,0.16515126857627654,0.7808282372359894
0.0006260401266675781,0.07376920668986764,0.16515126857627654,0.7808282372359894
-0.0008372544017792144,0.07261720965852421,0.16603112226439923,0.7805557862470479
0.0014188785983911233,0.07297457110254363,0.1660332977665068,0.7808999506714164
0.0014188785983911233,0.07297457110254363,0.1660332977665068,0.7808999506714164
0.0014188785983911233,0.07297457110254363,0.1660332977665068,0.7808999506714164
0.0014188785983911233,0.07297457110254363,0.1660332977665068,0.7808999506714164
0.0014188785983911233,0.07297457110254363,0.1660332977665068,0.7808999506714164
0.0014188785983911233,0.07297457110254363,0.1660332977665068,0.7808999506714164
0.0014188785983911233,0.07297457110254363,0.1660332977665068,0.7808999506714164
0.0014188785983911233,0.07297457110254363,0.1660332977665068,0.7808999506714164
0.0014188785983911233,0.07297457110254363,0.1660332977665068,0.7808999506714164
0.0014188785983911233,0.07297457110254363,0.1660332977665068,0.7808999506714164
0.0014188785983911233,0.07297457110254363,0.1660332977665068,0.7808999506714164
0.0014188785983911233,0.07297457110254363,0.1660332977665068,0.7808999506714164
0.0013575397950015703,0.07392867472723952,0.16876337376148443,0.7785340459704485
-0.0009582404063697121,0.07289636635700977,0.16754523276843813,0.7809209342487244
-0.0009582404063697121,0.07289636635700977,0.16754523276843813,0.7809209342487244
0.001336725903402431,0.07178370550505364,0.16547137313552937,0.7836466021807221
0.001336725903402431,0.07178370550505364,0.16547137313552937,0.7836466021807221
0.001280847757529693,0.07200307271073265,0.16234846037458012,0.7819157941769654
0.0010817873147502082,0.07193337897665647,0.1636812682064857,0.7821155628218025
0.0014536725256489042,0.07296183611587766,0.1633177256719512,0.7817505012947835
0.0014536725256489042,0.07296183611587766,0.1633177256719512,0.7817505012947835
0.0014536725256489042,0.07296183611587766,0.1633177256719512,0.7817505012947835
0.0014536725256489042,0.07296183611587766,0.1633177256719512,0.7817505012947835
0.0014536725256489042,0.07296183611587766,0.1633177256719512,0.7817505012947835
0.0007614742255231631,0.07265149767761794,0.1628590531351351,0.7832194289022957
0.0007614742255231631,0.07265149767761794,0.1628590531351351,0.7832194289022957
0.0007614742255231631,0.07265149767761794,0.1628590531351351,0.7832194289022957
0.0007614742255231631,0.07265149767761794,0.1628590531351351,0.7832194289022957
0.00011688031065204627,0.0750342792813185,0.161789370663259,0.7832207089544562
-0.0022595684375951264,0.07347756003245169,0.1617304027283195,0.7847031956715952
-0.0022595684375951264,0.07347756003245169,0.1617304027283195,0.7847031956715952
-0.0022595684375951264,0.07347756003245169,0.1617304027283195,0.7847031956715952
0.0006410792076386399,0.07268326669804993,0.15971135372344905,0.7859161931434513
0.0006410792076386399,0.07268326669804993,0.15971135372344905,0.7859161931434513
0.0006410792076386399,0.07268326669804993,0.15971135372344905,0.7859161931434513
0.0006410792076386399,0.07268326669804993,0.15971135372344905,0.7859161931434513
0.0007247973656126585,0.07310272981744118,0.16485152048555224,0.7825115991186526
0.0004863158269714881,0.07224404217768322,0.1639740842275557,0.7828345188791603
0.0004863158269714881,0.07224404217768322,0.1639740842275557,0.7828345188791603
0.0004863158269714881,0.07224404217768322,0.1639740842275557,0.7828345188791603
0.0004863158269714881,0.07224404217768322,0.1639740842275557,0.7828345188791603
0.0004863158269714881,0.07224404217768322,0.1639740842275557,0.7828345188791603
0.0004863158269714881,0.07224404217768322,0.1639740842275557,0.7828345188791603
0.0004863158269714881,0.07224404217768322,0.1639740842275557,0.7828345188791603
0.0004863158269714881,0.07224404217768322,0.1639740842275557,0.7828345188791603
0.0004863158269714881,0.07224404217768322,0.1639740842275557,0.7828345188791603
0.0004863158269714881,0.07224404217768322,0.1639740842275557,0.7828345188791603
0.0004863158269714881,0.07224404217768322,0.1639740842275557,0.7828345188791603
0.0004863158269714881,0.07224404217768322,0.1639740842275557,0.7828345188791603
0.001424582849142597,0.07231342213903404,0.16410933599871041,0.7829099604944729
0.0018445550008889338,0.0713861554730117,0.161929647456567,0.7836528926869684
0.0018445550008889338,0.0713861554730117,0.161929647456567,0.7836528926869684
0.0014445509378503744,0.06883804305830941,0.16059861848151907,0.7880839081191526
0.002200068801425934,0.06982625401033103,0.16016012493756213,0.7862714101403276
0.0034099776166019967,0.07005511568431749,0.16111746076111716,0.7886754967699646
0.003608164415131205,0.07172074991977401,0.16147355333927946,0.7871709077419765
0.003608164415131205,0.07172074991977401,0.16147355333927946,0.7871709077419765
0.003608164415131205,0.07172074991977401,0.16147355333927946,0.7871709077419765
0.003608164415131205,0.07172074991977401,0.16147355333927946,0.7871709077419765
0.0023907691262900037,0.07172589441259561,0.15938447372470033,0.7864803463644324
0.003023029788552815,0.07215883659710286,0.16094972314956615,0.7849922737621966
0.002973987031956347,0.07426717512937334,0.16099348639596445,0.784292782040502
0.002238130111255388,0.07480659222681849,0.1614157254116021,0.7824712218951375
0.0024767403916666248,0.07499005201387128,0.16219297318765868,0.782305200416928
0.0024767403916666248,0.07499005201387128,0.16219297318765868,0.782305200416928
0.0023488898442450903,0.07467663158573809,0.16031328237266432,0.7823797648761003
0.004150917435552963,0.07252121987216768,0.16161036586142144,0.7851655613907518
0.004150917435552963,0.07252121987216768,0.16161036586142144,0.7851655613907518
0.004150917435552963,0.07252121987216768,0.16161036586142144,0.7851655613907518
0.0031188960991930673,0.07321815955245459,0.16167025340786592,0.7828131840949678
0.002286791439152545,0.07178620756592492,0.15952252926153548,0.7866068370727447
0.004290254264507241,0.07285052773512801,0.16039065203114042,0.7839288021339132
0.0030397002533366817,0.0737286541876749,0.1605391159768315,0.7848695804486244
0.0030397002533366817,0.0737286541876749,0.1605391159768315,0.7848695804486244
0.004054517601446133,0.07341333399876028,0.15948893300337938,0.7856254086614303
0.004054517601446133,0.07341333399876028,0.15948893300337938,0.7856254086614303
0.0026967476618498503,0.07412155396195344,0.159390672260267,0.7846856217211761
0.0026967476618498503,0.07412155396195344,0.159390672260267,0.7846856217211761
0.0026967476618498503,0.07412155396195344,0.159390672260267,0.7846856217211761
0.0026967476618498503,0.07412155396195344,0.159390672260267,0.7846856217211761
0.0037433721181780386,0.07477082415462621,0.16186987853637094,0.7816578250331515
0.0037433721181780386,0.07477082415462621,0.16186987853637094,0.7816578250331515
0.0037433721181780386,0.07477082415462621,0.16186987853637094,0.7816578250331515
0.0037433721181780386,0.07477082415462621,0.16186987853637094,0.7816578250331515
0.0037433721181780386,0.07477082415462621,0.16186987853637094,0.7816578250331515
0.0034317269891537697,0.07519618108936019,0.16234157697462512,0.7816218050147646
0.0034317269891537697,0.07519618108936019,0.16234157697462512,0.7816218050147646
0.0034317269891537697,0.07519618108936019,0.16234157697462512,0.7816218050147646
0.004564155245009153,0.07322048006093654,0.1630992741099054,0.7821952612611454
0.0054801701782044064,0.07490635580041101,0.16210330008201904,0.7823860236774132
0.0054801701782044064,0.07490635580041101,0.16210330008201904,0.7823860236774132
0.004752237740409069,0.0742813241015625,0.16385595831126876,0.7821061349108875
0.004752237740409069,0.0742813241015625,0.16385595831126876,0.7821061349108875
0.0035635768340743813,0.07403768182450869,0.1608881009962926,0.7830473261084426
-0.00020044293544980345,0.07348903239536939,0.16064173787876437,0.7830101905735484
-0.00020044293544980345,0.07348903239536939,0.16064173787876437,0.7830101905735484
0.000615163348261481,0.07531852334274891,0.16217902298643924,0.7815832996412407
0.000615163348261481,0.07531852334274891,0.16217902298643924,0.7815832996412407
0.000615163348261481,0.07531852334274891,0.16217902298643924,0.7815832996412407
0.00045758169864476095,0.07264732707565501,0.16182352138001854,0.7826882284296809
-0.0005809679268071005,0.07236332824911768,0.16267035800763327,0.7842005677857706
-0.0005809679268071005,0.07236332824911768,0.16267035800763327,0.7842005677857706
-0.0005809679268071005,0.07236332824911768,0.16267035800763327,0.7842005677857706
-0.0005809679268071005,0.07236332824911768,0.16267035800763327,0.7842005677857706
-0.00023618463146848353,0.07189794864528855,0.16261551019209747,0.784536133728143
0.0007810302686732128,0.07169040296292628,0.1616010685837371,0.7847109477836998
0.0007810302686732128,0.07169040296292628,0.1616010685837371,0.7847109477836998
0.0007810302686732128,0.07169040296292628,0.1616010685837371,0.7847109477836998
0.0007810302686732128,0.07169040296292628,0.1616010685837371,0.7847109477836998
0.0007810302686732128,0.07169040296292628,0.1616010685837371,0.7847109477836998
0.0007810302686732128,0.07169040296292628,0.1616010685837371,0.7847109477836998
-3.8763885432981635e-05,0.07201721953738714,0.1610195738191457,0.7841676634545786
-3.8763885432981635e-05,0.07201721953738714,0.1610195738191457,0.7841676634545786
0.001652548265914764,0.07353794783958355,0.1616776740057561,0.7824014148308579
0.001652548265914764,0.07353794783958355,0.1616776740057561,0.7824014148308579
0.0005579258442724464,0.07626882471032269,0.16152582675863708,0.7816013812734015
0.0005579258442724464,0.07626882471032269,0.16152582675863708,0.7816013812734015
0.0005579258442724464,0.07626882471032269,0.16152582675863708,0.7816013812734015
0.0005579258442724464,0.07626882471032269,0.16152582675863708,0.7816013812734015
0.0005579258442724464,0.07626882471032269,0.16152582675863708,0.7816013812734015
0.0005579258442724464,0.07626882471032269,0.16152582675863708,0.7816013812734015
0.0005579258442724464,0.07626882471032269,0.16152582675863708,0.7816013812734015
0.00016294748428259003,0.07606891829716281,0.16066928619968754,0.7832296550213219
0.0010372697649508105,0.07344732375351082,0.16240715293900337,0.7833734495632607
0.0010372697649508105,0.07344732375351082,0.16240715293900337,0.7833734495632607
0.0010372697649508105,0.07344732375351082,0.16240715293900337,0.7833734495632607
0.0010372697649508105,0.07344732375351082,0.16240715293900337,0.7833734495632607
0.0010372697649508105,0.07344732375351082,0.16240715293900337,0.7833734495632607
0.002268129351756422,0.07254460774649961,0.16195629969161332,0.7838193308018732
0.001697491647081517,0.0715961558683825,0.16194572613516664,0.7842726374834144
0.0028589812178330364,0.07197124108525654,0.16114418437078337,0.7847090804425685
0.0028589812178330364,0.07197124108525654,0.16114418437078337,0.7847090804425685
0.0028589812178330364,0.07197124108525654,0.16114418437078337,0.7847090804425685
0.0037906301021368,0.07429050667762767,0.16193836440361872,0.781429124736175
0.004347264051149529,0.07417978318534044,0.16032218802226447,0.7828118613879216
0.004347264051149529,0.07417978318534044,0.16032218802226447,0.7828118613879216
0.002922619506312995,0.07390047364907777,0.16000221549776586,0.7847738363870201
0.0007818974315797061,0.07131504848020571,0.16006073852361094,0.7865393652248032
0.0007818974315797061,0.07131504848020571,0.16006073852361094,0.7865393652248032
-0.0008797218211540594,0.07073879966736422,0.15913448071979072,0.7880749944687883
-0.0008797218211540594,0.07073879966736422,0.15913448071979072,0.7880749944687883
0.0009990366762082689,0.0707633067992961,0.160598128501811,0.7862349895075919
0.0009990366762082689,0.0707633067992961,0.160598128501811,0.7862349895075919
-0.0017311223964900813,0.0706211484406207,0.1604035450915754,0.7875231922113788
-0.002616410359085851,0.07045554902509052,0.15970536722617615,0.7869478244590078
-0.002616410359085851,0.07045554902509052,0.15970536722617615,0.7869478244590078
-0.002616410359085851,0.07045554902509052,0.15970536722617615,0.7869478244590078
-0.002616410359085851,0.07045554902509052,0.15970536722617615,0.7869478244590078
-0.002616410359085851,0.07045554902509052,0.15970536722617615,0.7869478244590078
-0.002616410359085851,0.07045554902509052,0.15970536722617615,0.7869478244590078
-0.002616410359085851,0.07045554902509052,0.15970536722617615,0.7869478244590078
-0.002616410359085851,0.07045554902509052,0.15970536722617615,0.7869478244590078
-0.002616410359085851,0.07045554902509052,0.15970536722617615,0.7869478244590078
-0.002616410359085851,0.07045554902509052,0.15970536722617615,0.7869478244590078
-0.0003766629992041008,0.07199530015559592,0.15982434567090187,0.786926084377493
-0.0007435352133322109,0.07280612935446827,0.15965806260894647,0.7866965898004791
-0.0019827723945432777,0.07308052223035193,0.16098736970974553,0.7846471304912864
-0.0019827723945432777,0.07308052223035193,0.16098736970974553,0.7846471304912864
-0.0022096552674821727,0.07442294933906572,0.16136635574332792,0.7828357020991006
-0.00254051862480347,0.07198249309558111,0.15763858920536325,0.7867669014397268
-0.0029608463910033955,0.0725711555346186,0.158846273464478,0.786701930661786
-0.0034015396293029963,0.07485636799996524,0.15798444844397416,0.7855425395322192
-0.0022628371152542785,0.0762656623149998,0.15814986792805827,0.782865617652694
-0.0022628371152542785,0.0762656623149998,0.15814986792805827,0.782865617652694
-0.0022628371152542785,0.0762656623149998,0.15814986792805827,0.782865617652694
-0.0022628371152542785,0.0762656623149998,0.15814986792805827,0.782865617652694
-0.0022628371152542785,0.0762656623149998,0.15814986792805827,0.782865617652694
-0.0042695110916588005,0.07547615211736568,0.15836612952505497,0.7847234066410251
-0.0042695110916588005,0.07547615211736568,0.15836612952505497,0.7847234066410251
-0.0038199157855816485,0.0754982387946998,0.159547017095585,0.7837333133882575
-0.0038199157855816485,0.0754982387946998,0.159547017095585,0.7837333133882575
-0.0038199157855816485,0.0754982387946998,0.159547017095585,0.7837333133882575
-0.0038199157855816485,0.0754982387946998,0.159547017095585,0.7837333133882575
-0.0009466575505661838,0.07469871081030936,0.1616203259148129,0.7841731361918505
-0.0009466575505661838,0.07469871081030936,0.1616203259148129,0.7841731361918505
-0.0009466575505661838,0.07469871081030936,0.1616203259148129,0.7841731361918505
0.0020888812186242397,0.07393416253863486,0.16168642690948468,0.7829649611548305
0.0007506773990535777,0.07246634079892533,0.16266430927474682,0.7834932049272615
0.0007506773990535777,0.07246634079892533,0.16266430927474682,0.7834932049272615
0.000920384873708731,0.07335638203876793,0.16254849688647346,0.7826681323170867
0.000920384873708731,0.07335638203876793,0.16254849688647346,0.7826681323170867
0.000920384873708731,0.07335638203876793,0.16254849688647346,0.7826681323170867
0.000920384873708731,0.07335638203876793,0.16254849688647346,0.7826681323170867
0.0010291543830192645,0.0756679023659066,0.16068066177360757,0.7819137868483831
0.0006800702314255498,0.07646425436920987,0.1635130775088053,0.7793660570488363
-0.0010560070696543223,0.07469371730748323,0.16430218259446572,0.7795812789098892
-0.0010560070696543223,0.07469371730748323,0.16430218259446572,0.7795812789098892
-0.00030826241580890446,0.07478087070896755,0.16400180103040918,0.7793741518814898
-0.00030826241580890446,0.07478087070896755,0.16400180103040918,0.7793741518814898
-0.00030826241580890446,0.07478087070896755,0.16400180103040918,0.7793741518814898
-0.00030826241580890446,0.07478087070896755,0.16400180103040918,0.7793741518814898
-0.00030826241580890446,0.07478087070896755,0.16400180103040918,0.7793741518814898
-0.00030826241580890446,0.07478087070896755,0.16400180103040918,0.7793741518814898
-0.00030826241580890446,0.07478087070896755,0.16400180103040918,0.7793741518814898
0.0006133165697885281,0.07718090709233992,0.1640899489929371,0.7790490344732149
-9.05808717167726e-06,0.07671186030685936,0.16471125259963676,0.7784173371385161
-0.0011624553691311637,0.07645909868576768,0.1649756030372016,0.7784570540859991
-0.0019070727403552815,0.07328931813797802,0.16619878567424887,0.7794156704467888
-0.0019070727403552815,0.07328931813797802,0.16619878567424887,0.7794156704467888
-0.0019070727403552815,0.07328931813797802,0.16619878567424887,0.7794156704467888
0.0015802658191093658,0.0735349984228731,0.16530348263735736,0.7785418099782503
-0.0012524818595407018,0.07343840603585998,0.1654885448707288,0.7809396406451978
-0.0012524818595407018,0.07343840603585998,0.1654885448707288,0.7809396406451978
-0.0012524818595407018,0.07343840603585998,0.1654885448707288,0.7809396406451978
-0.0029730310469271827,0.0741211318435061,0.16495728528777118,0.7806421904890767
-0.0027559847400862553,0.07147323496800985,0.16572926320162007,0.7824241723036812
-0.0014662799581483317,0.07055739291164102,0.1678026578813028,0.7822894336275563
-0.0014662799581483317,0.07055739291164102,0.1678026578813028,0.7822894336275563
-0.0014662799581483317,0.07055739291164102,0.1678026578813028,0.7822894336275563
-0.0014810595743382472,0.07245550122630354,0.16743185055217283,0.7815209001057223
0.0007370315361511241,0.07194381579696593,0.16673622882496134,0.7812827733210349
0.0007370315361511241,0.07194381579696593,0.16673622882496134,0.7812827733210349
0.0007370315361511241,0.07194381579696593,0.16673622882496134,0.7812827733210349
0.0007370315361511241,0.07194381579696593,0.16673622882496134,0.7812827733210349
0.0007370315361511241,0.07194381579696593,0.16673622882496134,0.7812827733210349
0.0007370315361511241,0.07194381579696593,0.16673622882496134,0.7812827733210349
0.00023366022814902583,0.07355190336113183,0.16617880748371322,0.7795135880387428
0.00023366022814902583,0.07355190336113183,0.16617880748371322,0.7795135880387428
0.00023366022814902583,0.07355190336113183,0.16617880748371322,0.7795135880387428
0.00023366022814902583,0.07355190336113183,0.16617880748371322,0.7795135880387428
-0.0013787215532906595,0.0757671155564135,0.16767072727100502,0.7762279545328056
-0.0013787215532906595,0.0757671155564135,0.16767072727100502,0.7762279545328056
-0.0013787215532906595,0.0757671155564135,0.16767072727100502,0.7762279545328056
-0.00238985910497389,0.07477288184210591,0.16914683047274803,0.7770067703761355
-0.00238985910497389,0.07477288184210591,0.16914683047274803,0.7770067703761355
-0.00238985910497389,0.07477288184210591,0.16914683047274803,0.7770067703761355
-0.00238985910497389,0.07477288184210591,0.16914683047274803,0.7770067703761355
-0.00238985910497389,0.07477288184210591,0.16914683047274803,0.7770067703761355
-0.0034869375443915473,0.07420133569327994,0.16950840318723265,0.7760031570761582
-0.0012317440719323072,0.07272594134371685,0.16699425553310143,0.7769190302560356
-0.0012317440719323072,0.07272594134371685,0.16699425553310143,0.7769190302560356
-0.0010301833714813579,0.07337359988871524,0.166824694686257,0.7760381321989769
-0.003931445173211435,0.07396755863121313,0.16601476392664477,0.7770424569820924
-0.003931445173211435,0.07396755863121313,0.16601476392664477,0.7770424569820924
-0.003931445173211435,0.07396755863121313,0.16601476392664477,0.7770424569820924
-0.004533042630666978,0.07537517519989664,0.16733509530646207,0.776365450421326
-0.0030639131126293266,0.07854064027497118,0.1678769654036451,0.7742988893858476
-0.0030639131126293266,0.07854064027497118,0.1678769654036451,0.7742988893858476
-0.003609776136192281,0.07664436641793806,0.16723780924842196,0.7754861484364942
-0.003609776136192281,0.07664436641793806,0.16723780924842196,0.7754861484364942
-0.0017277443845552267,0.07590475663229611,0.16624364494909127,0.7769486140004321
-0.0017277443845552267,0.07590475663229611,0.16624364494909127,0.7769486140004321
-0.0011740180218507237,0.07604186033643591,0.1673618263233214,0.7768136469162893
-0.0011740180218507237,0.07604186033643591,0.1673618263233214,0.7768136469162893
-0.0011740180218507237,0.07604186033643591,0.1673618263233214,0.7768136469162893
-0.0005828932911839525,0.07410587066670676,0.16475435170908503,0.7805629146976887
-0.0014161429190453492,0.0719161499377035,0.16197750735456667,0.783601587153542
-0.00021111466952087633,0.07328104191261953,0.15779348434630402,0.786504434619258
-0.00021111466952087633,0.07328104191261953,0.15779348434630402,0.786504434619258
-0.0015071834132897937,0.07277407035773996,0.15833049354751796,0.785477513088235
-0.0015071834132897937,0.07277407035773996,0.15833049354751796,0.785477513088235
-0.0015071834132897937,0.07277407035773996,0.15833049354751796,0.785477513088235
-0.002945954352892791,0.07251073019812938,0.15753499108185323,0.786686736545582
-0.002121375296691583,0.07281594786138414,0.15984592338551537,0.7859072549693821
-0.002121375296691583,0.07281594786138414,0.15984592338551537,0.7859072549693821
-0.002121375296691583,0.07281594786138414,0.15984592338551537,0.7859072549693821
-0.002121375296691583,0.07281594786138414,0.15984592338551537,0.7859072549693821
-0.002121375296691583,0.07281594786138414,0.15984592338551537,0.7859072549693821
-0.002156201626300264,0.07257708481125442,0.16237467985183512,0.7851724613425892
-0.0006992974513462071,0.07220599041389938,0.16222559191510288,0.783609011319316
-0.0006992974513462071,0.07220599041389938,0.16222559191510288,0.783609011319316
-0.0006992974513462071,0.07220599041389938,0.16222559191510288,0.783609011319316
-0.0006992974513462071,0.07220599041389938,0.16222559191510288,0.783609011319316
-0.0006992974513462071,0.07220599041389938,0.16222559191510288,0.783609011319316
-0.0011170580311225182,0.07139982522375773,0.16498690852419484,0.7828825371277214
-0.0011170580311225182,0.07139982522375773,0.16498690852419484,0.7828825371277214
-0.0008453665215182482,0.07201543873879006,0.16355689633126647,0.7832918716851488
-0.001732538636520787,0.0721333948456084,0.16204733261627488,0.7847682363180002
-0.003223933509547691,0.07123458860193116,0.16290243049494496,0.7852296104833483
-0.003223933509547691,0.07123458860193116,0.16290243049494496,0.7852296104833483
-0.0027586577318536296,0.07242974839565153,0.16387914514023041,0.7825976231261214
-0.0008707508096054209,0.0727025993914467,0.16361445426577603,0.7833449305195476
-0.0008707508096054209,0.0727025993914467,0.16361445426577603,0.7833449305195476
-0.0008707508096054209,0.0727025993914467,0.16361445426577603,0.7833449305195476
-0.0008707508096054209,0.0727025993914467,0.16361445426577603,0.7833449305195476
-0.0008707508096054209,0.0727025993914467,0.16361445426577603,0.7833449305195476
-0.0008707508096054209,0.0727025993914467,0.16361445426577603,0.7833449305195476
-0.0008707508096054209,0.0727025993914467,0.16361445426577603,0.7833449305195476
-0.0008707508096054209,0.0727025993914467,0.16361445426577603,0.7833449305195476
-0.0008707508096054209,0.0727025993914467,0.16361445426577603,0.7833449305195476
-0.0008707508096054209,0.0727025993914467,0.16361445426577603,0.7833449305195476
-0.0008707508096054209,0.0727025993914467,0.16361445426577603,0.7833449305195476
-0.0008707508096054209,0.0727025993914467,0.16361445426577603,0.7833449305195476
-0.0008707508096054209,0.0727025993914467,0.16361445426577603,0.7833449305195476
-0.001564813977603046,0.07425091027988469,0.16389184141724242,0.781207631671748
-0.001564813977603046,0.07425091027988469,0.16389184141724242,0.781207631671748
-0.001564813977603046,0.07425091027988469,0.16389184141724242,0.781207631671748
-0.001564813977603046,0.07425091027988469,0.16389184141724242,0.781207631671748
-0.004467652459349491,0.07341177980150108,0.16350780211944957,0.7818093968551727
-0.003520352251370141,0.07353943978904195,0.16434074635675877,0.7804331710890082
-0.003520352251370141,0.07353943978904195,0.16434074635675877,0.7804331710890082
-0.003520352251370141,0.07353943978904195,0.16434074635675877,0.7804331710890082
-0.003520352251370141,0.07353943978904195,0.16434074635675877,0.7804331710890082
-0.001078406858671077,0.07280213741829458,0.16627683303217855,0.7799856426730833
2.5679498840880085e-05,0.0742347804329049,0.1638554163050392,0.7814027663832214
2.5679498840880085e-05,0.0742347804329049,0.1638554163050392,0.7814027663832214
2.5679498840880085e-05,0.0742347804329049,0.1638554163050392,0.7814027663832214
2.5679498840880085e-05,0.0742347804329049,0.1638554163050392,0.7814027663832214
2.5679498840880085e-05,0.0742347804329049,0.1638554163050392,0.7814027663832214
2.5679498840880085e-05,0.0742347804329049,0.1638554163050392,0.7814027663832214
2.5679498840880085e-05,0.0742347804329049,0.1638554163050392,0.7814027663832214
7.586584879006522e-06,0.071984806775255,0.16231705533010798,0.7835773134937298
7.586584879006522e-06,0.071984806775255,0.16231705533010798,0.7835773134937298
7.586584879006522e-06,0.071984806775255,0.16231705533010798,0.7835773134937298
-7.404647067371053e-05,0.074446236441124,0.1628662614156533,0.7821543399993636
0.000956232738957241,0.07250313520399403,0.16280066188137055,0.7838791996703252
0.000956232738957241,0.07250313520399403,0.16280066188137055,0.7838791996703252
0.0008899054426372352,0.07282413487944632,0.16133601904350447,0.7842649356917119
0.0008899054426372352,0.07282413487944632,0.16133601904350447,0.7842649356917119
0.0008899054426372352,0.07282413487944632,0.16133601904350447,0.7842649356917119
0.0008899054426372352,0.07282413487944632,0.16133601904350447,0.7842649356917119
0.0008899054426372352,0.07282413487944632,0.16133601904350447,0.7842649356917119
0.0008899054426372352,0.07282413487944632,0.16133601904350447,0.7842649356917119
0.0008899054426372352,0.07282413487944632,0.16133601904350447,0.7842649356917119
0.0011519453218264023,0.07264867408184501,0.1631061690013968,0.7831883697633586
0.0011576790346510357,0.07231959757683558,0.16504555208273872,0.781894678588958
0.0011576790346510357,0.07231959757683558,0.16504555208273872,0.781894678588958
0.0011576790346510357,0.07231959757683558,0.16504555208273872,0.781894678588958
0.0011576790346510357,0.07231959757683558,0.16504555208273872,0.781894678588958
0.0011576790346510357,0.07231959757683558,0.16504555208273872,0.781894678588958
0.0032540308318069954,0.07202029177771928,0.1657582510355319,0.7821475299676541
0.003213902899444719,0.07217807987014833,0.16587673603458386,0.782156531123771
0.003213902899444719,0.07217807987014833,0.16587673603458386,0.782156531123771
0.003213902899444719,0.07217807987014833,0.16587673603458386,0.782156531123771
0.003213902899444719,0.07217807987014833,0.16587673603458386,0.782156531123771
0.003213902899444719,0.07217807987014833,0.16587673603458386,0.782156531123771
0.0040225496171824495,0.07410128589022302,0.16539549978321724,0.7813736626325593
0.004201645136694514,0.07556619762351566,0.16503713674923792,0.7813535201933591
0.004201645136694514,0.07556619762351566,0.16503713674923792,0.7813535201933591
0.004201645136694514,0.07556619762351566,0.16503713674923792,0.7813535201933591
0.004201645136694514,0.07556619762351566,0.16503713674923792,0.7813535201933591
0.004201645136694514,0.07556619762351566,0.16503713674923792,0.7813535201933591
0.0030258239311726984,0.07540548910528504,0.16529606047441123,0.7804310018152227
0.0030258239311726984,0.07540548910528504,0.16529606047441123,0.7804310018152227
0.002469252514463538,0.0765922326840395,0.16494209721030345,0.7793407852214402
0.002469252514463538,0.0765922326840395,0.16494209721030345,0.7793407852214402
-0.0006198393389890409,0.07563373949725545,0.16308965770698788,0.7807980046355011
-0.0006198393389890409,0.07563373949725545,0.16308965770698788,0.7807980046355011
-0.004131572966394386,0.07516269931810225,0.16293455715676583,0.7808400477498406
-0.004131572966394386,0.07516269931810225,0.16293455715676583,0.7808400477498406
-0.004131572966394386,0.07516269931810225,0.16293455715676583,0.7808400477498406
-0.004131572966394386,0.07516269931810225,0.16293455715676583,0.7808400477498406
-0.004131572966394386,0.07516269931810225,0.16293455715676583,0.7808400477498406
-0.00641412795363,0.07426037605064384,0.16289018748353667,0.780504856547947
-0.004539275702850231,0.07466046017928914,0.16229488437859163,0.7812394214666891
-0.005382412947244171,0.07533149349455363,0.16212797622033284,0.7817140607707532
-0.005382412947244171,0.07533149349455363,0.16212797622033284,0.7817140607707532
-0.005664383276506733,0.07483760083598305,0.16151394196098814,0.7829414996727747
-0.0032585082549479003,0.07404240968987302,0.15973755006637883,0.7857424411828752
-0.0032585082549479003,0.07404240968987302,0.15973755006637883,0.7857424411828752
-0.002890125985069037,0.07331900249914619,0.15849313860469305,0.7858232578187557
-0.002890125985069037,0.07331900249914619,0.15849313860469305,0.7858232578187557
-0.002943988866399171,0.07116278852358901,0.1583658911593966,0.7881698521135083
-0.004108609969540174,0.06934923801310491,0.1572962062807897,0.7898351709149476
-0.004108609969540174,0.06934923801310491,0.1572962062807897,0.7898351709149476
-0.004907155487673056,0.07009521189355104,0.15699895181866796,0.7913238926764556
-0.004907155487673056,0.07009521189355104,0.15699895181866796,0.7913238926764556
-0.004907155487673056,0.07009521189355104,0.15699895181866796,0.7913238926764556
-0.006840926345433023,0.07004792328987723,0.15539510524127645,0.7915497605191993
-0.00867852168869112,0.07033964787857748,0.1565903518267408,0.790587217931701
-0.00867852168869112,0.07033964787857748,0.1565903518267408,0.790587217931701
-0.007881576838076014,0.07257037827456257,0.15750937057610778,0.7888081084915418
-0.007101771939192382,0.07116269505337733,0.15802979460611843,0.7872229258584866
-0.007101771939192382,0.07116269505337733,0.15802979460611843,0.7872229258584866
-0.007101771939192382,0.07116269505337733,0.15802979460611843,0.7872229258584866
-0.006009853929025678,0.07245619289379897,0.156028639077352,0.7882174257169144
-0.002996079074112284,0.07276987123555015,0.15667273668115975,0.7879653842867236
-0.002996079074112284,0.07276987123555015,0.15667273668115975,0.7879653842867236
-0.002996079074112284,0.07276987123555015,0.15667273668115975,0.7879653842867236
-0.003590780663931491,0.07266302957041271,0.158082795300487,0.7867283661078265
-0.0020403144452855963,0.07266537311615764,0.15612711203708066,0.78952243206755
-0.0020403144452855963,0.07266537311615764,0.15612711203708066,0.78952243206755
-0.0020403144452855963,0.07266537311615764,0.15612711203708066,0.78952243206755
-0.0035765053478483662,0.07186185448255811,0.15544869882681767,0.7895613259327394
-0.0008438770743895139,0.07280569863027023,0.1583002876071527,0.7873170318146101
-0.0008438770743895139,0.07280569863027023,0.1583002876071527,0.7873170318146101
-0.0009341736714305959,0.07216561950994838,0.15767452016292047,0.787858458493342
-0.0009341736714305959,0.07216561950994838,0.15767452016292047,0.787858458493342
-0.0009341736714305959,0.07216561950994838,0.15767452016292047,0.787858458493342
8.047327414860926e-05,0.07236143534841524,0.15817595688495747,0.7864607566995349
0.002073987908022844,0.07407561158746921,0.15778505849259378,0.7857645228538316
0.002073987908022844,0.07407561158746921,0.15778505849259378,0.7857645228538316
0.0024131006084654166,0.07670478907459091,0.16132853896083307,0.781270226272193
0.0024131006084654166,0.07670478907459091,0.16132853896083307,0.781270226272193
0.0008298791839415644,0.07767643134890269,0.16231567665106617,0.7799332318515686
-0.0014222068750041636,0.07720083341503826,0.16149758244597912,0.7798385171152569
-0.0014222068750041636,0.07720083341503826,0.16149758244597912,0.7798385171152569
-0.0014222068750041636,0.07720083341503826,0.16149758244597912,0.7798385171152569
-0.0024708240161474826,0.07504066562046031,0.1596949779666879,0.7818251651400016
-0.002428121347748422,0.07583044268178812,0.16353927060010193,0.7790812508840682
0.0009977002175946817,0.07422831649162676,0.16040167961814827,0.7835910871095836
0.0009977002175946817,0.07422831649162676,0.16040167961814827,0.7835910871095836
0.0009977002175946817,0.07422831649162676,0.16040167961814827,0.7835910871095836
0.0009977002175946817,0.07422831649162676,0.16040167961814827,0.7835910871095836
0.0009977002175946817,0.07422831649162676,0.16040167961814827,0.7835910871095836
0.0008906536770440674,0.07580972661404166,0.1622003370930401,0.7809303810932597
0.0008906536770440674,0.07580972661404166,0.1622003370930401,0.7809303810932597
0.0030777195471786024,0.07367195499209564,0.1609893738656193,0.7847899952046975
0.001933306291049337,0.0753304758626675,0.16396560965365323,0.7801312187968255
0.001933306291049337,0.0753304758626675,0.16396560965365323,0.7801312187968255
0.0005407882576701488,0.07492345766884188,0.16230734875342,0.7807251430655351
0.0015347165148730192,0.0739364044121226,0.16264597540290957,0.781108167815854
0.0015347165148730192,0.0739364044121226,0.16264597540290957,0.781108167815854
0.0015347165148730192,0.0739364044121226,0.16264597540290957,0.781108167815854
-0.0005323804075311265,0.07440823849032642,0.16032179187798265,0.78214869932028
-0.001452476766184894,0.07320964414862272,0.16076634762168518,0.7847212099892101
-0.001452476766184894,0.07320964414862272,0.16076634762168518,0.7847212099892101
-0.0014983471230923457,0.07125513816332821,0.16026407341206556,0.7844321810360931
0.0008239103455484297,0.07135763656438181,0.16092995941773422,0.784648724452452
0.0008239103455484297,0.07135763656438181,0.16092995941773422,0.784648724452452
0.000521655035512152,0.06960081480863939,0.16030522859534058,0.7870311170696035
-0.0008162666647051433,0.07059175288021884,0.16120032708623278,0.785679797560065
-0.001873700369117628,0.07030064298329877,0.160455522838381,0.786996820381719
-0.0027550089377871693,0.0693677065404078,0.16098262710801078,0.7871114334479836
-0.0031354106637503636,0.06946133887806803,0.15842058059128278,0.7891593009369835
-0.0031354106637503636,0.06946133887806803,0.15842058059128278,0.7891593009369835
-0.0031354106637503636,0.06946133887806803,0.15842058059128278,0.7891593009369835
-0.0028491650940292612,0.07209962901204295,0.1594639880088385,0.7869749799612372
0.0006246423309797353,0.07300689094200533,0.15966487269009172,0.786115253464598
0.0006246423309797353,0.07300689094200533,0.15966487269009172,0.786115253464598
0.0006246423309797353,0.07300689094200533,0.15966487269009172,0.786115253464598
0.0006246423309797353,0.07300689094200533,0.15966487269009172,0.786115253464598
0.0027568505606115285,0.07423050805708026,0.16118884224312363,0.7843026264415792
0.003232496022373455,0.07475384278548763,0.16104299551327375,0.7837336082179793
0.003332792353814002,0.07389173176718762,0.15813678965534148,0.7860008003374852
0.003332792353814002,0.07389173176718762,0.15813678965534148,0.7860008003374852
0.003332792353814002,0.07389173176718762,0.15813678965534148,0.7860008003374852
0.003332792353814002,0.07389173176718762,0.15813678965534148,0.7860008003374852
0.0031686799404694443,0.0732989721636694,0.1580908233744834,0.7861857717140225
0.0031686799404694443,0.0732989721636694,0.1580908233744834,0.7861857717140225
0.0031686799404694443,0.0732989721636694,0.1580908233744834,0.7861857717140225
0.0031686799404694443,0.0732989721636694,0.1580908233744834,0.7861857717140225
0.0033409063326861653,0.07310320774989235,0.16118873075429124,0.785463607505044
0.0025274020783388387,0.07195117943789006,0.1590595782074937,0.787267293568199
0.0025274020783388387,0.07195117943789006,0.1590595782074937,0.787267293568199
0.0026045512844585787,0.0724464247833278,0.1597652764351487,0.7870505722812843
0.005551230626188704,0.0717336525672693,0.16152094395554908,0.7837300262837323
0.007103356191526775,0.07187586668960763,0.1648209123017065,0.7832525256914483
0.007103356191526775,0.07187586668960763,0.1648209123017065,0.7832525256914483
0.007103356191526775,0.07187586668960763,0.1648209123017065,0.7832525256914483
0.0038261936373012646,0.07130624914418134,0.16569381777403303,0.7832371615174197
0.0038261936373012646,0.07130624914418134,0.16569381777403303,0.7832371615174197
0.001448995835051993,0.06980598812751322,0.1662619513081351,0.7836743870542787
0.001448995835051993,0.06980598812751322,0.1662619513081351,0.7836743870542787
0.001448995835051993,0.06980598812751322,0.1662619513081351,0.7836743870542787
0.0002382340478896271,0.06934183871804374,0.1656783460784718,0.7842704498640138
0.0002382340478896271,0.06934183871804374,0.1656783460784718,0.7842704498640138
0.0002382340478896271,0.06934183871804374,0.1656783460784718,0.7842704498640138
-0.0015610493614096736,0.07049390413489134,0.16454933046270986,0.7851700673891484
-0.002788035205528885,0.07193899222543004,0.16445940407285853,0.7845313731768632
-0.0008523382657291804,0.07042640197124433,0.16120221864863846,0.7853371420766854
-0.0013508964677373192,0.0697151603852875,0.1621951280656601,0.7851306107453521
0.0004369798022395219,0.06922289751675789,0.16113300965977037,0.7863031948371858
0.0004369798022395219,0.06922289751675789,0.16113300965977037,0.7863031948371858
0.0004369798022395219,0.06922289751675789,0.16113300965977037,0.7863031948371858
0.003014753735442025,0.07097344136487113,0.16358227771395542,0.7846175112911322
0.0032540758896001483,0.0716254280391231,0.1634273123795277,0.7827041797066328
0.003998177322466093,0.0717390075484897,0.16432297822886408,0.782141059727324
-2.9356009351178165e-05,0.07302352805621282,0.16709186826470732,0.7777566225469428
-2.9356009351178165e-05,0.07302352805621282,0.16709186826470732,0.7777566225469428
-0.00036122374125844,0.07253291059173908,0.1683565333088876,0.7775083271144352
-0.0012371658422232136,0.07315227366707176,0.16832259379246475,0.7768335301210907
0.0008403989846918745,0.07304097801115991,0.16927376445728118,0.7769251822081638
-0.0002047201013854272,0.07418591936968714,0.17011244579331283,0.7775630984076802
-0.0020615437640448733,0.07498957696941108,0.17021422369522632,0.7777255650240011
-0.003293628412580703,0.07510390375965821,0.16835307887645873,0.7774045591520627
-0.0037388694360424683,0.07411711338443333,0.16656545785007187,0.7800008835266234
-0.0037388694360424683,0.07411711338443333,0.16656545785007187,0.7800008835266234
-0.0037388694360424683,0.07411711338443333,0.16656545785007187,0.7800008835266234
-0.0037388694360424683,0.07411711338443333,0.16656545785007187,0.7800008835266234
-0.005538038829841476,0.0739573613910303,0.16534717866496781,0.7803065721872332
-0.005538038829841476,0.0739573613910303,0.16534717866496781,0.7803065721872332
-0.005538038829841476,0.0739573613910303,0.16534717866496781,0.7803065721872332
-0.005538038829841476,0.0739573613910303,0.16534717866496781,0.7803065721872332
-0.005538038829841476,0.0739573613910303,0.16534717866496781,0.7803065721872332
-0.005538038829841476,0.0739573613910303,0.16534717866496781,0.7803065721872332
-0.0033407928964128285,0.07459405472437619,0.16552529548426098,0.7791308848255878
-0.0033407928964128285,0.07459405472437619,0.16552529548426098,0.7791308848255878
-0.0033407928964128285,0.07459405472437619,0.16552529548426098,0.7791308848255878
-0.0033407928964128285,0.07459405472437619,0.16552529548426098,0.7791308848255878
-0.00313754759019948,0.07492986947673666,0.1665602850839898,0.778183241081003
-0.00313754759019948,0.07492986947673666,0.1665602850839898,0.778183241081003
-0.00313754759019948,0.07492986947673666,0.1665602850839898,0.778183241081003
-0.00313754759019948,0.07492986947673666,0.1665602850839898,0.778183241081003
-0.00313754759019948,0.07492986947673666,0.1665602850839898,0.778183241081003
-0.0027369446990741296,0.07632758870010901,0.16383743510538518,0.7788847440661154
-0.0027369446990741296,0.07632758870010901,0.16383743510538518,0.7788847440661154
-0.0027369446990741296,0.07632758870010901,0.16383743510538518,0.7788847440661154
-0.0028455691255117118,0.07558881490852402,0.16252261806239615,0.7804074195997537
-0.0028455691255117118,0.07558881490852402,0.16252261806239615,0.7804074195997537
-0.0028455691255117118,0.07558881490852402,0.16252261806239615,0.7804074195997537
-0.0028455691255117118,0.07558881490852402,0.16252261806239615,0.7804074195997537
-0.001944055846101258,0.07627364128207742,0.16196757005017118,0.7812024927332025
-0.001944055846101258,0.07627364128207742,0.16196757005017118,0.7812024927332025
-0.001944055846101258,0.07627364128207742,0.16196757005017118,0.7812024927332025
-0.001944055846101258,0.07627364128207742,0.16196757005017118,0.7812024927332025
-0.001944055846101258,0.07627364128207742,0.16196757005017118,0.7812024927332025
-0.001944055846101258,0.07627364128207742,0.16196757005017118,0.7812024927332025
-0.001782945072244323,0.0754236080790509,0.160780092958718,0.7819607506358114
-0.004726771102937918,0.07538640799199187,0.16101133824722644,0.7801885191799357
-0.004726771102937918,0.07538640799199187,0.16101133824722644,0.7801885191799357
-0.004726771102937918,0.07538640799199187,0.16101133824722644,0.7801885191799357
-0.004726771102937918,0.07538640799199187,0.16101133824722644,0.7801885191799357
-0.004726771102937918,0.07538640799199187,0.16101133824722644,0.7801885191799357
-0.006210094749279554,0.0756298776991168,0.16323864258125834,0.7801109356608261
-0.006210094749279554,0.0756298776991168,0.16323864258125834,0.7801109356608261
-0.006210094749279554,0.0756298776991168,0.16323864258125834,0.7801109356608261
-0.0024537292705002125,0.07702488338339702,0.16109950715776894,0.7809729578970298
-0.0024537292705002125,0.07702488338339702,0.16109950715776894,0.7809729578970298
-0.0024537292705002125,0.07702488338339702,0.16109950715776894,0.7809729578970298
-0.002256095116212913,0.07470115794438625,0.16200830781290268,0.7809694677122204
-0.002256095116212913,0.07470115794438625,0.16200830781290268,0.7809694677122204
-0.0011983502834559772,0.07288414482292983,0.1599606980591529,0.783934238526334
-0.0011983502834559772,0.07288414482292983,0.1599606980591529,0.783934238526334
-0.001603151385981545,0.07230326989787483,0.15938604449016053,0.785355886415858
-0.001603151385981545,0.07230326989787483,0.15938604449016053,0.785355886415858
-0.00398446929948802,0.0734368115254837,0.16199660067649235,0.784930486375796
-0.00398446929948802,0.0734368115254837,0.16199660067649235,0.784930486375796
-0.0026105715919481315,0.07170610616219895,0.16080401947047146,0.785794691839132
-0.0029850508184816457,0.0706176273261723,0.16007020100452476,0.7874443025087653
-0.0013458105208156532,0.06979433943938765,0.159711922497975,0.788132124835183
-0.0033920887449100127,0.07019224257810358,0.16067414938131314,0.7859387879013927
-0.0033920887449100127,0.07019224257810358,0.16067414938131314,0.7859387879013927
-0.001849642552943537,0.07099215074859148,0.16137631621133458,0.7845072815320822
-0.001849642552943537,0.07099215074859148,0.16137631621133458,0.7845072815320822
-0.0027624337124627376,0.07236862936424375,0.16093281911752763,0.7851059372896367
-0.004365894518356911,0.07185942695590584,0.15929870074674027,0.7867028749972189
-0.005928653621449226,0.07209159245145207,0.15970326702219437,0.7863859293724283
-0.00936026421010093,0.07146911821087322,0.1617500915297835,0.7847273552117118
-0.00936026421010093,0.07146911821087322,0.1617500915297835,0.7847273552117118
-0.008595710090880374,0.07202989858712919,0.16389098402656213,0.7822133009910965
-0.008595710090880374,0.07202989858712919,0.16389098402656213,0.7822133009910965
-0.007254856428196623,0.07150155258666023,0.16256803870730419,0.783694143957902
-0.007254856428196623,0.07150155258666023,0.16256803870730419,0.783694143957902
-0.004323671487836424,0.07174121592834286,0.16252330086525632,0.7836098536955068
-0.004309135814882011,0.07206440915369092,0.1626985907394666,0.7848769730903673
-0.0044060336143129635,0.07137979151673864,0.16278505065768342,0.7847975076301985
-0.0053016067835163746,0.07231706799330469,0.1592178301242132,0.786288280338186
-0.0053016067835163746,0.07231706799330469,0.1592178301242132,0.786288280338186
-0.0053016067835163746,0.07231706799330469,0.1592178301242132,0.786288280338186
-0.0053016067835163746,0.07231706799330469,0.1592178301242132,0.786288280338186
-0.0033735427908861094,0.07267581598061311,0.15960173538432953,0.7855484596660591
-0.0019656702621989167,0.07380139444131277,0.15840771275021454,0.786399255055363
-0.0027387665089183906,0.07079235347364918,0.1596689042702005,0.788522746330413
-0.0027387665089183906,0.07079235347364918,0.1596689042702005,0.788522746330413
-0.0027387665089183906,0.07079235347364918,0.1596689042702005,0.788522746330413
-0.0027387665089183906,0.07079235347364918,0.1596689042702005,0.788522746330413
-0.00029559551537979706,0.06966982738743135,0.16067583474967276,0.7874165849946828
-0.00029559551537979706,0.06966982738743135,0.16067583474967276,0.7874165849946828
-0.00029559551537979706,0.06966982738743135,0.16067583474967276,0.7874165849946828
0.000569897610804533,0.07140359003085837,0.1604293122985047,0.7876191591339474
-0.002775695854485109,0.06919443915678039,0.16149766634328927,0.7888029968747375
-0.002775695854485109,0.06919443915678039,0.16149766634328927,0.7888029968747375
-0.002775695854485109,0.06919443915678039,0.16149766634328927,0.7888029968747375
-0.004240988788340001,0.06949652279797662,0.15971799073306348,0.7895650880072419
-0.004240988788340001,0.06949652279797662,0.15971799073306348,0.7895650880072419
-0.0038686465379842282,0.06882386153819765,0.15839716783226873,0.7893818753797663
-0.0022689627240848843,0.06944321008147666,0.16010707810949754,0.7884960050527541
-0.0010006943090386247,0.06998747521788003,0.1589581545381851,0.7875060467468756
-0.002340081461179447,0.07038567372601195,0.16047548431403671,0.7863917040738577
-0.002340081461179447,0.07038567372601195,0.16047548431403671,0.7863917040738577
-0.002340081461179447,0.07038567372601195,0.16047548431403671,0.7863917040738577
-0.002340081461179447,0.07038567372601195,0.16047548431403671,0.7863917040738577
-0.002340081461179447,0.07038567372601195,0.16047548431403671,0.7863917040738577
-0.00011277365053801022,0.07066392616113341,0.16043236108742667,0.7869660314885244
-0.00011277365053801022,0.07066392616113341,0.16043236108742667,0.7869660314885244
-0.00011277365053801022,0.07066392616113341,0.16043236108742667,0.7869660314885244
0.0011260191024431681,0.071190060506695,0.1610609096605478,0.7864926667431562
0.0011260191024431681,0.071190060506695,0.1610609096605478,0.7864926667431562
0.0011260191024431681,0.071190060506695,0.1610609096605478,0.7864926667431562
0.0022233995181374206,0.07157225071950439,0.16315293589106958,0.784929511398616
0.0022233995181374206,0.07157225071950439,0.16315293589106958,0.784929511398616
0.0013777536854700212,0.07060764772841044,0.16166562795131553,0.7870913645339902
0.0005053928077091467,0.07267560136232319,0.16317820048085546,0.78599010894745
0.0005053928077091467,0.07267560136232319,0.16317820048085546,0.78599010894745
0.003021835722932119,0.0702986648224249,0.16424485430219557,0.784255782473494
0.002750286017903254,0.07120658705181887,0.16342479025086948,0.7856981194732122
0.0036346355575009688,0.07157583674086206,0.16398149211758895,0.784688442481739
0.0036346355575009688,0.07157583674086206,0.16398149211758895,0.784688442481739
0.0009327271496234737,0.07360046502232855,0.16169949465802694,0.7843425115626133
0.0035845023261554445,0.07331086801150079,0.1600271498620906,0.7831793816579576
0.0035845023261554445,0.07331086801150079,0.1600271498620906,0.7831793816579576
0.0024228268050098135,0.0738904758419675,0.16091722000374672,0.7821850230251093
0.0024228268050098135,0.0738904758419675,0.16091722000374672,0.7821850230251093
0.0024228268050098135,0.0738904758419675,0.16091722000374672,0.7821850230251093
0.0024228268050098135,0.0738904758419675,0.16091722000374672,0.7821850230251093
0.004261484875397674,0.07454076951261436,0.16205886271920197,0.7822275406462224
0.004261484875397674,0.07454076951261436,0.16205886271920197,0.7822275406462224
0.0027523498155150056,0.0728756334531658,0.1638528516684773,0.7812460766918304
0.0027523498155150056,0.0728756334531658,0.1638528516684773,0.7812460766918304
0.0012553568197382929,0.07152826849452126,0.16430293838426013,0.7832652531811782
0.0012553568197382929,0.07152826849452126,0.16430293838426013,0.7832652531811782
-0.003976253597806299,0.07030218720504854,0.1646023925008184,0.7831495181231818
-0.003803999875868127,0.06941789798581315,0.16420935888538082,0.7839833876632292
-0.003803999875868127,0.06941789798581315,0.16420935888538082,0.7839833876632292
-0.002972279444396524,0.07038010255255527,0.16586067760240256,0.7840397854779565
-0.002972279444396524,0.07038010255255527,0.16586067760240256,0.7840397854779565
-0.0031907648133097035,0.07153455472572123,0.1656167150629263,0.7808940230170888
0.00021386263601893152,0.07227817179294241,0.16586314936512436,0.7802645575493065
0.00021386263601893152,0.07227817179294241,0.16586314936512436,0.7802645575493065
-0.0019967756936886756,0.0757046353951155,0.16403469959463185,0.7791648871195788
-0.0019967756936886756,0.0757046353951155,0.16403469959463185,0.7791648871195788
-0.0018859545442347998,0.07349557122770027,0.16358189776887802,0.7810986543792798
-0.0018859545442347998,0.07349557122770027,0.16358189776887802,0.7810986543792798
-0.0018055184178797732,0.07280069716837427,0.1656623213013418,0.7804967677762539
-0.0018055184178797732,0.07280069716837427,0.1656623213013418,0.7804967677762539
-0.0018055184178797732,0.07280069716837427,0.1656623213013418,0.7804967677762539
-0.0018055184178797732,0.07280069716837427,0.1656623213013418,0.7804967677762539
-0.0018055184178797732,0.07280069716837427,0.1656623213013418,0.7804967677762539
-0.004277775142557432,0.07492722346999167,0.16340832250670825,0.780570010242893
-0.004277775142557432,0.07492722346999167,0.16340832250670825,0.780570010242893
-0.004277775142557432,0.07492722346999167,0.16340832250670825,0.780570010242893
-0.004277775142557432,0.07492722346999167,0.16340832250670825,0.780570010242893
-0.002023225163621096,0.07338163158269832,0.16508685828631925,0.7805300866885747
0.0006205813936856607,0.07552839423458652,0.16440721713626336,0.7790354441747398
0.0006205813936856607,0.07552839423458652,0.16440721713626336,0.7790354441747398
